<?xml version="1.0" encoding="utf-8"?>
<COLLADA xmlns="http://www.collada.org/2005/11/COLLADASchema" version="1.4.1" xmlns:xsi="http://www.w3.org/2001/XMLSchema-instance">
  <asset>
    <contributor>
      <author>Blender User</author>
      <authoring_tool>Blender 4.2.3 LTS commit date:2024-10-14, commit time:15:20, hash:0e22e4fcea03</authoring_tool>
    </contributor>
    <created>2024-11-11T04:33:48</created>
    <modified>2024-11-11T04:33:48</modified>
    <unit name="meter" meter="1"/>
    <up_axis>Z_UP</up_axis>
  </asset>
  <library_effects>
    <effect id="DefaultMaterial-effect">
      <profile_COMMON>
        <technique sid="common">
          <lambert>
            <emission>
              <color sid="emission">0 0 0 1</color>
            </emission>
            <diffuse>
              <color sid="diffuse">0 0 0 1</color>
            </diffuse>
            <index_of_refraction>
              <float sid="ior">1.5</float>
            </index_of_refraction>
          </lambert>
        </technique>
      </profile_COMMON>
    </effect>
  </library_effects>
  <library_images/>
  <library_materials>
    <material id="DefaultMaterial-material" name="DefaultMaterial">
      <instance_effect url="#DefaultMaterial-effect"/>
    </material>
  </library_materials>
  <library_geometries>
    <geometry id="meshId0_name-mesh" name="meshId0_name">
      <mesh>
        <source id="meshId0_name-mesh-positions">
          <float_array id="meshId0_name-mesh-positions-array" count="12345">0.02452695 0.234875 -0.006691873 0.02154028 0.234838 -0.002199351 0.02339535 0.247372 -0.003546118 0.02425086 0.24582 -0.006050586 0.02452695 0.234875 -0.006691873 0.02425086 0.24582 -0.006050586 0.0279386 0.24661 -0.006019711 0.02682429 0.234932 -0.002425074 0.0279386 0.246609 -0.001072466 0.02425086 0.24582 -0.00104165 0.02154028 0.234838 -0.002199351 0.02339535 0.247372 -0.003546118 0.0290029 0.250556 -0.001050353 0.02861016 0.251498 -0.005010664 0.02819967 0.243889 -0.003546118 0.0279386 0.246609 -0.001072466 0.02682429 0.234932 -0.002425074 0.02861016 0.251498 -0.005010664 0.0279386 0.24661 -0.006019711 0.03499537 0.250675 -0.006047666 0.03359764 0.248041 -0.006037771 0.02861016 0.251498 -0.005010664 0.0290029 0.250556 -0.001050353 0.03499537 0.250675 -0.001043856 0.03464949 0.25231 -0.003545761 0.03464949 0.25231 -0.003545761 0.03359746 0.248041 -0.001054108 0.03499537 0.250675 -0.001043856 0.03499537 0.250675 -0.006047666 0.04223549 0.244898 -0.006042718 0.04147547 0.2413679 -0.006029844 0.03359764 0.248041 -0.006037771 0.03359764 0.248041 -0.006037771 0.03612756 0.245005 -0.00354588 0.03132569 0.246877 -0.003545999 0.03132569 0.246877 -0.003545999 0.03612756 0.245005 -0.00354588 0.03359746 0.248041 -0.001054108 0.04348957 0.245835 -0.003545522 0.04223549 0.244898 -0.006042718 0.03499537 0.250675 -0.006047666 0.04223519 0.244898 -0.001048386 0.04147517 0.2413679 -0.001061499 0.04223519 0.244898 -0.001048386 0.04348957 0.245835 -0.003545522 0.0471763 0.2352319 -0.003545463 0.0457012 0.236135 -0.006047487 0.04570096 0.236135 -0.001043617 0.0471763 0.2352319 -0.003545463 0.04050868 0.2393029 -0.003545761 0.04147547 0.2413679 -0.006029844 0.04215288 0.232203 -0.006035745 0.04091686 0.232702 -0.00354582 0.04570096 0.236135 -0.001043617 0.04050868 0.2393029 -0.003545761 0.04091686 0.232702 -0.00354582 0.04215258 0.232203 -0.001055777 0.04570096 0.236135 -0.001043617 0.04365587 0.229075 -0.001050114 0.0445106 0.228511 -0.004993855 0.0471763 0.2352319 -0.003545463 0.0445106 0.228511 -0.004993855 0.04215288 0.232203 -0.006035745 0.04215288 0.232203 -0.006035745 0.03617215 0.226159 -0.00603944 0.03717815 0.2287189 -0.003546059 0.04091686 0.232702 -0.00354582 0.04365587 0.229075 -0.001050114 0.03713566 0.223484 -0.006043374 0.03617215 0.226159 -0.00603944 0.03713548 0.223484 -0.001048743 0.03853076 0.222499 -0.003545999 0.03853076 0.222499 -0.003545999 0.03617155 0.226158 -0.001052796 0.03713548 0.223484 -0.001048743 0.03717815 0.2287189 -0.003546059 0.0247907 0.220431 -0.006042122 0.02131849 0.223076 -0.0060395 0.0258615 0.224855 -0.003546416 0.03717815 0.2287189 -0.003546059 0.0258615 0.224855 -0.003546416 0.03617155 0.226158 -0.001052796 0.02477008 0.2189339 -0.003546357 0.02477008 0.2189339 -0.003546357 0.02131849 0.223076 -0.0060395 0.02363866 0.223214 -0.001051068 0.02479016 0.220431 -0.001050591 0.01262307 0.226682 -0.006041169 0.01349568 0.227865 -0.003557145 0.01824617 0.225316 -0.003536939 0.02363866 0.223214 -0.001051068 0.02477008 0.2189339 -0.003546357 0.01429307 0.221799 -0.006045281 0.0247907 0.220431 -0.006042122 0.02479016 0.220431 -0.001050591 0.01429325 0.221799 -0.001047074 0.01824617 0.225316 -0.003536939 0.01400059 0.225234 -0.001054942 0.01429325 0.221799 -0.001047074 0.01262307 0.226682 -0.006041169 0.005943775 0.236338 -0.006040513 0.007246613 0.237026 -0.003546297 0.01349568 0.227865 -0.003557145 0.01429307 0.221799 -0.006045281 0.008889377 0.2242929 -0.003546178 0.005961537 0.230585 -0.006042182 0.005962133 0.230584 -0.001050174 0.008889377 0.2242929 -0.003546178 0.01400059 0.225234 -0.001054942 0.01349568 0.227865 -0.003557145 0.007246613 0.237026 -0.003546297 0.005943834 0.236338 -0.001052021 0.005961537 0.230585 -0.006042182 0.005943834 0.236338 -0.001052021 0.005736529 0.24961 -0.006040513 0.007293522 0.2499909 -0.003546297 0.002607643 0.2334949 -0.003546178 0.002607643 0.2334949 -0.003546178 0.002246618 0.239722 -0.006043374 0.002246737 0.239721 -0.001049041 0.007293522 0.2499909 -0.003546297 0.005736708 0.24961 -0.001051962 0.002246618 0.239722 -0.006043374 0.005736708 0.24961 -0.001051962 8.28145e-4 0.241146 -0.003546178 0.002363264 0.253392 -0.003546178 0.004911601 0.257346 -0.006043255 0.002246618 0.239722 -0.006043374 8.28145e-4 0.241146 -0.003546178 0.004911601 0.257346 -0.001049101 0.002363264 0.253392 -0.003546178 0.01254147 0.264589 -0.006042778 0.01420694 0.264528 -0.003546297 0.005736708 0.24961 -0.001051962 0.007293522 0.2499909 -0.003546297 0.01420694 0.264528 -0.003546297 0.01182276 0.263285 -0.001050055 0.004911601 0.257346 -0.006043255 0.01182276 0.263285 -0.001050055 0.02970248 0.290901 -0.006041169 0.03114676 0.290496 -0.003546297 0.02935886 0.290311 -0.001047313 0.008856236 0.266861 -0.003546178 0.02699899 0.292012 -0.006043791 0.02701276 0.292019 -0.001047909 0.008856236 0.266861 -0.003546178 0.04660016 0.319904 -0.006042003 0.04770147 0.318943 -0.003546297 0.02699899 0.292012 -0.006043791 0.03114676 0.290496 -0.003546297 0.02935886 0.290311 -0.001047313 0.04378026 0.320784 -0.006041586 0.04660069 0.319904 -0.001050353 0.04378014 0.320785 -0.00105077 0.03307598 0.30472 -0.003546178 0.04378026 0.320784 -0.006041586 0.03307598 0.30472 -0.003546178 0.04770147 0.318943 -0.003546297 0.04660069 0.319904 -0.001050353 0.05447238 0.345889 -0.006042242 0.05418568 0.338063 -0.003546297 0.04997676 0.339066 -0.006041824 0.04410278 0.325333 -0.003546178 0.05019539 0.346588 -0.003546178 0.04997676 0.339066 -0.006041824 0.04997736 0.339067 -0.001050651 0.05019539 0.346588 -0.003546178 0.04410278 0.325333 -0.003546178 0.05447238 0.345889 -0.001050353 0.05418568 0.338063 -0.003546297 0.05447238 0.345889 -0.001050353 0.03425955 0.409492 -0.003546297 0.03614234 0.406009 -0.00604254 0.00403136 0.431925 -0.006041765 0.003209888 0.434564 -0.003546357 0.05693447 0.355872 -0.003546297 0.0526036 0.356025 -0.006041646 0.05260366 0.356025 -0.00105077 0.05693447 0.355872 -0.003546297 0.0526036 0.356025 -0.006041646 0.05483376 0.369241 -0.006043016 0.05483388 0.369241 -0.001049578 0.0557788 0.370227 -0.003546297 0.05055165 0.36846 -0.003546178 0.05025839 0.375611 -0.006040692 0.0526036 0.356025 -0.006041646 0.05025827 0.375612 -0.001051723 0.05055165 0.36846 -0.003546178 0.05693447 0.355872 -0.003546297 0.0557788 0.370227 -0.003546297 0.05483388 0.369241 -0.001049578 0.05025839 0.375611 -0.006040692 0.0472421 0.389731 -0.006042182 0.0472424 0.389731 -0.001050353 0.04363918 0.398651 -0.003546297 0.05160987 0.383721 -0.003546297 0.04339957 0.387738 -0.003546178 0.03596335 0.40226 -0.006040811 0.05025827 0.375612 -0.001051723 0.03596335 0.40226 -0.001051604 0.04339957 0.387738 -0.003546178 0.05160987 0.383721 -0.003546297 0.04363918 0.398651 -0.003546297 0.0472424 0.389731 -0.001050353 0.03596335 0.40226 -0.006040811 0.03614228 0.406009 -0.001049995 0.03596335 0.40226 -0.001051604 0.03614234 0.406009 -0.00604254 0.03425955 0.409492 -0.003546297 0.03614228 0.406009 -0.001049995 0.003209888 0.434564 -0.003546357 0.004031002 0.431925 -0.001050591 -1.35403e-4 0.431843 -0.006045341 -0.001672446 0.431242 -0.003546237 -0.001981019 0.437316 -0.003546237 -5.01417e-4 0.437304 -0.006054162 -1.35314e-4 0.431843 -0.001047134 -0.001672446 0.431242 -0.003546237 0.00403136 0.431925 -0.006041765 0.001815974 0.435504 -0.006021857 0.003209888 0.434564 -0.003546357 0.001816093 0.435504 -0.001070737 -1.35403e-4 0.431843 -0.006045341 -5.01417e-4 0.437304 -0.006054162 0.001815974 0.435504 -0.006021857 -5.01345e-4 0.437304 -0.001038312 -0.001981019 0.437316 -0.003546237 0.001815974 0.435504 -0.006021857 0.006605923 0.436467 -0.006039977 0.006126403 0.434992 -0.003546357 0.003209888 0.434564 -0.003546357 0.001816093 0.435504 -0.001070737 0.002230405 0.440669 -0.003546178 0.007304489 0.439576 -0.00604844 -5.01417e-4 0.437304 -0.006054162 -5.01345e-4 0.437304 -0.001038312 0.007304489 0.439576 -0.001044094 0.002230405 0.440669 -0.003546178 0.001816093 0.435504 -0.001070737 0.003209888 0.434564 -0.003546357 0.006126403 0.434992 -0.003546357 0.006605863 0.436467 -0.001052677 0.007304489 0.439576 -0.00604844 0.006605923 0.436467 -0.006039977 0.006605863 0.436467 -0.001052677 0.007304489 0.439576 -0.001044094 0.02422356 0.420914 -0.006042003 0.02471065 0.418626 -0.003546357 0.00913012 0.440019 -0.003546237 0.00913012 0.440019 -0.003546237 0.0295304 0.420392 -0.006039381 0.02422356 0.420914 -0.006042003 0.00913012 0.440019 -0.003546237 0.02871477 0.42283 -0.003546237 0.02953004 0.420392 -0.001053154 0.02871477 0.42283 -0.003546237 0.02422249 0.420915 -0.00105071 0.02953004 0.420392 -0.001053154 0.006126403 0.434992 -0.003546357 0.02471065 0.418626 -0.003546357 0.04769957 0.415636 -0.006045103 0.04571139 0.417915 -0.00603789 0.06061166 0.4284 -0.006041884 0.06373268 0.427359 -0.006042361 0.03385567 0.415854 -0.006043255 0.03385567 0.415854 -0.001049399 0.02871477 0.42283 -0.003546237 0.03727668 0.419761 -0.003546237 0.0295304 0.420392 -0.006039381 0.03727668 0.419761 -0.003546237 0.04571145 0.417915 -0.001054584 0.0452283 0.419484 -0.003546237 0.04571139 0.417915 -0.00603789 0.04571145 0.417915 -0.001054584 0.0452283 0.419484 -0.003546237 0.04769974 0.415636 -0.001047492 0.06104838 0.430589 -0.003546237 0.06104838 0.430589 -0.003546237 0.0452283 0.419484 -0.003546237 0.0632494 0.42488 -0.003546357 0.0637328 0.427359 -0.001050353 0.06061166 0.428401 -0.001050829 0.03493285 0.455515 -0.003546357 0.03657966 0.455971 -0.006044805 0.03593695 0.448837 -0.00604403 0.03463089 0.447582 -0.003546357 0.0632494 0.42488 -0.003546357 0.0637328 0.427359 -0.001050353 0.04769974 0.415636 -0.001047492 0.06822937 0.431282 -0.003546357 0.06594645 0.436153 -0.006039679 0.06061166 0.4284 -0.006041884 0.06594657 0.436153 -0.001052856 0.06822937 0.431282 -0.003546357 0.06594645 0.436153 -0.006039679 0.06960785 0.438268 -0.006046772 0.06960797 0.438268 -0.001045882 0.07088536 0.438901 -0.003546357 0.07088536 0.438901 -0.003546357 0.06960797 0.438268 -0.001045882 0.06538879 0.440902 -0.003546237 0.06540757 0.448484 -0.006036937 0.06594645 0.436153 -0.006039679 0.06589567 0.446642 -0.001052379 0.06538879 0.440902 -0.003546237 0.06993579 0.447712 -0.003546357 0.07088536 0.438901 -0.003546357 0.06993579 0.447712 -0.003546357 0.06960797 0.438268 -0.001045882 0.06737738 0.450368 -0.006042599 0.06737726 0.450368 -0.001050055 0.06211006 0.450941 -0.003546297 0.06211006 0.450941 -0.003546297 0.05783826 0.457604 -0.001054406 0.06737726 0.450368 -0.001050055 0.06540757 0.448484 -0.006036937 0.05817836 0.460863 -0.006046235 0.05817848 0.460863 -0.001046419 0.05638808 0.458214 -0.006040811 0.05817836 0.460863 -0.006046235 0.05661195 0.462743 -0.003546357 0.0646544 0.457073 -0.003546357 0.05817848 0.460863 -0.001046419 0.05574125 0.456777 -0.003546237 0.04674315 0.459297 -0.003546237 0.05783826 0.457604 -0.001054406 0.04674315 0.459297 -0.003546237 0.05574125 0.456777 -0.003546237 0.05817836 0.460863 -0.006046235 0.04748868 0.464969 -0.003546357 0.05661195 0.462743 -0.003546357 0.04574948 0.460618 -0.006035864 0.0457496 0.460618 -0.001056671 0.04748868 0.464969 -0.003546357 0.04574948 0.460618 -0.006035864 0.0447936 0.463292 -0.006046712 0.04479336 0.463292 -0.001045942 0.0457496 0.460618 -0.001056671 0.0447936 0.463292 -0.006046712 0.0411061 0.462774 -0.003546357 0.04674315 0.459297 -0.003546237 0.04052138 0.453904 -0.003546237 0.04052138 0.453904 -0.003546237 0.0411061 0.462774 -0.003546357 0.03657948 0.455971 -0.001047849 0.03914618 0.454326 -0.006040751 0.03914618 0.454326 -0.001051783 0.03493285 0.455515 -0.003546357 0.03657966 0.455971 -0.006044805 0.03912186 0.448129 -0.006031572 0.03593695 0.448837 -0.00604403 0.04010385 0.45047 -0.003546237 0.03912174 0.448129 -0.001060962 0.04010385 0.45047 -0.003546237 0.03593689 0.448837 -0.001048624 0.03912174 0.448129 -0.001060962 0.03914618 0.454326 -0.001051783 0.03463089 0.447582 -0.003546357 0.04397815 0.471415 -0.006040096 0.04602324 0.471967 -0.003546237 0.0504291 0.471187 -0.003546237 0.05254018 0.469808 -0.006034314 0.04317104 0.446248 -0.003546237 0.03912174 0.448129 -0.001060962 0.04317104 0.446248 -0.003546237 0.04010385 0.45047 -0.003546237 0.03593695 0.448837 -0.00604403 0.04182296 0.441748 -0.006042778 0.03463089 0.447582 -0.003546357 0.04182296 0.441748 -0.001049935 0.05146008 0.439867 -0.006041109 0.04182296 0.441748 -0.006042778 0.05146008 0.439866 -0.001051545 0.05012017 0.43588 -0.003546357 0.04209035 0.439947 -0.003546357 0.04209035 0.439947 -0.003546357 0.05012017 0.43588 -0.003546357 0.05059987 0.4373 -0.006042003 0.05059987 0.437299 -0.00105071 0.05029678 0.491167 -0.003546237 0.04123675 0.485884 -0.003546237 0.04961138 0.492557 -0.006041824 0.04961138 0.492557 -0.00105071 0.04123675 0.485884 -0.003546237 0.05029678 0.491167 -0.003546237 0.04835587 0.495105 -0.006041884 0.03742569 0.48847 -0.006046235 0.04771059 0.496413 -0.003546237 0.04771059 0.496413 -0.003546237 0.03742569 0.48847 -0.001046299 0.04835587 0.495105 -0.001050651 0.03924834 0.486086 -0.00603193 0.03742569 0.48847 -0.006046235 0.03924834 0.486086 -0.001060605 0.04961138 0.492557 -0.00105071 0.03530216 0.478116 -0.006045639 0.03530216 0.478116 -0.001046895 0.03948277 0.479111 -0.003546237 0.03838539 0.478656 -0.006041169 0.03924834 0.486086 -0.001060605 0.03838527 0.478656 -0.001051366 0.03948277 0.479111 -0.003546237 0.03530216 0.478116 -0.006045639 0.03486257 0.475832 -0.003546237 0.03380227 0.483563 -0.003546237 0.03380227 0.483563 -0.003546237 0.03486257 0.475832 -0.003546237 0.04397815 0.471415 -0.006040096 0.04397815 0.471415 -0.001052439 0.03838527 0.478656 -0.001051366 0.04332786 0.46814 -0.006047427 0.04332774 0.46814 -0.001045107 0.04332786 0.46814 -0.006047427 0.04289448 0.466817 -0.003546237 0.04289448 0.466817 -0.003546237 0.05254018 0.469808 -0.006034314 0.04397815 0.471415 -0.001052439 0.05254018 0.469808 -0.00105822 0.0504291 0.471187 -0.003546237 0.04602324 0.471967 -0.003546237 0.05188965 0.467071 -0.00604254 0.05161756 0.465542 -0.003546297 0.05254018 0.469808 -0.00105822 0.04289448 0.466817 -0.003546237 0.05161756 0.465542 -0.003546297 0.05188959 0.467071 -0.001049995 0.04332774 0.46814 -0.001045107 0.05161756 0.465542 -0.003546297 0.05188965 0.467071 -0.00604254 0.06040567 0.470901 -0.00604254 0.05911678 0.468468 -0.003546237 0.05911678 0.468468 -0.003546237 0.06040567 0.470901 -0.001049995 0.05984199 0.475721 -0.003546237 0.05254018 0.469808 -0.00105822 0.05984199 0.475721 -0.003546237 0.0504291 0.471187 -0.003546237 0.06492376 0.47943 -0.006036877 0.06414055 0.482186 -0.003546237 0.06395369 0.49229 -0.003546237 0.065342 0.493096 -0.006040394 0.06650888 0.474561 -0.003546237 0.06492376 0.47943 -0.006036877 0.05254018 0.469808 -0.00105822 0.06492376 0.47943 -0.001055657 0.05984199 0.475721 -0.003546237 0.06650888 0.474561 -0.003546237 0.06492376 0.47943 -0.006036877 0.06823569 0.479799 -0.006045758 0.06040567 0.470901 -0.001049995 0.06823569 0.479799 -0.001046776 0.06492376 0.47943 -0.001055657 0.06975346 0.48084 -0.003546237 0.06975346 0.48084 -0.003546237 0.06823569 0.479799 -0.001046776 0.065342 0.493096 -0.006040394 0.065342 0.493096 -0.001052081 0.06395369 0.49229 -0.003546237 0.06414055 0.482186 -0.003546237 0.05307888 0.512911 -0.003546297 0.05120974 0.512073 -0.006042897 0.04120957 0.513804 -0.006042063 0.04191035 0.515242 -0.003546297 0.06811708 0.493555 -0.006042778 0.06811696 0.493555 -0.001049757 0.06258267 0.503947 -0.006043136 0.06960499 0.494131 -0.003546237 0.0606991 0.499133 -0.003546237 0.0606991 0.499133 -0.003546237 0.06960499 0.494131 -0.003546237 0.06258308 0.503947 -0.001049339 0.06811696 0.493555 -0.001049757 0.06044524 0.501794 -0.006041228 0.06258308 0.503947 -0.001049339 0.06044536 0.501793 -0.001051187 0.06258267 0.503947 -0.006043136 0.05307888 0.512911 -0.003546297 0.06370449 0.504663 -0.003546297 0.05260646 0.506693 -0.003546237 0.05031704 0.509449 -0.006039977 0.06044524 0.501794 -0.006041228 0.06044536 0.501793 -0.001051187 0.05031728 0.509449 -0.001052558 0.05260646 0.506693 -0.003546237 0.05031704 0.509449 -0.006039977 0.05120974 0.512073 -0.006042897 0.05120944 0.512073 -0.001049697 0.05031728 0.509449 -0.001052558 0.04159414 0.50958 -0.003546297 0.05031728 0.509449 -0.001052558 0.04159414 0.50958 -0.003546297 0.05260646 0.506693 -0.003546237 0.04191035 0.515242 -0.003546297 0.04120969 0.513804 -0.001050472 0.05120944 0.512073 -0.001049697 0.02926886 0.512251 -0.006042957 0.02907216 0.513726 -0.003546237 0.03964757 0.510874 -0.006041765 0.04120957 0.513804 -0.006042063 0.04120969 0.513804 -0.001050472 0.03964757 0.510874 -0.00105077 0.02907216 0.513726 -0.003546237 0.02926886 0.512251 -0.001049578 0.03964757 0.510874 -0.006041765 0.03070527 0.508061 -0.003546297 0.02986758 0.509351 -0.006040692 0.02986758 0.509351 -0.006040692 0.02926886 0.512251 -0.006042957 0.03964757 0.510874 -0.00105077 0.02986747 0.509351 -0.001051783 0.03070527 0.508061 -0.003546297 0.01219308 0.497194 -0.006040275 0.01984179 0.506915 -0.003546237 0.02926886 0.512251 -0.001049578 0.02986747 0.509351 -0.001051783 0.02907216 0.513726 -0.003546237 0.01984179 0.506915 -0.003546237 0.01219296 0.497194 -0.0010522 0.03070527 0.508061 -0.003546297 0.02313208 0.502064 -0.003546237 0.02313208 0.502064 -0.003546237 0.01133435 0.497803 -0.003546237 0.01219308 0.497194 -0.006040275 0.01458829 0.49535 -0.006059527 0.01491516 0.497562 -0.00354731 0.01458829 0.49535 -0.006059527 0.01219308 0.497194 -0.006040275 0.01459008 0.495351 -0.001033604 0.01569128 0.494025 -0.003546237 0.01459008 0.495351 -0.001033604 0.01569128 0.494025 -0.003546237 0.01458829 0.49535 -0.006059527 0.01569128 0.494025 -0.003546237 0.01150119 0.493516 -0.001723825 0.01172268 0.494997 -0.006096541 0.01133435 0.497803 -0.003546237 0.01491516 0.497562 -0.00354731 0.01459008 0.495351 -0.001033604 0.01219296 0.497194 -0.0010522 0.02314317 0.516534 -0.003544151 0.03558248 0.530226 -0.003544151 0.03717595 0.529913 -0.006040394 0.0241456 0.515522 -0.00604093 0.01458829 0.49535 -0.006059527 0.01585978 0.493717 -0.003548324 0.01491516 0.497562 -0.00354731 0.01150119 0.493516 -0.001723825 0.01259386 0.496608 -0.001050174 0.01105588 0.497452 -0.003544151 0.01585978 0.493717 -0.003548324 0.01172268 0.494997 -0.006096541 0.01900136 0.500779 -0.006042897 0.01458829 0.49535 -0.006059527 0.01459008 0.495351 -0.001033604 0.0190041 0.500776 -0.001051664 0.0241456 0.515522 -0.00604093 0.02414876 0.51552 -0.001049458 0.02683448 0.514277 -0.006042778 0.027776 0.51316 -0.003548324 0.0153712 0.503132 -0.003544151 0.02314317 0.516534 -0.003544151 0.0153712 0.503132 -0.003544151 0.027776 0.51316 -0.003548324 0.02683758 0.514275 -0.001051783 0.0190041 0.500776 -0.001051664 0.03717929 0.529912 -0.001049995 0.03558248 0.530226 -0.003544151 0.04056578 0.529592 -0.006043672 0.0422284 0.529415 -0.003548383 0.0422284 0.529415 -0.003548383 0.04056847 0.529589 -0.001050889 0.03717595 0.529913 -0.006040394 0.02683758 0.514275 -0.001051783 0.04056847 0.529589 -0.001050889 0.04074436 0.540705 -0.003544151 0.04176825 0.53907 -0.006040215 0.04177188 0.53907 -0.001050055 0.04074436 0.540705 -0.003544151 0.04479497 0.539575 -0.006043434 0.04626959 0.539783 -0.003548324 0.04626959 0.539783 -0.003548324 0.04479855 0.539574 -0.001051127 0.04176825 0.53907 -0.006040215 0.04479855 0.539574 -0.001051127 0.04323977 0.553362 -0.006045281 0.04445946 0.554269 -0.003548324 0.04084604 0.551343 -0.006038904 0.04084956 0.551344 -0.001051485 0.04479855 0.539574 -0.001051127 0.04626959 0.539783 -0.003548324 0.04445946 0.554269 -0.003548324 0.04324305 0.553364 -0.00104928 0.04324305 0.553364 -0.00104928 0.03676998 0.561889 -0.006043195 0.03497266 0.5654 -0.003548383 0.03365898 0.560988 -0.006039619 0.03366166 0.56099 -0.00105077 0.03497266 0.5654 -0.003548383 0.03677237 0.561892 -0.001051545 0.03677237 0.561892 -0.001051545 0.012079 0.561221 -0.003544151 0.006590723 0.553569 -0.003544151 0.005141258 0.553688 -0.006034016 0.01046496 0.561753 -0.006039857 0.03676998 0.561889 -0.006043195 0.02925956 0.566666 -0.006043493 0.03497266 0.5654 -0.003548383 0.03386127 0.558675 -0.003544151 0.02763897 0.562628 -0.003544151 0.03365898 0.560988 -0.006039619 0.02763897 0.562628 -0.003544151 0.03386127 0.558675 -0.003544151 0.02926105 0.566669 -0.001051127 0.02030915 0.56588 -0.006036162 0.02925956 0.566666 -0.006043493 0.02926105 0.566669 -0.001051127 0.02030897 0.565884 -0.001054286 0.0174877 0.568433 -0.006046354 0.02482348 0.569371 -0.003548324 0.0194624 0.564116 -0.003544151 0.02030915 0.56588 -0.006036162 0.02030897 0.565884 -0.001054286 0.0194624 0.564116 -0.003544151 0.02763897 0.562628 -0.003544151 0.02482348 0.569371 -0.003548324 0.01748734 0.568437 -0.001048207 0.01760905 0.569671 -0.003548324 0.01760905 0.569671 -0.003548324 0.0194624 0.564116 -0.003544151 0.012079 0.561221 -0.003544151 0.01046335 0.561757 -0.001050531 0.006932973 0.562373 -0.006043493 0.01014548 0.566732 -0.003548324 0.01014548 0.566732 -0.003548324 0.006930291 0.562375 -0.001051008 0.01748734 0.568437 -0.001048207 0.004695475 0.56194 -0.003548383 0.004695475 0.56194 -0.003548383 0.005137324 0.553688 -0.001056313 0.006590723 0.553569 -0.003544151 0.002022385 0.552724 -0.006055355 9.0776e-4 0.55413 -0.003548383 9.0776e-4 0.55413 -0.003548383 0.002018511 0.552724 -0.001039326 0.002022385 0.552724 -0.006055355 0.006932973 0.562373 -0.006043493 0.005137324 0.553688 -0.001056313 0.008897185 0.547934 -0.003544151 0.00773406 0.547022 -0.006040215 0.005137324 0.553688 -0.001056313 0.007731199 0.54702 -0.001050174 0.008897185 0.547934 -0.003544151 0.006590723 0.553569 -0.003544151 0.01375108 0.544313 -0.003544151 0.01282209 0.543162 -0.006039142 0.007731199 0.54702 -0.001050174 0.002022385 0.552724 -0.006055355 0.008231222 0.5422 -0.006046593 0.00295341 0.546403 -0.003548324 0.00295341 0.546403 -0.003548324 0.008229017 0.542197 -0.001047849 0.007431566 0.541314 -0.003548324 0.007431566 0.541314 -0.003548324 0.01282089 0.543159 -0.001051187 0.01375108 0.544313 -0.003544151 0.01390224 0.538487 -0.003548383 0.01528155 0.540048 -0.006043553 0.02264869 0.542222 -0.006043136 0.02294856 0.540739 -0.003548383 0.01390224 0.538487 -0.003548383 0.007431566 0.541314 -0.003548324 0.01390224 0.538487 -0.003548383 0.008229017 0.542197 -0.001047849 0.008231222 0.5422 -0.006046593 0.01528215 0.540044 -0.001051068 0.01282089 0.543159 -0.001051187 0.01914805 0.543776 -0.006040155 0.01914888 0.543773 -0.001050233 0.02294856 0.540739 -0.003548383 0.02265077 0.542219 -0.001051425 0.01528215 0.540044 -0.001051068 0.01375108 0.544313 -0.003544151 0.02071279 0.546109 -0.003544151 0.01914805 0.543776 -0.006040155 0.01914888 0.543773 -0.001050233 0.02071279 0.546109 -0.003544151 0.02931398 0.546698 -0.006042778 0.03016656 0.545532 -0.003548383 0.02763986 0.548989 -0.006040751 0.02265077 0.542219 -0.001051425 0.02764207 0.548986 -0.001049697 0.03016656 0.545532 -0.003548383 0.02931606 0.546695 -0.001051723 0.02676469 0.550187 -0.003544092 0.02763986 0.548989 -0.006040751 0.02676469 0.550187 -0.003544092 0.02071279 0.546109 -0.003544151 -0.02682405 0.234932 -0.004667401 -0.02452677 0.234875 -4.00656e-4 -0.02793836 0.24661 -0.001072764 -0.02819955 0.243889 -0.003546357 -0.02452677 0.234875 -4.00656e-4 -0.0215401 0.234838 -0.004893124 -0.02339529 0.247372 -0.003546416 -0.0242508 0.24582 -0.001041948 -0.0242508 0.24582 -0.001041948 -0.02682405 0.234932 -0.004667401 -0.02793848 0.24661 -0.006020069 -0.0242508 0.24582 -0.006050884 -0.0215401 0.234838 -0.004893124 -0.02339529 0.247372 -0.003546416 -0.0242508 0.24582 -0.006050884 -0.02900278 0.250556 -0.006042182 -0.02861005 0.251498 -0.002081871 -0.02819955 0.243889 -0.003546357 -0.02793848 0.24661 -0.006020069 -0.02682405 0.234932 -0.004667401 -0.02793836 0.24661 -0.001072764 -0.03499525 0.250675 -0.001044809 -0.03359758 0.248041 -0.001054763 -0.02900278 0.250556 -0.006042182 -0.02861005 0.251498 -0.002081871 -0.02900278 0.250556 -0.006042182 -0.03499519 0.250675 -0.006048679 -0.03464925 0.25231 -0.003546774 -0.03464925 0.25231 -0.003546774 -0.03359729 0.248041 -0.006038427 -0.03499519 0.250675 -0.006048679 -0.03499525 0.250675 -0.001044809 -0.04223549 0.244898 -0.001049757 -0.04147535 0.2413679 -0.001062631 -0.03359758 0.248041 -0.001054763 -0.03359758 0.248041 -0.001054763 -0.03612756 0.245005 -0.003546655 -0.03132557 0.246877 -0.003546476 -0.03132557 0.246877 -0.003546476 -0.03612756 0.245005 -0.003546655 -0.03464925 0.25231 -0.003546774 -0.04348945 0.245835 -0.003547012 -0.04223519 0.244897 -0.006044089 -0.04348945 0.245835 -0.003547012 -0.04147505 0.2413679 -0.006031036 -0.04223519 0.244897 -0.006044089 -0.04717618 0.2352319 -0.003547012 -0.04570108 0.236135 -0.001045048 -0.04570084 0.236135 -0.006048858 -0.04717618 0.2352319 -0.003547012 -0.04050844 0.2393029 -0.003546714 -0.04147535 0.2413679 -0.001062631 -0.04215276 0.232203 -0.00105673 -0.04091686 0.232702 -0.003546655 -0.04570084 0.236135 -0.006048858 -0.04050844 0.2393029 -0.003546714 -0.04091686 0.232702 -0.003546655 -0.04215246 0.232203 -0.006036758 -0.04570084 0.236135 -0.006048858 -0.04365575 0.229075 -0.00604242 -0.04451048 0.228511 -0.002098619 -0.04717618 0.2352319 -0.003547012 -0.04451048 0.228511 -0.002098619 -0.04215276 0.232203 -0.00105673 -0.04215276 0.232203 -0.00105673 -0.03617167 0.226158 -0.001053035 -0.03717809 0.2287189 -0.003546476 -0.04091686 0.232702 -0.003546655 -0.04365575 0.229075 -0.00604242 -0.0371356 0.223484 -0.001049101 -0.03617167 0.226158 -0.001053035 -0.0371356 0.223484 -0.006043732 -0.03853058 0.222499 -0.003546535 -0.03853058 0.222499 -0.003546535 -0.03617179 0.226158 -0.006039679 -0.0371356 0.223484 -0.006043732 -0.04215246 0.232203 -0.006036758 -0.03617179 0.226158 -0.006039679 -0.02479016 0.220431 -0.001050353 -0.02131837 0.223076 -0.001053035 -0.02586138 0.224855 -0.003546059 -0.03717809 0.2287189 -0.003546476 -0.02586138 0.224855 -0.003546059 -0.03617179 0.226158 -0.006039679 -0.03853058 0.222499 -0.003546535 -0.02477037 0.2189339 -0.003546178 -0.0371356 0.223484 -0.001049101 -0.02477037 0.2189339 -0.003546178 -0.02131837 0.223076 -0.001053035 -0.02131879 0.223076 -0.006039381 -0.02478998 0.220431 -0.006041944 -0.02131837 0.223076 -0.001053035 -0.01262259 0.226682 -0.001051306 -0.01343339 0.227937 -0.003546237 -0.01815766 0.225332 -0.003546237 -0.02131879 0.223076 -0.006039381 -0.01815766 0.225332 -0.003546237 -0.01429277 0.221799 -0.001047194 -0.02479016 0.220431 -0.001050353 -0.02478998 0.220431 -0.006041944 -0.01429325 0.221799 -0.00604546 -0.01262277 0.2266809 -0.006041109 -0.01429277 0.221799 -0.001047194 -0.01262259 0.226682 -0.001051306 -0.01262277 0.2266809 -0.006041109 -0.01429325 0.221799 -0.00604546 -0.005943596 0.236338 -0.001052021 -0.007246494 0.237026 -0.003546237 -0.01343339 0.227937 -0.003546237 -0.008889436 0.2242929 -0.003546357 -0.005962073 0.230585 -0.001050651 -0.005963206 0.230584 -0.006042122 -0.008889436 0.2242929 -0.003546357 -0.007246494 0.237026 -0.003546237 -0.005943775 0.236338 -0.006040513 -0.005962073 0.230585 -0.001050651 -0.005943775 0.236338 -0.006040513 -0.00573647 0.24961 -0.001051962 -0.007293403 0.2499909 -0.003546237 -0.002607464 0.2334949 -0.003546357 -0.002607464 0.2334949 -0.003546357 -0.002246499 0.239722 -0.00104916 -0.002246618 0.239722 -0.006043493 -0.005943775 0.236338 -0.006040513 -0.007246494 0.237026 -0.003546237 -0.007293403 0.2499909 -0.003546237 -0.005736589 0.24961 -0.006040513 -0.002246499 0.239722 -0.00104916 -0.005736589 0.24961 -0.006040513 -8.28046e-4 0.241146 -0.003546357 -0.002363145 0.253392 -0.003546357 -0.005047023 0.257823 -0.00104922 -0.002246499 0.239722 -0.00104916 -8.28046e-4 0.241146 -0.003546357 -0.005047202 0.257823 -0.006043374 -0.002363145 0.253392 -0.003546357 -0.0125432 0.264587 -0.001050651 -0.01453906 0.264863 -0.003546237 -0.01453906 0.264863 -0.003546237 -0.01182198 0.263284 -0.006042003 -0.005047023 0.257823 -0.00104922 -0.01182198 0.263284 -0.006042003 -0.03146648 0.301931 -0.003546357 -0.04410219 0.325333 -0.003546357 -0.04837906 0.331961 -0.001051247 -0.03594535 0.306764 -0.001050889 -0.02935868 0.290335 -0.006043851 -0.02969819 0.290899 -0.001048862 -0.03594857 0.30677 -0.006042122 -0.03146648 0.301931 -0.003546357 -0.03594535 0.306764 -0.001050889 -0.0466001 0.319904 -0.001050412 -0.04660028 0.319904 -0.006042063 -0.0483793 0.331962 -0.006041347 -0.04410219 0.325333 -0.003546357 -0.04733055 0.318068 -0.003546237 -0.05447214 0.345889 -0.001050293 -0.05418574 0.338064 -0.003546237 -0.04733055 0.318068 -0.003546237 -0.05418574 0.338064 -0.003546237 -0.05447226 0.345889 -0.006042182 -0.04660028 0.319904 -0.006042063 -0.05019527 0.346588 -0.003546297 -0.05019527 0.346588 -0.003546297 -0.03425937 0.409493 -0.003546178 -0.03614228 0.406009 -0.001049935 -0.004030823 0.431925 -0.001050591 -0.003209769 0.434564 -0.003546178 -0.05693435 0.355872 -0.003546178 -0.05260336 0.356025 -0.001050829 -0.05260348 0.356025 -0.006041705 -0.05693435 0.355872 -0.003546178 -0.05260336 0.356025 -0.001050829 -0.05483365 0.369241 -0.001049518 -0.05447226 0.345889 -0.006042182 -0.05483376 0.369241 -0.006042957 -0.05577868 0.370228 -0.003546178 -0.05055159 0.36846 -0.003546297 -0.05025815 0.375611 -0.001051783 -0.05260336 0.356025 -0.001050829 -0.05025827 0.375612 -0.006040751 -0.05055159 0.36846 -0.003546297 -0.05693435 0.355872 -0.003546178 -0.05577868 0.370228 -0.003546178 -0.05483376 0.369241 -0.006042957 -0.05025815 0.375611 -0.001051783 -0.04724174 0.389732 -0.001050531 -0.04724198 0.389732 -0.006041944 -0.04363918 0.398651 -0.003546178 -0.05161029 0.383721 -0.003546178 -0.04339969 0.387738 -0.003546297 -0.03596329 0.40226 -0.001051664 -0.03596335 0.40226 -0.00604093 -0.04339969 0.387738 -0.003546297 -0.05161029 0.383721 -0.003546178 -0.04363918 0.398651 -0.003546178 -0.04724198 0.389732 -0.006041944 -0.03596329 0.40226 -0.001051664 -0.03614246 0.406009 -0.00604248 -0.03425937 0.409493 -0.003546178 -0.03614246 0.406009 -0.00604248 -0.003209769 0.434564 -0.003546178 -0.004031002 0.431925 -0.006041884 1.35475e-4 0.431843 -0.001047194 0.001672506 0.431242 -0.003546297 0.001981139 0.437316 -0.003546297 5.01517e-4 0.437304 -0.001038372 1.35427e-4 0.431843 -0.006045341 0.001672506 0.431242 -0.003546297 -0.001815915 0.435504 -0.001070678 -0.001815974 0.435504 -0.006021738 1.35475e-4 0.431843 -0.001047194 5.01517e-4 0.437304 -0.001038372 5.01455e-4 0.437304 -0.006054162 0.001981139 0.437316 -0.003546297 -0.001815915 0.435504 -0.001070678 -0.006605803 0.436467 -0.001052558 -0.006126284 0.434992 -0.003546178 -0.003209769 0.434564 -0.003546178 -0.001815974 0.435504 -0.006021738 -0.002230286 0.440669 -0.003546297 -0.00730443 0.439576 -0.001044094 5.01517e-4 0.437304 -0.001038372 5.01455e-4 0.437304 -0.006054162 -0.00730437 0.439576 -0.00604844 -0.002230286 0.440669 -0.003546297 -0.001815974 0.435504 -0.006021738 -0.003209769 0.434564 -0.003546178 -0.006126284 0.434992 -0.003546178 -0.006605744 0.436467 -0.006039857 -0.00730443 0.439576 -0.001044094 -0.006605803 0.436467 -0.001052558 -0.006605744 0.436467 -0.006039857 -0.00730437 0.439576 -0.00604844 -0.02422285 0.420915 -0.001050531 -0.02471059 0.418626 -0.003546178 -0.009130001 0.440019 -0.003546297 -0.009130001 0.440019 -0.003546297 -0.02953028 0.420392 -0.001053154 -0.02422285 0.420915 -0.001050531 -0.009130001 0.440019 -0.003546297 -0.02871465 0.42283 -0.003546237 -0.02952998 0.420392 -0.006039321 -0.02871465 0.42283 -0.003546237 -0.02422267 0.420914 -0.006041944 -0.02952998 0.420392 -0.006039321 -0.006126284 0.434992 -0.003546178 -0.02471059 0.418626 -0.003546178 -0.04769957 0.415636 -0.001047372 -0.04571127 0.417915 -0.001054584 -0.06061136 0.4284 -0.001050829 -0.0637325 0.427359 -0.001050233 -0.03385555 0.415854 -0.00104928 -0.03385555 0.415854 -0.006043136 -0.02871465 0.42283 -0.003546237 -0.03727644 0.419761 -0.003546237 -0.02953028 0.420392 -0.001053154 -0.03727644 0.419761 -0.003546237 -0.04571127 0.417915 -0.00603789 -0.04522818 0.419484 -0.003546297 -0.04571127 0.417915 -0.001054584 -0.04571127 0.417915 -0.00603789 -0.04522818 0.419484 -0.003546297 -0.04769968 0.415636 -0.006044983 -0.06104838 0.43059 -0.003546297 -0.06104838 0.43059 -0.003546297 -0.06324911 0.42488 -0.003546118 -0.06373286 0.427359 -0.006042182 -0.0606119 0.428401 -0.006041705 -0.05711627 0.457694 -0.001051247 -0.05574125 0.456777 -0.003546237 -0.04674309 0.459297 -0.003546237 -0.0461362 0.460835 -0.001059651 -0.06324911 0.42488 -0.003546118 -0.06373286 0.427359 -0.006042182 -0.04769968 0.415636 -0.006044983 -0.06822937 0.431282 -0.003546178 -0.0659464 0.436153 -0.001052796 -0.06061136 0.4284 -0.001050829 -0.06594645 0.436153 -0.006039619 -0.06104838 0.43059 -0.003546297 -0.06822937 0.431282 -0.003546178 -0.0659464 0.436153 -0.001052796 -0.06960779 0.438268 -0.001045703 -0.06960785 0.438268 -0.006046593 -0.0708853 0.438901 -0.003546118 -0.0708853 0.438901 -0.003546118 -0.06960785 0.438268 -0.006046593 -0.06538867 0.440902 -0.003546237 -0.06540745 0.448484 -0.001055598 -0.0659464 0.436153 -0.001052796 -0.06589555 0.446642 -0.006040155 -0.06538867 0.440902 -0.003546237 -0.06993556 0.447712 -0.003546118 -0.0708853 0.438901 -0.003546118 -0.06993556 0.447712 -0.003546118 -0.06960785 0.438268 -0.006046593 -0.06737726 0.450368 -0.001049876 -0.06737726 0.450368 -0.00604242 -0.06538867 0.440902 -0.003546237 -0.06210964 0.450941 -0.003546237 -0.06540745 0.448484 -0.001055598 -0.06210964 0.450941 -0.003546237 -0.05862098 0.456884 -0.006039381 -0.06737726 0.450368 -0.00604242 -0.06540745 0.448484 -0.001055598 -0.0581783 0.460863 -0.00104624 -0.05817836 0.460863 -0.006046056 -0.0581783 0.460863 -0.00104624 -0.05661165 0.462743 -0.003546118 -0.06465429 0.457073 -0.003546178 -0.05817836 0.460863 -0.006046056 -0.05711627 0.457694 -0.001051247 -0.0461362 0.460835 -0.001059651 -0.0461362 0.460836 -0.006032764 -0.04674309 0.459297 -0.003546237 -0.05574125 0.456777 -0.003546237 -0.03493285 0.455515 -0.003546118 -0.03657948 0.455971 -0.00104767 -0.03593689 0.448837 -0.001048445 -0.03463077 0.447583 -0.003546178 -0.0581783 0.460863 -0.00104624 -0.04748857 0.464969 -0.003546178 -0.05661165 0.462743 -0.003546118 -0.04748857 0.464969 -0.003546178 -0.04479348 0.463292 -0.001045823 -0.04479324 0.463292 -0.006046533 -0.04479348 0.463292 -0.001045823 -0.04110598 0.462774 -0.003546178 -0.04674309 0.459297 -0.003546237 -0.04052126 0.453904 -0.003546237 -0.0461362 0.460836 -0.006032764 -0.04052126 0.453904 -0.003546237 -0.04674309 0.459297 -0.003546237 -0.04110598 0.462774 -0.003546178 -0.03657937 0.455971 -0.006044626 -0.03914618 0.454326 -0.001051723 -0.03914606 0.454326 -0.006040692 -0.03657937 0.455971 -0.006044626 -0.03657948 0.455971 -0.00104767 -0.03912174 0.448129 -0.001060903 -0.03593689 0.448837 -0.001048445 -0.04010379 0.45047 -0.003546237 -0.03912156 0.448129 -0.006031572 -0.04010379 0.45047 -0.003546237 -0.03593665 0.448837 -0.006043851 -0.03912156 0.448129 -0.006031572 -0.03914606 0.454326 -0.006040692 -0.03493285 0.455515 -0.003546118 -0.03463077 0.447583 -0.003546178 -0.04397809 0.471415 -0.001052439 -0.04602319 0.471967 -0.003546237 -0.05042898 0.471187 -0.003546237 -0.05254006 0.469808 -0.001058161 -0.04317104 0.446248 -0.003546237 -0.03912156 0.448129 -0.006031572 -0.04317104 0.446248 -0.003546237 -0.04010379 0.45047 -0.003546237 -0.03593689 0.448837 -0.001048445 -0.04182285 0.441748 -0.001049757 -0.03463077 0.447583 -0.003546178 -0.04182285 0.441748 -0.006042599 -0.05146008 0.439867 -0.001051425 -0.04182285 0.441748 -0.001049757 -0.05145996 0.439866 -0.00604099 -0.05012005 0.43588 -0.003546118 -0.04209029 0.439947 -0.003546178 -0.04209029 0.439947 -0.003546178 -0.05012005 0.43588 -0.003546118 -0.05059975 0.4373 -0.001050472 -0.05059975 0.4373 -0.006041824 -0.05029666 0.491167 -0.003546237 -0.04123669 0.485884 -0.003546237 -0.04961127 0.492557 -0.001050651 -0.04961127 0.492557 -0.006041765 -0.04123669 0.485884 -0.003546237 -0.05029666 0.491167 -0.003546237 -0.04835575 0.495105 -0.001050531 -0.03742557 0.48847 -0.00104624 -0.04771047 0.496413 -0.003546237 -0.03785127 0.49056 -0.003546237 -0.03741055 0.488437 -0.006046891 -0.04833775 0.495141 -0.006041884 -0.03924828 0.486086 -0.001060605 -0.03742557 0.48847 -0.00104624 -0.03741055 0.488437 -0.006046891 -0.03924828 0.486086 -0.00603187 -0.04961127 0.492557 -0.006041765 -0.0353021 0.478116 -0.001046895 -0.0353021 0.478116 -0.006045579 -0.03948265 0.479111 -0.003546237 -0.03838515 0.478656 -0.001051366 -0.03924828 0.486086 -0.00603187 -0.03838515 0.478656 -0.006041109 -0.03948265 0.479111 -0.003546237 -0.0353021 0.478116 -0.001046895 -0.03486239 0.475832 -0.003546237 -0.03380215 0.483563 -0.003546237 -0.03380215 0.483563 -0.003546237 -0.03486239 0.475832 -0.003546237 -0.04397809 0.471415 -0.001052439 -0.04397797 0.471415 -0.006040096 -0.03838515 0.478656 -0.006041109 -0.04332768 0.46814 -0.001045107 -0.04332768 0.46814 -0.006047368 -0.04332768 0.46814 -0.001045107 -0.04289436 0.466817 -0.003546237 -0.04289436 0.466817 -0.003546237 -0.05254006 0.469808 -0.001058161 -0.04397797 0.471415 -0.006040096 -0.05254006 0.469808 -0.006034314 -0.05042898 0.471187 -0.003546237 -0.04602319 0.471967 -0.003546237 -0.05188947 0.467071 -0.001049935 -0.0516175 0.465542 -0.003546237 -0.05254006 0.469808 -0.006034314 -0.04289436 0.466817 -0.003546237 -0.0516175 0.465542 -0.003546237 -0.05188947 0.467071 -0.00604254 -0.04332768 0.46814 -0.006047368 -0.0516175 0.465542 -0.003546237 -0.05188947 0.467071 -0.001049935 -0.06040555 0.470901 -0.001049995 -0.05911648 0.468468 -0.003546237 -0.05911648 0.468468 -0.003546237 -0.06040567 0.470901 -0.00604248 -0.05984199 0.475721 -0.003546237 -0.05984199 0.475721 -0.003546237 -0.0649237 0.47943 -0.001055598 -0.06414049 0.482186 -0.003546237 -0.06395357 0.49229 -0.003546237 -0.06534188 0.493096 -0.001052081 -0.06650871 0.474561 -0.003546237 -0.05254006 0.469808 -0.006034314 -0.0649237 0.47943 -0.006036877 -0.05984199 0.475721 -0.003546237 -0.06650871 0.474561 -0.003546237 -0.0649237 0.47943 -0.001055598 -0.06823557 0.479799 -0.001046717 -0.06040567 0.470901 -0.00604248 -0.06823557 0.479799 -0.006045758 -0.0649237 0.47943 -0.006036877 -0.0697534 0.48084 -0.003546237 -0.0697534 0.48084 -0.003546237 -0.06823557 0.479799 -0.006045758 -0.06534188 0.493096 -0.001052081 -0.06534188 0.493096 -0.006040394 -0.06395357 0.49229 -0.003546237 -0.06414049 0.482186 -0.003546237 -0.05307835 0.512911 -0.003546237 -0.05120956 0.512073 -0.001049578 -0.04120945 0.513804 -0.001050412 -0.04191029 0.515242 -0.003546237 -0.0681169 0.493555 -0.001049697 -0.0681169 0.493555 -0.006042778 -0.06258279 0.503947 -0.001049339 -0.06960487 0.494131 -0.003546237 -0.06395357 0.49229 -0.003546237 -0.06069916 0.499133 -0.003546237 -0.06534188 0.493096 -0.001052081 -0.06069916 0.499133 -0.003546237 -0.06960487 0.494131 -0.003546237 -0.06258296 0.503947 -0.006043136 -0.0681169 0.493555 -0.006042778 -0.06044518 0.501793 -0.001050949 -0.06258296 0.503947 -0.006043136 -0.06044536 0.501793 -0.006041467 -0.05307835 0.512911 -0.003546237 -0.06370526 0.504663 -0.003546237 -0.0526064 0.506693 -0.003546237 -0.05031675 0.509449 -0.001052498 -0.06044518 0.501793 -0.001050949 -0.05031704 0.509449 -0.006039917 -0.0526064 0.506693 -0.003546237 -0.06370526 0.504663 -0.003546237 -0.05307835 0.512911 -0.003546237 -0.05031675 0.509449 -0.001052498 -0.05120956 0.512073 -0.001049578 -0.05120956 0.512073 -0.006042838 -0.04159408 0.50958 -0.003546237 -0.04159408 0.50958 -0.003546237 -0.04191029 0.515242 -0.003546237 -0.04120957 0.513804 -0.006042063 -0.05120956 0.512073 -0.006042838 -0.0292688 0.512251 -0.001049518 -0.0290721 0.513726 -0.003546237 -0.03964745 0.510874 -0.00105071 -0.04120945 0.513804 -0.001050412 -0.04120957 0.513804 -0.006042063 -0.03964745 0.510874 -0.006041765 -0.0290721 0.513726 -0.003546237 -0.02926868 0.512251 -0.006042957 -0.03964745 0.510874 -0.00105071 -0.03070515 0.508061 -0.003546237 -0.02986735 0.509351 -0.001051783 -0.02986735 0.509351 -0.001051783 -0.0292688 0.512251 -0.001049518 -0.03964745 0.510874 -0.006041765 -0.02986735 0.509351 -0.006040692 -0.03070515 0.508061 -0.003546237 -0.04159408 0.50958 -0.003546237 -0.01219296 0.497194 -0.00105226 -0.01984167 0.506915 -0.003546237 -0.02926868 0.512251 -0.006042957 -0.02986735 0.509351 -0.006040692 -0.0290721 0.513726 -0.003546237 -0.01984167 0.506915 -0.003546237 -0.0121929 0.497194 -0.006040334 -0.03070515 0.508061 -0.003546237 -0.02313196 0.502065 -0.003546237 -0.02313196 0.502065 -0.003546237 -0.0113343 0.497803 -0.003546237 -0.01219296 0.497194 -0.00105226 -0.01458817 0.49535 -0.001033008 -0.01491504 0.497562 -0.003545224 -0.01458817 0.49535 -0.001033008 -0.01219296 0.497194 -0.00105226 -0.01458984 0.495351 -0.006058871 -0.01569116 0.494025 -0.003546237 -0.01458984 0.495351 -0.006058871 -0.01569116 0.494025 -0.003546237 -0.01458817 0.49535 -0.001033008 -0.01569116 0.494025 -0.003546237 -0.01150107 0.493516 -0.005368709 -0.01172256 0.494997 -9.95969e-4 -0.0113343 0.497803 -0.003546237 -0.01491504 0.497562 -0.003545224 -0.01458984 0.495351 -0.006058871 -0.0121929 0.497194 -0.006040334 -0.02314299 0.516535 -0.003548383 -0.03558248 0.530226 -0.003548383 -0.03717619 0.529913 -0.001052021 -0.02414548 0.515521 -0.001051545 -0.01585966 0.493717 -0.003544151 -0.01150107 0.493516 -0.005368709 -0.01259368 0.496608 -0.006042361 -0.01105576 0.497452 -0.003548383 -0.01585966 0.493717 -0.003544151 -0.01172256 0.494997 -9.95969e-4 -0.01900088 0.500779 -0.001049637 -0.01458817 0.49535 -0.001033008 -0.01458984 0.495351 -0.006058871 -0.01900374 0.500776 -0.006040871 -0.02414548 0.515521 -0.001051545 -0.02414876 0.51552 -0.006043076 -0.02683436 0.514277 -0.001049697 -0.0277757 0.513159 -0.003544151 -0.01537108 0.503132 -0.003548383 -0.02314299 0.516535 -0.003548383 -0.01537108 0.503132 -0.003548383 -0.0277757 0.513159 -0.003544151 -0.02683758 0.514275 -0.006040632 -0.01900374 0.500776 -0.006040871 -0.03717917 0.529912 -0.00604254 -0.03558248 0.530226 -0.003548383 -0.04056555 0.529592 -0.001048862 -0.0422281 0.529415 -0.003544151 -0.0422281 0.529415 -0.003544151 -0.04056847 0.529589 -0.006041586 -0.03717619 0.529913 -0.001052021 -0.02683758 0.514275 -0.006040632 -0.04056847 0.529589 -0.006041586 -0.04074418 0.540705 -0.003548324 -0.04176819 0.53907 -0.00105226 -0.04177176 0.53907 -0.00604242 -0.04074418 0.540705 -0.003548324 -0.04479485 0.539575 -0.001049041 -0.04626947 0.539783 -0.003544151 -0.04626947 0.539783 -0.003544151 -0.04479849 0.539574 -0.006041347 -0.04176819 0.53907 -0.00105226 -0.04479849 0.539574 -0.006041347 -0.04323965 0.553362 -0.001047194 -0.0444594 0.554269 -0.003544151 -0.04084599 0.551343 -0.001053631 -0.04084944 0.551344 -0.006041049 -0.04479849 0.539574 -0.006041347 -0.04626947 0.539783 -0.003544151 -0.0444594 0.554269 -0.003544151 -0.04324305 0.553363 -0.006043195 -0.04324305 0.553363 -0.006043195 -0.0367701 0.561889 -0.001049458 -0.03497278 0.5654 -0.003544151 -0.0336591 0.560988 -0.001052916 -0.0336613 0.56099 -0.006041705 -0.03497278 0.5654 -0.003544151 -0.03677165 0.561892 -0.00604093 -0.03677165 0.561892 -0.00604093 -0.01207876 0.56122 -0.003548383 -0.006590664 0.553569 -0.003548324 -0.005141139 0.553688 -0.001058518 -0.0104652 0.561753 -0.001052618 -0.0292592 0.566666 -0.001049041 -0.03386116 0.558676 -0.003548324 -0.02763807 0.562628 -0.003548383 -0.0336591 0.560988 -0.001052916 -0.02763807 0.562628 -0.003548383 -0.03386116 0.558676 -0.003548324 -0.02926075 0.566669 -0.006041407 -0.02030909 0.565881 -0.001056373 -0.02926075 0.566669 -0.006041407 -0.02030885 0.565884 -0.006038248 -0.0292592 0.566666 -0.001049041 -0.0174877 0.568433 -0.001046121 -0.02482408 0.569371 -0.003544151 -0.01946228 0.564116 -0.003548383 -0.02030909 0.565881 -0.001056373 -0.02030885 0.565884 -0.006038248 -0.01946228 0.564116 -0.003548383 -0.02763807 0.562628 -0.003548383 -0.02482408 0.569371 -0.003544151 -0.01748728 0.568436 -0.006044268 -0.017609 0.569671 -0.003544151 -0.017609 0.569671 -0.003544151 -0.01207876 0.56122 -0.003548383 -0.01207876 0.56122 -0.003548383 -0.0104652 0.561753 -0.001052618 -0.01046317 0.561757 -0.006042003 -0.006932437 0.562372 -0.001048982 -0.01014548 0.566732 -0.003544151 -0.01014548 0.566732 -0.003544151 -0.006929993 0.562375 -0.006041526 -0.004695475 0.56194 -0.003544151 -0.006929993 0.562375 -0.006041526 -0.005137264 0.553688 -0.006036221 -0.006590664 0.553569 -0.003548324 -0.002022325 0.552724 -0.00103718 -9.07657e-4 0.55413 -0.003544151 -0.006929993 0.562375 -0.006041526 -0.004695475 0.56194 -0.003544151 -9.07657e-4 0.55413 -0.003544151 -0.002018392 0.552724 -0.006053209 -0.002022325 0.552724 -0.00103718 -0.006932437 0.562372 -0.001048982 -0.005137264 0.553688 -0.006036221 -0.008897006 0.547935 -0.003548383 -0.007734119 0.547022 -0.00105232 -0.005137264 0.553688 -0.006036221 -0.007731378 0.54702 -0.006042301 -0.008897006 0.547935 -0.003548383 -0.006590664 0.553569 -0.003548324 -0.01375097 0.544313 -0.003548324 -0.01282179 0.543162 -0.001053333 -0.007731378 0.54702 -0.006042301 -0.002022325 0.552724 -0.00103718 -0.008231103 0.5422 -0.001045942 -0.002953171 0.546403 -0.003544151 -0.002953171 0.546403 -0.003544151 -0.008229017 0.542197 -0.006044626 -0.007431864 0.541314 -0.003544151 -0.007431864 0.541314 -0.003544151 -0.01282066 0.543159 -0.006041347 -0.01375097 0.544313 -0.003548324 -0.01390218 0.538487 -0.003544151 -0.01528155 0.540048 -0.001048922 -0.02264845 0.542222 -0.001049339 -0.0229482 0.540739 -0.003544151 -0.01390218 0.538487 -0.003544151 -0.01528155 0.540048 -0.001048922 -0.008231103 0.5422 -0.001045942 -0.01528209 0.540044 -0.006041467 -0.01282066 0.543159 -0.006041347 -0.01914805 0.543776 -0.00105232 -0.0191493 0.543773 -0.006042301 -0.01390218 0.538487 -0.003544151 -0.0229482 0.540739 -0.003544151 -0.02265048 0.542219 -0.006041049 -0.01528209 0.540044 -0.006041467 -0.01375097 0.544313 -0.003548324 -0.02071219 0.546109 -0.003548383 -0.01914805 0.543776 -0.00105232 -0.0191493 0.543773 -0.006042301 -0.02071219 0.546109 -0.003548383 -0.0229482 0.540739 -0.003544151 -0.02264845 0.542222 -0.001049339 -0.0293138 0.546699 -0.001049578 -0.03016626 0.545532 -0.003544151 -0.0276398 0.548989 -0.001051783 -0.02265048 0.542219 -0.006041049 -0.02764189 0.548986 -0.006042897 -0.03016626 0.545532 -0.003544151 -0.02931576 0.546696 -0.006040871 -0.02676445 0.550187 -0.003548383 -0.0276398 0.548989 -0.001051783 -0.02764189 0.548986 -0.006042897 -0.02676445 0.550187 -0.003548383 -0.02071219 0.546109 -0.003548383 0.001121044 0.234932 -0.03037059 -0.003145515 0.234875 -0.02807319 -0.002473413 0.24661 -0.03148478 1.82067e-7 0.243889 -0.03174597 -0.003145515 0.234875 -0.02807319 0.001346886 0.234838 -0.02508646 2.1642e-7 0.247372 -0.02694159 -0.002504289 0.24582 -0.0277971 -0.002473413 0.24661 -0.03148478 0.001121044 0.234932 -0.03037059 0.002473831 0.24661 -0.03148478 0.002504646 0.24582 -0.0277971 0.001346886 0.234838 -0.02508646 0.002504646 0.24582 -0.0277971 2.1642e-7 0.247372 -0.02694159 0.001346886 0.234838 -0.02508646 0.002495944 0.250556 -0.0325492 -0.001464307 0.251498 -0.03215658 1.82067e-7 0.243889 -0.03174597 -0.001464307 0.251498 -0.03215658 -0.002501368 0.250675 -0.03854155 -0.002491414 0.248041 -0.03714388 0.002495944 0.250556 -0.0325492 0.002502381 0.250675 -0.03854137 5.53073e-7 0.25231 -0.03819578 5.53073e-7 0.25231 -0.03819578 -0.002501368 0.250675 -0.03854155 -0.001464307 0.251498 -0.03215658 0.002492189 0.248041 -0.03714376 0.002502381 0.250675 -0.03854137 -0.002496421 0.244898 -0.04578155 -0.002483546 0.2413679 -0.04502165 -0.002491414 0.248041 -0.03714388 4.25969e-7 0.245005 -0.0396741 2.78254e-7 0.246877 -0.03487199 2.78254e-7 0.246877 -0.03487199 4.25969e-7 0.245005 -0.0396741 0.002492189 0.248041 -0.03714376 7.96974e-7 0.245835 -0.04703587 -0.002496421 0.244898 -0.04578155 0.002502381 0.250675 -0.03854137 0.002497851 0.244897 -0.04578155 0.002484738 0.2413679 -0.04502135 0.002497851 0.244897 -0.04578155 8.38197e-7 0.2352319 -0.05072259 -0.00250113 0.236135 -0.04924738 -0.00250113 0.236135 -0.04924738 0.002502679 0.236135 -0.0492472 8.38197e-7 0.2352319 -0.05072259 7.96974e-7 0.245835 -0.04703587 5.1872e-7 0.2393029 -0.04405486 -0.002489447 0.232203 -0.04569905 4.67192e-7 0.232702 -0.04446315 5.1872e-7 0.2393029 -0.04405486 4.67192e-7 0.232702 -0.04446315 0.00249052 0.232203 -0.04569876 0.002484738 0.2413679 -0.04502135 0.002496182 0.229075 -0.04720216 -0.001447498 0.228511 -0.04805678 -0.00250113 0.236135 -0.04924738 -0.001447498 0.228511 -0.04805678 -0.002489447 0.232203 -0.04569905 -0.002493143 0.226158 -0.03971874 2.67948e-7 0.2287189 -0.04072445 0.00249052 0.232203 -0.04569876 -0.002497076 0.223484 -0.04068166 -0.002493143 0.226158 -0.03971874 0.002497494 0.223484 -0.04068177 3.33218e-7 0.222499 -0.04207688 3.33218e-7 0.222499 -0.04207688 0.002493441 0.226158 -0.03971809 0.00249052 0.232203 -0.04569876 4.67192e-7 0.232702 -0.04446315 2.67948e-7 0.2287189 -0.04072445 0.002493441 0.226158 -0.03971809 -0.002493143 0.226158 -0.03971874 -0.002497076 0.223484 -0.04068166 -0.002495765 0.220431 -0.02833658 -0.002493143 0.223076 -0.02486479 -0.002493143 0.226158 -0.03971874 -1.33974e-7 0.224855 -0.02940809 2.67948e-7 0.2287189 -0.04072445 -1.33974e-7 0.224855 -0.02940809 0 0.2189339 -0.02831637 0 0.2189339 -0.02831637 -0.002493143 0.223076 -0.02486479 0.002493143 0.223076 -0.02486509 0.002495706 0.220431 -0.02833658 -0.002494812 0.226682 -0.01616889 0 0.227937 -0.01697939 0 0.225332 -0.02170389 0.002493143 0.223076 -0.02486509 -0.002498924 0.221799 -0.01783937 -0.002495765 0.220431 -0.02833658 0.002495706 0.220431 -0.02833658 0.002499222 0.221799 -0.01783949 0 0.2189339 -0.02831637 0 0.225332 -0.02170389 0 0.227937 -0.01697939 0.002494871 0.226682 -0.01616919 -0.002498924 0.221799 -0.01783937 -0.002494812 0.226682 -0.01616889 0.002494871 0.226682 -0.01616919 0.002499222 0.221799 -0.01783949 -0.002494156 0.236338 -0.009490013 0 0.237026 -0.01079285 1.37409e-7 0.2242929 -0.01243555 -0.002495706 0.230584 -0.00950843 0.002495765 0.230585 -0.009509146 1.37409e-7 0.2242929 -0.01243555 0 0.227937 -0.01697939 0 0.237026 -0.01079285 0.002494275 0.236338 -0.009490072 -0.002494156 0.236338 -0.009490013 0.002495765 0.230585 -0.009509146 -0.002494156 0.236338 -0.009490013 -0.002494215 0.24961 -0.009282767 0 0.2499909 -0.0108397 0 0.237026 -0.01079285 1.40845e-7 0.2334949 -0.006153762 1.40845e-7 0.2334949 -0.006153762 -0.002497017 0.239722 -0.005792856 0.002497255 0.239722 -0.005792975 0 0.2499909 -0.0108397 0.002494275 0.24961 -0.009282886 -0.002494215 0.24961 -0.009282767 0.002497255 0.239722 -0.005792975 1.37409e-7 0.241146 -0.004374325 1.5115e-7 0.253392 -0.005909502 -0.002496957 0.257346 -0.008457839 1.37409e-7 0.241146 -0.004374325 0.002497255 0.239722 -0.005792975 0.002497196 0.257346 -0.008457839 1.5115e-7 0.253392 -0.005909502 -0.002495765 0.264587 -0.01608896 0 0.264531 -0.01775169 0 0.264531 -0.01775169 0.002495527 0.264588 -0.01608896 -0.002495765 0.264587 -0.01608896 0.002497196 0.257346 -0.008457839 -0.002496004 0.290902 -0.03324317 0 0.290485 -0.03467768 1.40845e-7 0.266765 -0.01235145 -0.002494692 0.292013 -0.03055548 0.002493679 0.292007 -0.03055 1.40845e-7 0.266765 -0.01235145 0 0.290485 -0.03467768 0.002497971 0.290902 -0.03324866 -0.002496004 0.290902 -0.03324317 0.002493679 0.292007 -0.03055 -0.002495825 0.319905 -0.0501464 0 0.318941 -0.05124789 -0.002495288 0.320784 -0.04732656 -0.002495825 0.319905 -0.0501464 1.4428e-7 0.293167 -0.02957707 1.30539e-7 0.321729 -0.04621595 1.4428e-7 0.293167 -0.02957707 0.002495586 0.320784 -0.04732638 1.30539e-7 0.321729 -0.04621595 0.002495586 0.319905 -0.05014657 0.002495586 0.320784 -0.04732638 0 0.318941 -0.05124789 -0.002495884 0.345889 -0.0580185 0 0.338062 -0.05773186 -0.002495348 0.339068 -0.05352288 -0.002495884 0.345889 -0.0580185 0 0.346588 -0.05374169 0.002495646 0.339067 -0.05352336 0 0.346588 -0.05374169 0.002495944 0.345889 -0.05801856 0.002495646 0.339067 -0.05352336 0 0.338062 -0.05773186 0 0.409493 -0.03780555 -0.002496182 0.406009 -0.03968858 -0.002495527 0.431925 -0.007577359 0 0.434564 -0.006756067 0 0.355872 -0.06048065 -0.002495348 0.356025 -0.05614978 0.002495467 0.356025 -0.05614989 0 0.355872 -0.06048065 -0.002496659 0.369241 -0.05837994 0.002496719 0.369242 -0.05837994 0.002495467 0.356025 -0.05614989 -0.002496659 0.369241 -0.05837994 0 0.370228 -0.05932486 0 0.355872 -0.06048065 0 0.36846 -0.05409795 -0.002494394 0.375611 -0.05380445 0.002495467 0.356025 -0.05614989 0.002494573 0.375612 -0.05380457 0 0.36846 -0.05409795 0 0.370228 -0.05932486 -0.002495646 0.389731 -0.05078828 0.002495706 0.389731 -0.05078858 0.002494573 0.375612 -0.05380457 -0.002495646 0.389731 -0.05078828 0 0.39865 -0.04718595 0 0.383722 -0.05515664 0 0.387738 -0.04694604 -0.002494513 0.40226 -0.03950965 0.002494692 0.40226 -0.03950959 0 0.387738 -0.04694604 0 0.383722 -0.05515664 0 0.39865 -0.04718595 -0.002496182 0.406009 -0.03968858 0.002496242 0.406009 -0.03968858 0.002494692 0.40226 -0.03950959 0.002496242 0.406009 -0.03968858 0 0.409493 -0.03780555 0 0.434564 -0.006756067 0.002495586 0.431925 -0.007577538 0 0.402995 -0.03655248 0 0.431063 -0.001932919 0 0.431063 -0.001932919 0 0.402995 -0.03655248 -0.002498984 0.431843 -0.003410816 0 0.437316 -0.001565158 -0.002507805 0.437304 -0.003044784 0.002499103 0.431843 -0.003410875 -0.0024755 0.435504 -0.005362212 0 0.434564 -0.006756067 0.0024755 0.435504 -0.005362331 0.002495586 0.431925 -0.007577538 -0.0024755 0.435504 -0.005362212 0.002507925 0.437304 -0.003044843 0 0.437316 -0.001565158 -0.0024755 0.435504 -0.005362212 -0.002493619 0.436467 -0.01015216 0 0.434992 -0.009672641 0 0.434564 -0.006756067 0.0024755 0.435504 -0.005362331 0.002507925 0.437304 -0.003044843 0.002499103 0.431843 -0.003410875 0 0.440669 -0.005776643 -0.002502083 0.439576 -0.01085078 -0.002507805 0.437304 -0.003044784 0.002507925 0.437304 -0.003044843 0.002502202 0.439576 -0.01085078 0 0.440669 -0.005776643 0.0024755 0.435504 -0.005362331 0 0.434564 -0.006756067 0 0.434992 -0.009672641 0.002493619 0.436467 -0.0101521 -0.002502083 0.439576 -0.01085078 -0.002493619 0.436467 -0.01015216 0.002493619 0.436467 -0.0101521 0.002502202 0.439576 -0.01085078 0 0.434992 -0.009672641 -0.002495646 0.420914 -0.02776908 0 0.418626 -0.02825689 0 0.440019 -0.01267635 0 0.440019 -0.01267635 -0.002493023 0.420392 -0.03307658 0 0.42283 -0.03226095 -0.002493023 0.420392 -0.03307658 0.002493143 0.420392 -0.0330764 0 0.42283 -0.03226095 0 0.440019 -0.01267635 0.002495586 0.420915 -0.02776855 0 0.418626 -0.02825689 0.002495586 0.420915 -0.02776855 -0.002498805 0.415636 -0.05124586 -0.002491593 0.417915 -0.04925757 -0.002495408 0.428401 -0.0641579 -0.002495884 0.427359 -0.0672791 -0.002496898 0.415854 -0.03740197 0.002496898 0.415854 -0.03740179 0 0.419761 -0.04082286 0.002493143 0.420392 -0.0330764 0 0.419761 -0.04082286 0 0.42283 -0.03226095 0.002491652 0.417915 -0.04925769 0 0.419484 -0.0487746 -0.002491593 0.417915 -0.04925757 0.002491652 0.417915 -0.04925769 0 0.419484 -0.0487746 0.002498745 0.415636 -0.05124598 0 0.419484 -0.0487746 0 0.430589 -0.0645948 0 0.430589 -0.0645948 -0.002498805 0.415636 -0.05124586 -0.002495884 0.427359 -0.0672791 0 0.42488 -0.06679546 0.002495944 0.427359 -0.06727927 0.002495646 0.428401 -0.06415826 -0.002494871 0.457694 -0.06066256 0 0.456777 -0.05928766 0 0.459297 -0.05028939 -0.002486526 0.460835 -0.04968249 0 0.42488 -0.06679546 0 0.431282 -0.07177567 -0.002493381 0.436153 -0.06949269 0.002495646 0.428401 -0.06415826 0.002493441 0.436153 -0.06949275 0 0.431282 -0.07177567 -0.002500474 0.438268 -0.07315421 0.002500414 0.438268 -0.07315427 0.002493441 0.436153 -0.06949275 -0.002500474 0.438268 -0.07315421 0 0.438901 -0.07443165 0 0.438901 -0.07443165 0 0.440902 -0.06893497 -0.00249058 0.448484 -0.06895375 0.002493441 0.436153 -0.06949275 0.002493917 0.446642 -0.06944185 0 0.440902 -0.06893497 -0.002500474 0.438268 -0.07315421 0 0.447712 -0.07348209 0 0.438901 -0.07443165 0 0.447712 -0.07348209 -0.002496302 0.450368 -0.07092356 0.002496182 0.450368 -0.07092368 0 0.450941 -0.065656 0 0.450941 -0.065656 0.002493143 0.456884 -0.0621674 0.002493143 0.456884 -0.0621674 0.002493917 0.446642 -0.06944185 -0.002499938 0.460863 -0.0617246 -0.002496302 0.450368 -0.07092356 0.002499878 0.460863 -0.06172466 -0.002494871 0.457694 -0.06066256 -0.002499938 0.460863 -0.0617246 0 0.462743 -0.06015789 0 0.457072 -0.06820076 0.002499878 0.460863 -0.06172466 -0.002486526 0.460835 -0.04968249 0.002486526 0.460836 -0.04968255 0 0.459297 -0.05028939 0 0.456777 -0.05928766 0 0.455515 -0.03847914 -0.002498507 0.455971 -0.04012584 -0.002497673 0.448837 -0.03948318 0 0.447583 -0.03817707 0.002486526 0.460836 -0.04968255 0 0.464969 -0.05103486 0 0.462743 -0.06015789 0 0.464969 -0.05103486 0.002499878 0.460863 -0.06172466 -0.002500355 0.463292 -0.0483399 0.002500295 0.463292 -0.04833966 0 0.462774 -0.0446524 0 0.453904 -0.04406756 0 0.453904 -0.04406756 0 0.459297 -0.05028939 0 0.462774 -0.0446524 0.002498388 0.455971 -0.04012578 0.002500295 0.463292 -0.04833966 -0.002494454 0.454326 -0.04269248 0.002494454 0.454326 -0.04269248 0 0.455515 -0.03847914 -0.002494454 0.454326 -0.04269248 -0.002485275 0.448129 -0.0426681 0 0.45047 -0.04365015 -0.002485275 0.448129 -0.0426681 0.002485334 0.448129 -0.04266798 0 0.45047 -0.04365015 0.002498388 0.455971 -0.04012578 0.002497613 0.448837 -0.03948307 0 0.447583 -0.03817707 0.002497613 0.448837 -0.03948307 -0.002493798 0.471415 -0.04752439 0 0.471967 -0.04956948 0 0.471187 -0.05397528 -0.002488017 0.469808 -0.05608636 0 0.45047 -0.04365015 0 0.446248 -0.0467174 -0.002485275 0.448129 -0.0426681 0 0.446248 -0.0467174 -0.002496421 0.441748 -0.04536926 0 0.447583 -0.03817707 0.002496302 0.441748 -0.04536914 0.002497613 0.448837 -0.03948307 -0.002494752 0.439867 -0.05500638 0.002496302 0.441748 -0.04536914 0.002494752 0.439866 -0.05500626 0 0.43588 -0.05366647 0 0.439947 -0.04563647 0 0.439947 -0.04563647 0 0.43588 -0.05366647 -0.002495586 0.437299 -0.05414617 0.002495586 0.437299 -0.05414605 0 0.491167 -0.05384296 0 0.485884 -0.04478299 -0.002495527 0.492557 -0.05315768 0.002495527 0.492557 -0.05315768 0 0.485884 -0.04478299 0 0.491167 -0.05384296 -0.002495586 0.495105 -0.05190205 -0.002499938 0.48847 -0.04097187 0 0.496413 -0.05125677 0 0.496413 -0.05125677 0.002499997 0.48847 -0.04097187 0.002495646 0.495105 -0.05190205 -0.002495527 0.492557 -0.05315768 -0.002485573 0.486086 -0.04279458 0.002499997 0.48847 -0.04097187 0.002485632 0.486086 -0.04279458 -0.002499282 0.478116 -0.0388484 0.002499341 0.478116 -0.0388484 0 0.479111 -0.04302895 -0.002494812 0.478656 -0.04193156 -0.002485573 0.486086 -0.04279458 0.002494871 0.478656 -0.04193156 0 0.479111 -0.04302895 0 0.475832 -0.03840869 0 0.483563 -0.03734844 0 0.483563 -0.03734844 0 0.475832 -0.03840869 0.002499341 0.478116 -0.0388484 -0.002494812 0.478656 -0.04193156 -0.002493798 0.471415 -0.04752439 0.002493858 0.471415 -0.04752427 -0.00250107 0.46814 -0.0468741 0.002501189 0.46814 -0.0468741 0 0.466817 -0.04644078 0 0.466817 -0.04644078 0.002501189 0.46814 -0.0468741 -0.002488017 0.469808 -0.05608636 0.002493858 0.471415 -0.04752427 0.002488076 0.469808 -0.05608636 0 0.471187 -0.05397528 0 0.471967 -0.04956948 0 0.466817 -0.04644078 -0.00250107 0.46814 -0.0468741 -0.002496182 0.467071 -0.05543589 0 0.465542 -0.0551638 0.002488076 0.469808 -0.05608636 0 0.465542 -0.0551638 0.002496242 0.467071 -0.05543589 -0.002496182 0.470901 -0.06395208 0 0.468468 -0.0626626 0 0.465542 -0.0551638 0 0.468468 -0.0626626 0.002496242 0.470901 -0.06395196 0.002496242 0.467071 -0.05543589 0 0.471187 -0.05397528 0 0.475721 -0.0633884 -0.002488017 0.469808 -0.05608636 0 0.475721 -0.0633884 -0.00249058 0.47943 -0.06847 0 0.482186 -0.06768679 0 0.49229 -0.06749999 -0.002494096 0.493096 -0.06888818 0 0.474561 -0.07005506 0 0.475721 -0.0633884 -0.00249058 0.47943 -0.06847 -0.002488017 0.469808 -0.05608636 0.002490639 0.47943 -0.06847 0 0.474561 -0.07005506 -0.002499461 0.479799 -0.07178187 -0.002496182 0.470901 -0.06395208 0.00249952 0.479799 -0.07178187 0.002490639 0.47943 -0.06847 -0.002499461 0.479799 -0.07178187 0 0.48084 -0.0732997 0 0.48084 -0.0732997 0.002490639 0.47943 -0.06847 0.002494156 0.493096 -0.06888818 0 0.49229 -0.06749999 0 0.482186 -0.06768679 0 0.512911 -0.05662477 -0.00249654 0.512073 -0.05475598 -0.002495765 0.513804 -0.04475587 0 0.515242 -0.04545658 0.002494156 0.493096 -0.06888818 -0.00249648 0.493555 -0.0716632 0.00249654 0.493555 -0.07166326 -0.00249648 0.493555 -0.0716632 -0.002496838 0.503947 -0.0661292 0 0.494131 -0.07315117 0 0.499134 -0.06424528 0 0.499134 -0.06424528 0 0.494131 -0.07315117 0.002496898 0.503947 -0.0661295 -0.002495169 0.501793 -0.0639916 -0.002496838 0.503947 -0.0661292 0.002495288 0.501792 -0.0639916 0 0.504663 -0.0672515 0 0.506693 -0.05615288 -0.002493679 0.509449 -0.05386328 0.002495288 0.501792 -0.0639916 0.002493739 0.509449 -0.0538634 0 0.506693 -0.05615288 0.002496898 0.503947 -0.0661295 -0.00249654 0.512073 -0.05475598 0.0024966 0.512073 -0.05475598 0.002493739 0.509449 -0.0538634 0 0.506693 -0.05615288 0 0.50958 -0.04514038 -0.002493679 0.509449 -0.05386328 0 0.50958 -0.04514038 0 0.512911 -0.05662477 0 0.515242 -0.04545658 0.002495825 0.513804 -0.04475587 0.0024966 0.512073 -0.05475598 -0.002496659 0.512251 -0.03281509 0 0.513726 -0.03261846 -0.002489745 0.510323 -0.03525978 -0.002495765 0.513804 -0.04475587 0.002495825 0.513804 -0.04475587 0.002495527 0.510874 -0.04319387 0 0.513726 -0.03261846 0.002496719 0.512251 -0.03281497 0.002495527 0.510874 -0.04319387 0.002494454 0.509351 -0.03341364 0 0.508061 -0.03425157 0.02682429 0.234932 -0.002425074 0.02819967 0.243889 -0.003546118 0 0.508061 -0.03425157 -0.002489745 0.510323 -0.03525978 0 0.513726 -0.03261846 -0.002496659 0.512251 -0.03281509 -0.002493977 0.497194 -0.01573926 0 0.506915 -0.02338749 0.002496719 0.512251 -0.03281497 0.002494454 0.509351 -0.03341364 0 0.506915 -0.02338749 0.002494096 0.497194 -0.0157392 0 0.502065 -0.02667808 0 0.502065 -0.02667808 0 0.508061 -0.03425157 0 0.497803 -0.01488059 -0.002493977 0.497194 -0.01573926 -0.00251317 0.49535 -0.01813447 -9.92782e-7 0.497562 -0.01846146 -0.00251317 0.49535 -0.01813447 0.002494096 0.497194 -0.0157392 0.002512633 0.495351 -0.01813626 0 0.494025 -0.01923757 -0.00251317 0.49535 -0.01813447 0 0.494025 -0.01923757 0.001822471 0.493516 -0.01504749 -0.002550244 0.494997 -0.01526898 0 0.497803 -0.01488059 -9.92782e-7 0.497562 -0.01846146 0.002512633 0.495351 -0.01813626 0.002494096 0.497194 -0.0157392 2.17794e-6 0.516534 -0.02668946 2.16763e-6 0.530227 -0.03912895 -0.002494096 0.529913 -0.04072219 -0.002494573 0.515522 -0.0276919 -2.03709e-6 0.493717 -0.01940596 0.001822471 0.493516 -0.01504749 0.002496123 0.496608 -0.0161401 2.15046e-6 0.497452 -0.01460218 -9.92782e-7 0.497562 -0.01846146 -2.03709e-6 0.493717 -0.01940596 0.002512633 0.495351 -0.01813626 -0.002550244 0.494997 -0.01526898 -0.00249654 0.500778 -0.02254688 -0.00251317 0.49535 -0.01813447 0.002512633 0.495351 -0.01813626 0.002494633 0.500776 -0.02254998 0.002496123 0.496608 -0.0161401 0.002496838 0.51552 -0.02769476 -0.00249654 0.500778 -0.02254688 -0.00249648 0.514277 -0.03038108 -2.04396e-6 0.513159 -0.031322 2.15389e-6 0.50313 -0.0189169 0.002496838 0.51552 -0.02769476 2.17794e-6 0.516534 -0.02668946 2.15389e-6 0.50313 -0.0189169 -2.04396e-6 0.513159 -0.031322 0.002494454 0.514275 -0.03038388 0.002496302 0.529912 -0.04072529 2.16763e-6 0.530227 -0.03912895 -0.002497315 0.529592 -0.04411184 -2.05083e-6 0.529415 -0.04577445 -2.05083e-6 0.529415 -0.04577445 0.002495348 0.529589 -0.04411476 -0.002497315 0.529592 -0.04411184 -0.00249648 0.514277 -0.03038108 0.002496302 0.529912 -0.04072529 2.15046e-6 0.540705 -0.0442906 -0.002493917 0.53907 -0.04531449 0.002496182 0.53907 -0.04531818 2.15046e-6 0.540705 -0.0442906 -0.002497136 0.539575 -0.04834115 -2.0474e-6 0.539783 -0.04981577 -2.0474e-6 0.539783 -0.04981577 0.00249511 0.539574 -0.04834485 -0.002497136 0.539575 -0.04834115 0.002496182 0.53907 -0.04531818 -0.002497136 0.539575 -0.04834115 -0.002498984 0.553362 -0.04678595 -2.03709e-6 0.554269 -0.0480057 -2.0474e-6 0.539783 -0.04981577 -0.002492547 0.551343 -0.04439228 0.002494812 0.551344 -0.0443958 -2.03709e-6 0.554269 -0.0480057 0.002496957 0.553363 -0.04678934 -0.002498984 0.553362 -0.04678595 -0.002496898 0.561889 -0.0403167 -2.0577e-6 0.565401 -0.03851896 -0.002493321 0.560987 -0.03720539 0.002495467 0.560991 -0.03720766 -2.0577e-6 0.565401 -0.03851896 0.002494573 0.561893 -0.04031765 -0.002496898 0.561889 -0.0403167 2.17107e-6 0.56122 -0.01562535 2.14702e-6 0.553569 -0.01013696 -0.002487659 0.553688 -0.008687436 -0.00249356 0.561754 -0.01401156 -0.002497136 0.566666 -0.03280538 2.14702e-6 0.558677 -0.03740668 2.16076e-6 0.562628 -0.03118455 0.002495467 0.560991 -0.03720766 2.16076e-6 0.562628 -0.03118455 2.14702e-6 0.558677 -0.03740668 -2.0577e-6 0.565401 -0.03851896 0.002495169 0.566669 -0.03280758 0.002494573 0.561893 -0.04031765 -0.002489805 0.56588 -0.02385538 -0.002497136 0.566666 -0.03280538 0.002495169 0.566669 -0.03280758 0.00249201 0.565884 -0.02385514 -0.002500057 0.568433 -0.021034 -2.0474e-6 0.569371 -0.02837026 2.16076e-6 0.562628 -0.03118455 2.1642e-6 0.564116 -0.02300858 -0.002489805 0.56588 -0.02385538 0.00249201 0.565884 -0.02385514 2.1642e-6 0.564116 -0.02300858 -2.0474e-6 0.569371 -0.02837026 0.00249803 0.568436 -0.0210337 0.002495169 0.566669 -0.03280758 -2.0474e-6 0.569671 -0.02115559 -2.0474e-6 0.569671 -0.02115559 2.17107e-6 0.56122 -0.01562535 2.1642e-6 0.564116 -0.02300858 0.002495765 0.561757 -0.01400989 -0.002500057 0.568433 -0.021034 -0.002503693 0.559815 -0.007906377 -2.03366e-6 0.566732 -0.0136916 -2.03366e-6 0.566732 -0.0136916 0.002495288 0.562375 -0.01047635 -2.05083e-6 0.561941 -0.008241534 -2.05083e-6 0.561941 -0.008241534 0.002489984 0.553688 -0.008683562 2.14702e-6 0.553569 -0.01013696 -2.06114e-6 0.55413 -0.004453957 0.002506971 0.552724 -0.005564749 -2.06114e-6 0.55413 -0.004453957 0.002495288 0.562375 -0.01047635 0.002506971 0.552724 -0.005564749 -0.002487659 0.553688 -0.008687436 2.14702e-6 0.553569 -0.01013696 2.16076e-6 0.547934 -0.01244366 -0.002493858 0.547022 -0.01128047 -0.002487659 0.553688 -0.008687436 -0.002503693 0.547909 -0.006956756 -0.002493858 0.547022 -0.01128047 0.002496063 0.547019 -0.01127767 2.16076e-6 0.547934 -0.01244366 -0.002492785 0.543162 -0.01636815 -0.002500355 0.540292 -0.01549845 -2.03366e-6 0.546403 -0.006499528 0.002498388 0.542197 -0.01177537 0.002506971 0.552724 -0.005564749 -2.03366e-6 0.541314 -0.01097768 -2.03366e-6 0.546403 -0.006499528 -2.03366e-6 0.541314 -0.01097768 2.14015e-6 0.544313 -0.01729726 -0.002492785 0.543162 -0.01636815 0.00249511 0.543159 -0.01636719 2.14015e-6 0.544313 -0.01729726 -0.002493858 0.543776 -0.02269428 -0.002497255 0.541175 -0.02401804 -0.002500355 0.540292 -0.01549845 -2.05083e-6 0.538487 -0.0174486 0.002498388 0.542197 -0.01177537 0.002495229 0.540044 -0.01882839 -0.002500355 0.540292 -0.01549845 -0.002497255 0.541175 -0.02401804 -2.05083e-6 0.538487 -0.0174486 -2.05083e-6 0.538487 -0.0174486 -2.06114e-6 0.540739 -0.02649468 0.002494812 0.542219 -0.02619695 0.002496063 0.543772 -0.022695 2.17794e-6 0.546109 -0.02425825 -0.002493858 0.543776 -0.02269428 0.002496063 0.543772 -0.022695 2.17794e-6 0.546109 -0.02425825 2.14015e-6 0.544313 -0.01729726 -0.002494454 0.548989 -0.03118616 -0.0024966 0.54667 -0.0328809 -0.0024966 0.54667 -0.0328809 -2.06114e-6 0.540739 -0.02649468 -2.06801e-6 0.545532 -0.0337128 0.002494692 0.546695 -0.03286218 0.0024966 0.548986 -0.03118824 2.17794e-6 0.546109 -0.02425825 2.18481e-6 0.550187 -0.03031075 0.0024966 0.548986 -0.03118824 2.18481e-6 0.550187 -0.03031075 -0.001121044 0.234932 0.02327787 0.003145635 0.234875 0.02098059 0.002473533 0.24661 0.02439218 0 0.243889 0.02465337 0.003145635 0.234875 0.02098059 -0.001346826 0.234838 0.01799374 0 0.247372 0.019849 0.002504348 0.24582 0.02070444 0.002473533 0.24661 0.02439218 -0.001121044 0.234932 0.02327787 -0.002473711 0.24661 0.02439218 -0.002504527 0.24582 0.02070456 -0.001346826 0.234838 0.01799374 -0.002504527 0.24582 0.02070456 0 0.247372 0.019849 -0.001346826 0.234838 0.01799374 -0.002495825 0.250556 0.02545654 0.001464426 0.251498 0.02506387 0 0.243889 0.02465337 0.001464426 0.251498 0.02506387 0.002501487 0.250675 0.0314489 0.002491533 0.248041 0.03005129 -0.002495825 0.250556 0.02545654 -0.002502322 0.250675 0.0314489 -4.53451e-7 0.25231 0.03110307 -4.53451e-7 0.25231 0.03110307 0.002501487 0.250675 0.0314489 0.001464426 0.251498 0.02506387 -0.00249207 0.248041 0.03005105 -0.002502322 0.250675 0.0314489 0.00249654 0.244897 0.03868925 0.002483665 0.2413679 0.03792905 -3.22912e-7 0.245005 0.03258138 -1.75197e-7 0.246877 0.0277794 -1.75197e-7 0.246877 0.0277794 -3.22912e-7 0.245005 0.03258138 -0.00249207 0.248041 0.03005105 -7.00788e-7 0.245835 0.03994327 0.00249654 0.244897 0.03868925 -4.53451e-7 0.25231 0.03110307 -0.002497732 0.244897 0.03868895 -7.00788e-7 0.245835 0.03994327 -0.002484679 0.2413679 0.03792887 -7.38575e-7 0.2352319 0.04363 0.002501249 0.236135 0.04215484 0.002501249 0.236135 0.04215484 -0.00250256 0.236135 0.04215455 -7.38575e-7 0.2352319 0.04363 -4.19098e-7 0.2393029 0.03696238 0.002489566 0.232203 0.03860646 -3.6757e-7 0.232702 0.03737056 -4.19098e-7 0.2393029 0.03696238 -3.6757e-7 0.232702 0.03737056 -0.002490401 0.232203 0.03860628 -0.002484679 0.2413679 0.03792887 -0.002496063 0.229075 0.04010957 0.001447677 0.228511 0.04096436 0.002501249 0.236135 0.04215484 0.001447677 0.228511 0.04096436 0.002489566 0.232203 0.03860646 0.002489566 0.232203 0.03860646 0.002493202 0.226159 0.03262585 -1.71762e-7 0.2287189 0.03363186 -3.6757e-7 0.232702 0.03737056 -0.002490401 0.232203 0.03860628 0.002497196 0.223484 0.03358888 0.002493202 0.226159 0.03262585 -0.002497375 0.223484 0.0335893 -2.33596e-7 0.222499 0.03498429 -2.33596e-7 0.222499 0.03498429 -0.002493321 0.226158 0.03262519 -0.002490401 0.232203 0.03860628 -0.002493321 0.226158 0.03262519 0.002493202 0.226159 0.03262585 0.002497196 0.223484 0.03358888 0.002495884 0.220431 0.02124404 0.002493262 0.223076 0.01777219 0.002493202 0.226159 0.03262585 2.40466e-7 0.224855 0.02231538 -1.71762e-7 0.2287189 0.03363186 2.40466e-7 0.224855 0.02231538 1.23668e-7 0.2189339 0.02122378 -0.002497375 0.223484 0.0335893 1.23668e-7 0.2189339 0.02122378 -2.33596e-7 0.222499 0.03498429 0.002493262 0.223076 0.01777219 -0.002493023 0.223076 0.01777255 -0.002495646 0.220431 0.02124387 0.002494931 0.226682 0.009075939 0 0.227937 0.009887158 0 0.225332 0.01461094 -0.002493023 0.223076 0.01777255 0.002499043 0.221799 0.01074665 0.002495884 0.220431 0.02124404 -0.002495646 0.220431 0.02124387 -0.002499103 0.221799 0.01074677 0 0.225332 0.01461094 0 0.227937 0.009887158 -0.002494812 0.226682 0.009076297 0.002499043 0.221799 0.01074665 0.002494931 0.226682 0.009075939 -0.002494812 0.226682 0.009076297 -0.002499103 0.221799 0.01074677 0.002494275 0.236338 0.002397418 0 0.237026 0.003700256 0 0.224292 0.005343377 0.002495765 0.230585 0.00241518 -0.002495884 0.230585 0.00241518 0 0.224292 0.005343377 0 0.227937 0.009887158 0 0.237026 0.003700256 -0.002494156 0.236338 0.002397477 0.002494275 0.236338 0.002397418 -0.002495884 0.230585 0.00241518 0.002494275 0.236338 0.002397418 0.002494275 0.24961 0.002190232 0 0.2499909 0.003747165 0 0.237026 0.003700256 0 0.233496 -9.3876e-4 0 0.233496 -9.3876e-4 0.002497136 0.239722 -0.001299679 -0.002497136 0.239722 -0.00129956 0 0.2499909 0.003747165 -0.002494215 0.24961 0.002190351 0.002494275 0.24961 0.002190232 -0.002497136 0.239722 -0.00129956 0 0.241146 -0.00271815 0 0.253392 -0.001183032 0.002497076 0.257346 0.001365244 0 0.241146 -0.00271815 -0.002497136 0.239722 -0.00129956 -0.002497076 0.257346 0.001365244 0 0.253392 -0.001183032 0.002495229 0.264586 0.008993685 0 0.264531 0.01065909 0 0.264531 0.01065909 -0.002495646 0.264587 0.008996427 0.002495229 0.264586 0.008993685 -0.002497076 0.257346 0.001365244 0.002492368 0.29088 0.02615606 0 0.290496 0.02759069 0 0.266861 0.00530833 0.002492964 0.292024 0.02345734 -0.002494513 0.292002 0.02346289 0 0.266861 0.00530833 0 0.290496 0.02759069 -0.002496302 0.290902 0.02615058 0.002492368 0.29088 0.02615606 -0.002494513 0.292002 0.02346289 0.002495884 0.319905 0.04305398 0 0.318942 0.04415535 0.002495408 0.320785 0.04023396 0.002495884 0.319905 0.04305398 -0.002495884 0.319904 0.04305398 -0.002495467 0.320783 0.04023367 0 0.304726 0.02952539 -0.002495467 0.320783 0.04023367 0 0.304726 0.02952539 0 0.318942 0.04415535 0.002496004 0.345889 0.05092597 0 0.338064 0.05063939 0.002495586 0.339067 0.04643046 0.002496004 0.345889 0.05092597 0 0.325334 0.04055655 0 0.346588 0.04664909 -0.002495527 0.339068 0.04643064 0 0.346588 0.04664909 0 0.325334 0.04055655 -0.002495825 0.345889 0.05092608 -0.002495527 0.339068 0.04643064 0 0.338064 0.05063939 0 0.409492 0.03071326 0.002496302 0.406009 0.03259575 0.002495646 0.431925 4.84613e-4 1.27104e-7 0.434564 -3.36444e-4 0 0.355872 0.05338817 0.002495408 0.356025 0.04905718 -0.002495408 0.356025 0.0490573 0 0.355872 0.05338817 0.002496778 0.369241 0.05128735 -0.0024966 0.369241 0.05128747 -0.002495408 0.356025 0.0490573 0.002496778 0.369241 0.05128735 0 0.370228 0.0522325 0 0.355872 0.05338817 0 0.36846 0.04700535 0.002494513 0.375611 0.04671198 -0.002495408 0.356025 0.0490573 -0.002494454 0.375611 0.04671198 0 0.36846 0.04700535 0 0.370228 0.0522325 0.002495706 0.389731 0.04369568 -0.002495586 0.389732 0.04369586 -0.002494454 0.375611 0.04671198 0.002495706 0.389731 0.04369568 0 0.398651 0.04009288 0 0.383721 0.04806429 0 0.387737 0.03985339 0.002494633 0.40226 0.03241705 -0.002494692 0.402233 0.03243505 0 0.387737 0.03985339 0 0.383721 0.04806429 0 0.398651 0.04009288 0.002496302 0.406009 0.03259575 -0.002496182 0.406009 0.03259605 -0.002494692 0.402233 0.03243505 0 0.409492 0.03071326 1.27104e-7 0.434564 -3.36444e-4 -0.002495467 0.431925 4.85473e-4 0 0.402995 0.02945995 0 0.431063 -0.005159616 0 0.431063 -0.005159616 0 0.402995 0.02945995 0.002499103 0.431843 -0.003681719 0 0.437316 -0.005527377 0.002507925 0.437304 -0.004047691 -0.002499759 0.432032 -0.003754019 0.002475619 0.435504 -0.001730263 -0.00247544 0.435504 -0.001730203 0.002475619 0.435504 -0.001730263 -0.002507805 0.437304 -0.004047632 0 0.437316 -0.005527377 0.002475619 0.435504 -0.001730263 0.002493739 0.436467 0.003059625 1.37409e-7 0.434992 0.002580046 1.27104e-7 0.434564 -3.36444e-4 -0.002507805 0.437304 -0.004047632 -0.002499759 0.432032 -0.003754019 0 0.440669 -0.001315891 0.002502202 0.439576 0.003758192 0.002507925 0.437304 -0.004047691 -0.002507805 0.437304 -0.004047632 -0.002502083 0.439576 0.003758132 0 0.440669 -0.001315891 -0.00247544 0.435504 -0.001730203 1.27104e-7 0.434564 -3.36444e-4 1.37409e-7 0.434992 0.002580046 -0.0024935 0.436467 0.003059506 0.002502202 0.439576 0.003758192 0.002493739 0.436467 0.003059625 -0.0024935 0.436467 0.003059506 -0.002502083 0.439576 0.003758132 1.37409e-7 0.434992 0.002580046 0.002495706 0.420914 0.02067655 1.30539e-7 0.418626 0.02116429 0 0.440019 0.005583822 0 0.440019 0.005583822 0.002493143 0.420392 0.02598398 0 0.42283 0.02516835 0.002493143 0.420392 0.02598398 -0.002493023 0.420392 0.02598375 0 0.42283 0.02516835 0 0.440019 0.005583822 -0.002495527 0.420915 0.02067637 1.30539e-7 0.418626 0.02116429 -0.002495527 0.420915 0.02067637 0.002498865 0.415636 0.04415339 0.002491652 0.417915 0.04216498 0.002495527 0.4284 0.05706536 0.002496063 0.427359 0.06018656 0.002497017 0.415854 0.03030937 -0.002496778 0.415854 0.03030937 0 0.419761 0.03373026 -0.002493023 0.420392 0.02598375 0 0.419761 0.03373026 0 0.42283 0.02516835 -0.002491533 0.417915 0.0421651 0 0.419484 0.041682 0.002491652 0.417915 0.04216498 -0.002491533 0.417915 0.0421651 0 0.419484 0.041682 -0.002498686 0.415636 0.04415345 0 0.43059 0.05750215 0 0.43059 0.05750215 0.002498865 0.415636 0.04415339 0.002496063 0.427359 0.06018656 1.4428e-7 0.42488 0.05970305 -0.002495825 0.427359 0.06018656 -0.002495408 0.428401 0.05706566 0.00249505 0.457694 0.05356997 0 0.456777 0.05219507 0 0.459297 0.04319685 0.002486586 0.460836 0.0425899 1.4428e-7 0.42488 0.05970305 1.37409e-7 0.431282 0.06468325 0 0.43059 0.05750215 0.002493441 0.436153 0.0624001 0.002495527 0.4284 0.05706536 -0.002495408 0.428401 0.05706566 -0.002493321 0.436153 0.06240016 1.37409e-7 0.431282 0.06468325 0.002493441 0.436153 0.0624001 0.002500534 0.438268 0.06606155 -0.002500295 0.438268 0.06606167 -0.002493321 0.436153 0.06240016 0.002500534 0.438268 0.06606155 1.58021e-7 0.438901 0.06733906 1.58021e-7 0.438901 0.06733906 0 0.440902 0.0618425 0.002490699 0.448484 0.06186127 -0.002493321 0.436153 0.06240016 -0.002493798 0.446642 0.06234937 0 0.440902 0.0618425 0.002500534 0.438268 0.06606155 1.64891e-7 0.447712 0.06638938 1.58021e-7 0.438901 0.06733906 1.64891e-7 0.447712 0.06638938 0.002496361 0.450368 0.06383126 -0.002496123 0.450368 0.06383109 0 0.450941 0.05856335 0 0.450941 0.05856335 -0.002491772 0.457604 0.05429196 -0.002491772 0.457604 0.05429196 -0.002493798 0.446642 0.06234937 0.002500057 0.460863 0.05463206 0.002496361 0.450368 0.06383126 -0.002499759 0.460863 0.05463206 0.002500057 0.460863 0.05463206 1.54585e-7 0.462743 0.05306535 1.4428e-7 0.457073 0.06110817 -0.002499759 0.460863 0.05463206 1.58021e-7 0.455515 0.03138655 0.002498567 0.455971 0.03303325 0.002497792 0.448837 0.03239059 1.58021e-7 0.447583 0.03108459 0 0.459297 0.04319685 0 0.456777 0.05219507 1.54585e-7 0.464969 0.04394227 -0.002489507 0.460618 0.04220324 1.54585e-7 0.462743 0.05306535 1.54585e-7 0.464969 0.04394227 -0.002499759 0.460863 0.05463206 0.002500474 0.463292 0.04124724 -0.002500176 0.463292 0.04124706 -0.002489507 0.460618 0.04220324 1.5115e-7 0.462774 0.03755974 0 0.459297 0.04319685 0 0.453904 0.03697496 0.002486586 0.460836 0.0425899 0 0.453904 0.03697496 0 0.459297 0.04319685 1.5115e-7 0.462774 0.03755974 -0.002498328 0.455971 0.03303319 -0.002500176 0.463292 0.04124706 0.002494513 0.454326 0.03559994 -0.002494394 0.454326 0.03559988 0.002498567 0.455971 0.03303325 1.58021e-7 0.455515 0.03138655 0.002494513 0.454326 0.03559994 0.002485394 0.448129 0.03557556 0 0.45047 0.03655755 0.002485394 0.448129 0.03557556 -0.002485215 0.448129 0.03557538 0 0.45047 0.03655755 -0.002498328 0.455971 0.03303319 -0.002497553 0.448837 0.03239047 1.58021e-7 0.447583 0.03108459 -0.002497553 0.448837 0.03239047 0.002493858 0.471415 0.04043179 0 0.471967 0.04247695 0 0.471187 0.04688274 0.002488076 0.469808 0.04899376 0 0.45047 0.03655755 0 0.446248 0.03962475 0.002485394 0.448129 0.03557556 0 0.446248 0.03962475 0.00249654 0.441748 0.03827667 1.58021e-7 0.447583 0.03108459 -0.002496242 0.441748 0.03827679 -0.002497553 0.448837 0.03239047 0.002494812 0.439867 0.04791384 -0.002496242 0.441748 0.03827679 -0.002494692 0.439866 0.04791378 1.61456e-7 0.43588 0.04657387 1.58021e-7 0.439947 0.03854387 1.58021e-7 0.439947 0.03854387 1.61456e-7 0.43588 0.04657387 0.002495765 0.4373 0.04705357 -0.002495527 0.4373 0.04705357 0 0.491167 0.04675036 0 0.485884 0.03769046 0.002495586 0.492557 0.04606509 -0.002495467 0.492557 0.04606509 0 0.485884 0.03769046 0 0.491167 0.04675036 0.002495706 0.495105 0.04480957 0.002499997 0.48847 0.03387928 0 0.496413 0.04416418 0 0.496413 0.04416418 -0.002499878 0.48847 0.03387928 -0.002495586 0.495105 0.04480957 0.002495586 0.492557 0.04606509 0.002485692 0.486086 0.03570199 0.002499997 0.48847 0.03387928 -0.002499878 0.48847 0.03387928 -0.002485573 0.486086 0.03570199 0.002499401 0.478116 0.03175586 -0.002499222 0.478116 0.03175586 0 0.479111 0.03593647 0.002494931 0.478656 0.03483897 0.002485692 0.486086 0.03570199 -0.002494752 0.478656 0.03483897 0 0.479111 0.03593647 0 0.475832 0.03131616 0 0.483563 0.03025597 0 0.483563 0.03025597 0 0.475832 0.03131616 -0.002499222 0.478116 0.03175586 0.002494931 0.478656 0.03483897 0.002493858 0.471415 0.04043179 -0.002493739 0.471415 0.04043179 0.002501189 0.46814 0.03978145 -0.00250107 0.46814 0.03978145 0 0.466817 0.03934818 0 0.466817 0.03934818 -0.00250107 0.46814 0.03978145 0.002488076 0.469808 0.04899376 -0.002493739 0.471415 0.04043179 -0.002487957 0.469808 0.04899376 0 0.471187 0.04688274 0 0.471967 0.04247695 0 0.466817 0.03934818 0.002501189 0.46814 0.03978145 0.002496302 0.467071 0.0483433 0 0.465542 0.04807126 -0.002487957 0.469808 0.04899376 0 0.465542 0.04807126 -0.002496182 0.467071 0.04834336 0.002496242 0.470901 0.05685937 0 0.468468 0.05556994 0 0.468468 0.05556994 -0.002496123 0.470901 0.05685949 0 0.475721 0.05629575 0 0.475721 0.05629575 0.002490639 0.47943 0.06137746 0 0.482186 0.0605942 0 0.49229 0.0604074 0.002494215 0.493096 0.06179565 0 0.474561 0.06296247 0 0.475721 0.05629575 0.002490639 0.47943 0.06137746 0.002488076 0.469808 0.04899376 -0.00249052 0.47943 0.06137746 0 0.468468 0.05556994 0 0.474561 0.06296247 -0.002496123 0.470901 0.05685949 0.00249952 0.479799 0.06468927 0.002496242 0.470901 0.05685937 -0.002499401 0.479799 0.06468939 -0.00249052 0.47943 0.06137746 0.00249952 0.479799 0.06468927 0 0.48084 0.06620717 0 0.48084 0.06620717 -0.00249052 0.47943 0.06137746 -0.002494037 0.493096 0.06179565 0 0.49229 0.0604074 0 0.482186 0.0605942 0 0.512911 0.04953229 0.002496659 0.512073 0.04766339 0.002495825 0.513804 0.03766328 0 0.515242 0.03836399 -0.002494037 0.493096 0.06179565 0.00249654 0.493555 0.06457066 -0.002496421 0.493555 0.06457066 0.00249654 0.493555 0.06457066 0.002496957 0.503947 0.05903655 0 0.494131 0.06605869 0 0.499133 0.05715286 0 0.499133 0.05715286 0 0.494131 0.06605869 -0.002496778 0.503947 0.05903667 0.002495288 0.501793 0.05689918 0.002496957 0.503947 0.05903655 -0.002495169 0.501793 0.05689865 0 0.504663 0.06015884 0 0.506693 0.04906004 0.002493739 0.509449 0.04677069 -0.002495169 0.501793 0.05689865 -0.002493619 0.509449 0.04677098 0 0.506693 0.04906004 0 0.504663 0.06015884 0 0.512911 0.04953229 0.002496659 0.512073 0.04766339 -0.00249648 0.512073 0.04766327 -0.002493619 0.509449 0.04677098 0 0.50958 0.03804779 0 0.50958 0.03804779 0 0.512911 0.04953229 0 0.515242 0.03836399 -0.002495706 0.513804 0.03766328 -0.00249648 0.512073 0.04766327 0.002496778 0.512251 0.02572238 0 0.513726 0.02552586 0.002489864 0.510323 0.02816724 0.002495825 0.513804 0.03766328 -0.002495706 0.513804 0.03766328 -0.002495408 0.510874 0.03610128 0 0.513726 0.02552586 -0.002496659 0.512251 0.0257225 -0.002495408 0.510874 0.03610128 -0.002494335 0.509351 0.02632117 0 0.508061 0.02715897 0 0.50958 0.03804779 0 0.508061 0.02715897 0.002489864 0.510323 0.02816724 0 0.513726 0.02552586 0.002496778 0.512251 0.02572238 0.002494037 0.497194 0.008646786 0 0.506915 0.01629555 -0.002496659 0.512251 0.0257225 -0.002494335 0.509351 0.02632117 0 0.506915 0.01629555 -0.002493977 0.497194 0.008646607 0 0.502064 0.01958549 0 0.502064 0.01958549 0 0.508061 0.02715897 0 0.497803 0.007788062 0.002494037 0.497194 0.008646786 0.002513289 0.49535 0.01104199 1.0924e-6 0.497562 0.01136887 0.002513289 0.49535 0.01104199 -0.002493977 0.497194 0.008646607 -0.002512574 0.495351 0.01104366 0 0.494025 0.01214498 0.002513289 0.49535 0.01104199 0 0.494025 0.01214498 -0.001822352 0.493516 0.007954835 0.002550303 0.494997 0.008176326 0 0.497803 0.007788062 1.0924e-6 0.497562 0.01136887 -0.002512574 0.495351 0.01104366 -0.002493977 0.497194 0.008646607 -2.07488e-6 0.516534 0.01959657 -2.07488e-6 0.530226 0.03203618 0.002494215 0.529914 0.03362959 0.002494752 0.515522 0.02059936 2.14359e-6 0.493717 0.01231336 -0.001822352 0.493516 0.007954835 -0.002496004 0.496608 0.009047448 -2.04053e-6 0.497452 0.007509589 2.14359e-6 0.493717 0.01231336 0.002550303 0.494997 0.008176326 0.002496719 0.500778 0.01545488 0.002513289 0.49535 0.01104199 -0.002512574 0.495351 0.01104366 -0.002494454 0.500776 0.01545804 -0.002496004 0.496608 0.009047448 -0.002496719 0.51552 0.0206024 0.002496719 0.500778 0.01545488 0.0024966 0.514278 0.02328848 2.14702e-6 0.51316 0.02422946 -2.0474e-6 0.503131 0.01182448 -0.002496719 0.51552 0.0206024 -2.07488e-6 0.516534 0.01959657 -2.0474e-6 0.503131 0.01182448 2.14702e-6 0.51316 0.02422946 -0.002494335 0.514275 0.02329128 -0.002496182 0.529912 0.03363299 -2.07488e-6 0.530226 0.03203618 0.002497434 0.529592 0.03701937 2.14702e-6 0.529415 0.0386818 2.14702e-6 0.529415 0.0386818 -0.002495288 0.529589 0.03702229 0.002497434 0.529592 0.03701937 0.0024966 0.514278 0.02328848 -0.002496182 0.529912 0.03363299 -2.05083e-6 0.540705 0.03719794 0.002494037 0.53907 0.03822195 -0.002496063 0.53907 0.03822559 -2.05083e-6 0.540705 0.03719794 0.002497196 0.539575 0.04124867 2.15046e-6 0.539783 0.04272317 2.15046e-6 0.539783 0.04272317 -0.00249505 0.539574 0.04125225 0.002497196 0.539575 0.04124867 -0.002496063 0.53907 0.03822559 0.002497196 0.539575 0.04124867 0.002499043 0.553362 0.03969347 2.14359e-6 0.554269 0.0409131 2.15046e-6 0.539783 0.04272317 0.002492666 0.551343 0.03729975 -0.002494692 0.551344 0.03730314 2.14359e-6 0.554269 0.0409131 -0.002496898 0.553363 0.03969687 0.002499043 0.553362 0.03969347 0.002497017 0.561888 0.03322309 2.15733e-6 0.565401 0.03142637 0.002493321 0.560987 0.0301128 -0.002495288 0.56099 0.03011536 2.15733e-6 0.565401 0.03142637 -0.002494573 0.561892 0.03322619 0.002497017 0.561888 0.03322309 -2.06801e-6 0.561221 0.008532643 -2.04053e-6 0.553569 0.003044426 0.002487778 0.553688 0.001594901 0.002493679 0.561754 0.006919026 0.002497196 0.566666 0.02571326 -2.04396e-6 0.558677 0.0303148 -2.05427e-6 0.562628 0.02409219 -0.002495288 0.56099 0.03011536 -2.05427e-6 0.562628 0.02409219 -2.04396e-6 0.558677 0.0303148 -0.00249511 0.566669 0.02571475 0.002489924 0.56588 0.01676285 0.002497196 0.566666 0.02571326 -0.002491891 0.565884 0.01676267 0.002500116 0.568433 0.01394134 2.15046e-6 0.569371 0.02127736 -2.05427e-6 0.562628 0.02409219 -2.06458e-6 0.564116 0.01591604 0.002489924 0.56588 0.01676285 -0.002491891 0.565884 0.01676267 -2.06458e-6 0.564116 0.01591604 2.15046e-6 0.569371 0.02127736 -0.002497911 0.568437 0.01394104 -0.00249511 0.566669 0.02571475 2.15389e-6 0.569671 0.01406276 2.15389e-6 0.569671 0.01406276 -2.06458e-6 0.564116 0.01591604 0.002489924 0.56588 0.01676285 -2.06801e-6 0.561221 0.008532643 -0.002495646 0.561757 0.00691688 0.002497255 0.562373 0.003386139 2.13672e-6 0.566732 0.006598591 2.13672e-6 0.566732 0.006598591 -0.00249511 0.562375 0.003383636 0.002497255 0.562373 0.003386139 2.15389e-6 0.56194 0.001149296 -2.06801e-6 0.561221 0.008532643 -0.002495646 0.561757 0.00691688 -0.002489864 0.553688 0.001591026 -2.04053e-6 0.553569 0.003044426 0.002497255 0.562373 0.003386139 0.002509117 0.552724 -0.001523852 2.1642e-6 0.55413 -0.002638518 2.15389e-6 0.56194 0.001149296 2.1642e-6 0.55413 -0.002638518 -0.002506852 0.552724 -0.001527786 0.002487778 0.553688 0.001594901 -0.00249511 0.562375 0.003383636 -0.002506852 0.552724 -0.001527786 0.002487778 0.553688 0.001594901 -2.04053e-6 0.553569 0.003044426 -2.0577e-6 0.547934 0.005350768 0.002493977 0.547022 0.004187941 0.002493977 0.547022 0.004187941 -0.002495944 0.54702 0.00418502 -2.0577e-6 0.547934 0.005350768 -2.04053e-6 0.544313 0.01020467 0.002492904 0.543162 0.009275674 0.002500355 0.5422 0.004684984 2.13328e-6 0.546403 -5.93028e-4 2.13328e-6 0.546403 -5.93028e-4 -0.002498269 0.542197 0.004682719 -0.002506852 0.552724 -0.001527786 2.13672e-6 0.541314 0.003885447 2.13672e-6 0.541314 0.003885447 -0.00249499 0.543159 0.009274542 -2.04053e-6 0.544313 0.01020467 2.15733e-6 0.538487 0.01035594 0.002497315 0.540048 0.01173526 0.002496957 0.542222 0.01910215 2.16763e-6 0.540739 0.01940238 2.15733e-6 0.538487 0.01035594 2.15733e-6 0.538487 0.01035594 0.002492904 0.543162 0.009275674 0.002497315 0.540048 0.01173526 -0.002498269 0.542197 0.004682719 -0.00249511 0.540044 0.01173585 0.002493977 0.543776 0.01560187 -0.002495944 0.543773 0.01560235 2.16763e-6 0.540739 0.01940238 -0.002494692 0.542219 0.01910459 -0.00249511 0.540044 0.01173585 -2.07832e-6 0.546109 0.01716607 0.002493977 0.543776 0.01560187 -0.002495944 0.543773 0.01560235 -2.07832e-6 0.546109 0.01716607 -2.04053e-6 0.544313 0.01020467 0.002496659 0.546698 0.02576756 2.17107e-6 0.545532 0.02662009 0.002494513 0.548989 0.02409356 0.002496957 0.542222 0.01910215 -0.002494692 0.542219 0.01910459 -0.00249654 0.548986 0.02409577 2.16763e-6 0.540739 0.01940238 2.17107e-6 0.545532 0.02662009 -0.002494513 0.546695 0.02576959 -2.07832e-6 0.546109 0.01716607 -2.08519e-6 0.550187 0.02321827 0.002494513 0.548989 0.02409356 -0.00249654 0.548986 0.02409577 -2.08519e-6 0.550187 0.02321827 0.03132569 0.246877 -0.003545999 0.0279386 0.24661 -0.006019711 0.03359746 0.248041 -0.001054108 0.03612756 0.245005 -0.00354588 0.04147517 0.2413679 -0.001061499 0.03612756 0.245005 -0.00354588 0.01560729 0.220019 -0.003546178 0.01560729 0.220019 -0.003546178 0.01429325 0.221799 -0.001047074 8.28145e-4 0.241146 -0.003546178 0.05019539 0.346588 -0.003546178 0.05483388 0.369241 -0.001049578 0.04339957 0.387738 -0.003546178 0.03309297 0.402879 -0.003546178 0.04339957 0.387738 -0.003546178 0.03309297 0.402879 -0.003546178 0.004031002 0.431925 -0.001050591 -0.001981019 0.437316 -0.003546237 -5.01345e-4 0.437304 -0.001038312 0.03385567 0.415854 -0.006043255 0.03374826 0.414631 -0.003546357 0.03374826 0.414631 -0.003546357 0.0438683 0.413432 -0.003546357 0.03374826 0.414631 -0.003546357 0.0438683 0.413432 -0.003546357 0.03385567 0.415854 -0.001049399 0.04769957 0.415636 -0.006045103 0.0438683 0.413432 -0.003546357 0.05094128 0.415976 -0.003546357 0.05094128 0.415976 -0.003546357 0.06538879 0.440902 -0.003546237 0.0646544 0.457073 -0.003546357 0.05638808 0.458214 -0.006040811 0.05574125 0.456777 -0.003546237 0.04479336 0.463292 -0.001045942 0.04479336 0.463292 -0.001045942 0.03912186 0.448129 -0.006031572 0.04317104 0.446248 -0.003546237 0.05146008 0.439867 -0.006041109 0.05146008 0.439866 -0.001051545 0.04317104 0.446248 -0.003546237 0.0519551 0.441338 -0.003546237 0.05146008 0.439867 -0.006041109 0.0519551 0.441338 -0.003546237 0.05059987 0.4373 -0.006042003 0.04835587 0.495105 -0.006041884 0.03785139 0.49056 -0.003546237 0.03785139 0.49056 -0.003546237 0.03380227 0.483563 -0.003546237 0.03530216 0.478116 -0.006045639 0.03838527 0.478656 -0.001051366 0.03948277 0.479111 -0.003546237 0.04602324 0.471967 -0.003546237 0.05188959 0.467071 -0.001049995 0.06414055 0.482186 -0.003546237 0.05984199 0.475721 -0.003546237 0.06975346 0.48084 -0.003546237 0.06823569 0.479799 -0.001046776 0.06370449 0.504663 -0.003546297 0.05260646 0.506693 -0.003546237 0.05307888 0.512911 -0.003546297 0.01133435 0.497803 -0.003546237 0.01133435 0.497803 -0.003546237 0.01150119 0.493516 -0.001723825 0.01105588 0.497452 -0.003544151 0.01585978 0.493717 -0.003548324 0.01105588 0.497452 -0.003544151 0.01172268 0.494997 -0.006096541 0.01459008 0.495351 -0.001033604 0.01585978 0.493717 -0.003548324 0.04176825 0.53907 -0.006040215 0.04074436 0.540705 -0.003544151 0.04084604 0.551343 -0.006038904 0.03843027 0.552973 -0.003544151 0.03843027 0.552973 -0.003544151 0.03366166 0.56099 -0.00105077 0.02030897 0.565884 -0.001054286 0.02763897 0.562628 -0.003544151 0.0174877 0.568433 -0.006046354 0.01014548 0.566732 -0.003548324 0.01046335 0.561757 -0.001050531 9.0776e-4 0.55413 -0.003548383 0.01528155 0.540048 -0.006043553 0.01282209 0.543162 -0.006039142 0.02931606 0.546695 -0.001051723 -0.03132557 0.246877 -0.003546476 -0.03132557 0.246877 -0.003546476 -0.02793836 0.24661 -0.001072764 -0.03359758 0.248041 -0.001054763 -0.03132557 0.246877 -0.003546476 -0.03359729 0.248041 -0.006038427 -0.01560735 0.220019 -0.003546357 -0.01560735 0.220019 -0.003546357 -0.01560735 0.220019 -0.003546357 -8.28046e-4 0.241146 -0.003546357 -0.00880289 0.266766 -0.003546357 -0.005047202 0.257823 -0.006043374 -0.02935868 0.290335 -0.006043851 -0.00880289 0.266766 -0.003546357 -0.04837906 0.331961 -0.001051247 -0.05055159 0.36846 -0.003546297 -0.05483376 0.369241 -0.006042957 -0.03309279 0.402879 -0.003546297 -0.03309279 0.402879 -0.003546297 -0.004031002 0.431925 -0.006041884 0.001981139 0.437316 -0.003546297 5.01455e-4 0.437304 -0.006054162 -0.03385555 0.415854 -0.00104928 -0.03374826 0.414631 -0.003546178 -0.03374826 0.414631 -0.003546178 -0.04386818 0.413432 -0.003546178 -0.03374826 0.414631 -0.003546178 -0.04386818 0.413432 -0.003546178 -0.03385555 0.415854 -0.006043136 -0.04769957 0.415636 -0.001047372 -0.04769957 0.415636 -0.001047372 -0.05094134 0.415976 -0.003546118 -0.05094134 0.415976 -0.003546118 -0.0606119 0.428401 -0.006041705 -0.06538867 0.440902 -0.003546237 -0.06465429 0.457073 -0.003546178 -0.04479324 0.463292 -0.006046533 -0.04479324 0.463292 -0.006046533 -0.03912174 0.448129 -0.001060903 -0.04317104 0.446248 -0.003546237 -0.05146008 0.439867 -0.001051425 -0.05145996 0.439866 -0.00604099 -0.04317104 0.446248 -0.003546237 -0.05195498 0.441338 -0.003546237 -0.05146008 0.439867 -0.001051425 -0.05195498 0.441338 -0.003546237 -0.05059975 0.4373 -0.001050472 -0.04835575 0.495105 -0.001050531 -0.03785127 0.49056 -0.003546237 -0.04771047 0.496413 -0.003546237 -0.04833775 0.495141 -0.006041884 -0.03380215 0.483563 -0.003546237 -0.03741055 0.488437 -0.006046891 -0.0353021 0.478116 -0.001046895 -0.03838515 0.478656 -0.006041109 -0.03948265 0.479111 -0.003546237 -0.04602319 0.471967 -0.003546237 -0.05188947 0.467071 -0.00604254 -0.05984199 0.475721 -0.003546237 -0.06960487 0.494131 -0.003546237 -0.0681169 0.493555 -0.006042778 -0.05031704 0.509449 -0.006039917 -0.0113343 0.497803 -0.003546237 -0.0121929 0.497194 -0.006040334 -0.01150107 0.493516 -0.005368709 -0.01172256 0.494997 -9.95969e-4 -0.01585966 0.493717 -0.003544151 -0.01105576 0.497452 -0.003548383 -0.01172256 0.494997 -9.95969e-4 -0.01458984 0.495351 -0.006058871 -0.01585966 0.493717 -0.003544151 -0.04176819 0.53907 -0.00105226 -0.04074418 0.540705 -0.003548324 -0.04084599 0.551343 -0.001053631 -0.03843015 0.552973 -0.003548383 -0.03843015 0.552973 -0.003548383 -0.0336613 0.56099 -0.006041705 -0.02030885 0.565884 -0.006038248 -0.02763807 0.562628 -0.003548383 -0.0292592 0.566666 -0.001049041 -0.0174877 0.568433 -0.001046121 -0.01748728 0.568436 -0.006044268 -0.01046317 0.561757 -0.006042003 -9.07657e-4 0.55413 -0.003544151 -0.01282179 0.543162 -0.001053333 -0.0191493 0.543773 -0.006042301 -0.02764189 0.548986 -0.006042897 -0.02071219 0.546109 -0.003548383 -0.02931576 0.546696 -0.006040871 2.78254e-7 0.246877 -0.03487199 0.002473831 0.24661 -0.03148478 2.78254e-7 0.246877 -0.03487199 0.002492189 0.248041 -0.03714376 -0.002491414 0.248041 -0.03714388 -0.002483546 0.2413679 -0.04502165 4.25969e-7 0.245005 -0.0396741 4.25969e-7 0.245005 -0.0396741 8.38197e-7 0.2352319 -0.05072259 1.58021e-7 0.220019 -0.01915389 1.58021e-7 0.220019 -0.01915389 -0.002498924 0.221799 -0.01783937 1.37409e-7 0.241146 -0.004374325 -0.002496659 0.369241 -0.05837994 0 0.36846 -0.05409795 -0.002495527 0.431925 -0.007577359 0 0.440669 -0.005776643 0 0.437316 -0.001565158 0.002496898 0.415854 -0.03740179 0 0.418626 -0.02825689 -0.002496898 0.415854 -0.03740197 0 0.414631 -0.03729438 0 0.414631 -0.03729438 0 0.413432 -0.0474146 0 0.413432 -0.0474146 0.002498745 0.415636 -0.05124598 0 0.415976 -0.05448746 0 0.413432 -0.0474146 0 0.415976 -0.05448746 0 0.440902 -0.06893497 0 0.457072 -0.06820076 0 0.456777 -0.05928766 -0.002500355 0.463292 -0.0483399 0 0.462774 -0.0446524 -0.002494752 0.439867 -0.05500638 0.002485334 0.448129 -0.04266798 0.002494752 0.439866 -0.05500626 0 0.446248 -0.0467174 0 0.441338 -0.05550128 0 0.446248 -0.0467174 0.002494752 0.439866 -0.05500626 0 0.441338 -0.05550128 0.002495586 0.437299 -0.05414605 0.002495646 0.495105 -0.05190205 0 0.49056 -0.04139757 0 0.49056 -0.04139757 0 0.483563 -0.03734844 0.002499341 0.478116 -0.0388484 -0.002494812 0.478656 -0.04193156 0 0.479111 -0.04302895 0 0.471967 -0.04956948 -0.002496182 0.467071 -0.05543589 0 0.475721 -0.0633884 0 0.482186 -0.06768679 0 0.494131 -0.07315117 -0.00249648 0.493555 -0.0716632 0 0.504663 -0.0672515 0 0.512911 -0.05662477 0 0.497803 -0.01488059 0 0.497803 -0.01488059 0.001822471 0.493516 -0.01504749 0.001822471 0.493516 -0.01504749 2.15046e-6 0.497452 -0.01460218 0.001822471 0.493516 -0.01504749 0.002512633 0.495351 -0.01813626 0.002496123 0.496608 -0.0161401 -0.00251317 0.49535 -0.01813447 -2.03709e-6 0.493717 -0.01940596 -2.03709e-6 0.493717 -0.01940596 0.002496182 0.53907 -0.04531818 0.002494812 0.551344 -0.0443958 2.15046e-6 0.540705 -0.0442906 2.16076e-6 0.552973 -0.04197645 2.16076e-6 0.552973 -0.04197645 -0.002493321 0.560987 -0.03720539 2.16076e-6 0.562628 -0.03118455 -0.002489805 0.56588 -0.02385538 0.002495169 0.566669 -0.03280758 0.00249803 0.568436 -0.0210337 -2.03366e-6 0.566732 -0.0136916 -0.00249356 0.561754 -0.01401156 -2.06114e-6 0.55413 -0.004453957 0.002495229 0.540044 -0.01882839 0.00249511 0.543159 -0.01636719 -2.06801e-6 0.545532 -0.0337128 -1.75197e-7 0.246877 0.0277794 -1.75197e-7 0.246877 0.0277794 0.002491533 0.248041 0.03005129 -0.002473711 0.24661 0.02439218 -1.75197e-7 0.246877 0.0277794 -0.00249207 0.248041 0.03005105 -7.38575e-7 0.2352319 0.04363 0 0.220019 0.01206135 0 0.220019 0.01206135 0 0.220019 0.01206135 0 0.241146 -0.00271815 0.002497076 0.257346 0.001365244 0.002496778 0.369241 0.05128735 0 0.346588 0.04664909 0.002495646 0.431925 4.84613e-4 0 0.437316 -0.005527377 0.002507925 0.437304 -0.004047691 -0.002496778 0.415854 0.03030937 1.27104e-7 0.414631 0.03020185 1.27104e-7 0.414631 0.03020185 1.27104e-7 0.414631 0.03020185 0.002497017 0.415854 0.03030937 1.33974e-7 0.413432 0.04032194 1.33974e-7 0.413432 0.04032194 -0.002498686 0.415636 0.04415345 1.54585e-7 0.415976 0.04739499 -0.002498686 0.415636 0.04415345 1.54585e-7 0.415976 0.04739499 0.002495527 0.4284 0.05706536 0 0.43059 0.05750215 0 0.440902 0.0618425 1.4428e-7 0.457073 0.06110817 0.002500474 0.463292 0.04124724 0.002500474 0.463292 0.04124724 0.002494812 0.439867 0.04791384 -0.002485215 0.448129 0.03557538 -0.002494692 0.439866 0.04791378 0 0.446248 0.03962475 0 0.441338 0.04840874 0 0.446248 0.03962475 -0.002494692 0.439866 0.04791378 0 0.441338 0.04840874 -0.002495527 0.4373 0.04705357 0.002495706 0.495105 0.04480957 -0.002495586 0.495105 0.04480957 0 0.49056 0.03430497 0 0.49056 0.03430497 0.002499997 0.48847 0.03387928 0 0.483563 0.03025597 -0.002499222 0.478116 0.03175586 0.002494931 0.478656 0.03483897 0 0.479111 0.03593647 0 0.471967 0.04247695 0.002496302 0.467071 0.0483433 -0.002496182 0.467071 0.04834336 0 0.475721 0.05629575 0 0.482186 0.0605942 0 0.48084 0.06620717 0.00249952 0.479799 0.06468927 0 0.494131 0.06605869 0.00249952 0.479799 0.06468927 0.00249654 0.493555 0.06457066 0 0.494131 0.06605869 0.002493739 0.509449 0.04677069 0.002494037 0.497194 0.008646786 0 0.497803 0.007788062 -0.001822352 0.493516 0.007954835 -0.001822352 0.493516 0.007954835 -2.04053e-6 0.497452 0.007509589 -0.001822352 0.493516 0.007954835 -0.002512574 0.495351 0.01104366 -0.002496004 0.496608 0.009047448 0.002513289 0.49535 0.01104199 2.14359e-6 0.493717 0.01231336 2.14359e-6 0.493717 0.01231336 -0.002496063 0.53907 0.03822559 -0.002494692 0.551344 0.03730314 -2.05083e-6 0.540705 0.03719794 -2.0577e-6 0.552973 0.03488379 -2.0577e-6 0.552973 0.03488379 0.002493321 0.560987 0.0301128 -2.05427e-6 0.562628 0.02409219 0.002489924 0.56588 0.01676285 2.15733e-6 0.565401 0.03142637 0.002500116 0.568433 0.01394134 -0.002497911 0.568437 0.01394104 0.002493679 0.561754 0.006919026 2.1642e-6 0.55413 -0.002638518 -0.00249499 0.543159 0.009274542 0.002493977 0.543776 0.01560187 -2.07832e-6 0.546109 0.01716607 0.002494513 0.548989 0.02409356 0.002496659 0.546698 0.02576756 -0.164017 -0.941353 -0.167273 -0.164017 -0.941353 0.1607609 -0.164017 -0.926692 0.1607609 -0.164017 -0.926692 -0.167273 -0.180105 -1 0.176849 0.180105 -1 0.176849 0.180105 -0.941353 0.176849 -0.180105 -0.941353 0.176849 0.180105 -1 0.176849 0.180105 -1 -0.1833609 0.180105 -0.941353 -0.1833609 0.180105 -0.941353 0.176849 -0.180105 -1 -0.1833609 -0.180105 -1 0.176849 -0.180105 -0.941353 0.176849 -0.180105 -0.941353 -0.1833609 0.180105 -1 -0.1833609 -0.180105 -1 -0.1833609 -0.180105 -0.941353 -0.1833609 0.180105 -0.941353 -0.1833609 -0.164017 -0.941353 0.1607609 -0.164017 -0.941353 -0.167273 -0.180105 -0.941353 -0.1833609 -0.180105 -0.941353 0.176849 0.164017 -0.941353 0.1607609 -0.164017 -0.941353 0.1607609 -0.180105 -0.941353 0.176849 0.180105 -0.941353 0.176849 0.164017 -0.941353 -0.167273 0.164017 -0.941353 0.1607609 0.180105 -0.941353 0.176849 0.180105 -0.941353 -0.1833609 -0.164017 -0.941353 -0.167273 0.164017 -0.941353 -0.167273 0.180105 -0.941353 -0.1833609 -0.180105 -0.941353 -0.1833609 0.108464 -0.897368 -0.111721 -0.108464 -0.897368 -0.111721 -0.108464 -0.887026 -0.111721 0.108464 -0.887026 -0.111721 0.164017 -0.941353 -0.167273 -0.164017 -0.941353 -0.167273 -0.164017 -0.926692 -0.167273 0.164017 -0.926692 -0.167273 -0.164017 -0.941353 0.1607609 0.164017 -0.941353 0.1607609 0.164017 -0.926692 0.1607609 -0.164017 -0.926692 0.1607609 0.164017 -0.941353 0.1607609 0.164017 -0.941353 -0.167273 0.164017 -0.926692 -0.167273 0.164017 -0.926692 0.1607609 -0.117451 -0.897368 0.114194 -0.117451 -0.897368 -0.120707 -0.164017 -0.926692 -0.167273 -0.164017 -0.926692 0.1607609 0.117451 -0.897368 0.114194 -0.117451 -0.897368 0.114194 -0.164017 -0.926692 0.1607609 0.164017 -0.926692 0.1607609 0.117451 -0.897368 -0.120707 0.117451 -0.897368 0.114194 0.164017 -0.926692 0.1607609 0.164017 -0.926692 -0.167273 -0.117451 -0.897368 -0.120707 0.117451 -0.897368 -0.120707 0.164017 -0.926692 -0.167273 -0.164017 -0.926692 -0.167273 -0.108464 -0.897368 0.105208 -0.108464 -0.897368 -0.111721 -0.117451 -0.897368 -0.120707 -0.117451 -0.897368 0.114194 0.108464 -0.897368 0.105208 -0.108464 -0.897368 0.105208 -0.117451 -0.897368 0.114194 0.117451 -0.897368 0.114194 0.108464 -0.897368 -0.111721 0.108464 -0.897368 0.105208 0.117451 -0.897368 0.114194 0.117451 -0.897368 -0.120707 -0.108464 -0.897368 -0.111721 0.108464 -0.897368 -0.111721 0.117451 -0.897368 -0.120707 -0.117451 -0.897368 -0.120707 -0.108464 -0.897368 0.105208 0.108464 -0.897368 0.105208 0.108464 -0.887026 0.105208 -0.108464 -0.887026 0.105208 0.108464 -0.897368 0.105208 0.108464 -0.897368 -0.111721 0.108464 -0.887026 -0.111721 0.108464 -0.887026 0.105208 -0.108464 -0.897368 -0.111721 -0.108464 -0.897368 0.105208 -0.108464 -0.887026 0.105208 -0.108464 -0.887026 -0.111721 -0.02201467 -0.887026 0.01875835 -0.02784657 -0.887026 0.01066696 -0.03113335 -0.887026 -0.003256261 -0.02784657 -0.887026 -0.01717954 -0.02201467 -0.887026 -0.02527099 -0.108464 -0.887026 -0.111721 -0.108464 -0.887026 0.105208 0.02201467 -0.887026 0.01875835 0.01392328 -0.887026 0.02459025 0 -0.887026 0.02787709 -0.01392328 -0.887026 0.02459025 -0.02201467 -0.887026 0.01875835 -0.108464 -0.887026 0.105208 0.108464 -0.887026 0.105208 0.02201467 -0.887026 -0.02527099 0.02784657 -0.887026 -0.01717954 0.03113335 -0.887026 -0.003256261 0.02784657 -0.887026 0.01066696 0.02201467 -0.887026 0.01875835 0.108464 -0.887026 0.105208 0.108464 -0.887026 -0.111721 -0.02201467 -0.887026 -0.02527099 -0.01392328 -0.887026 -0.03110289 0 -0.887026 -0.03438967 0.01392328 -0.887026 -0.03110289 0.02201467 -0.887026 -0.02527099 0.108464 -0.887026 -0.111721 -0.108464 -0.887026 -0.111721 -0.02201467 -0.887026 0.01875835 -0.01392328 -0.887026 0.02459025 -0.01392328 -0.879051 0.02459025 -0.02201467 -0.879051 0.01875835 -0.02784657 -0.887026 0.01066696 -0.02784657 -0.879051 0.01066696 0 -0.887026 -0.03438967 -0.01392328 -0.887026 -0.03110289 -0.01392328 -0.879051 -0.03110289 0 -0.879051 -0.03438967 0 -0.887026 0.02787709 0 -0.879051 0.02787709 0.01392328 -0.887026 0.02459025 0.02201467 -0.887026 0.01875835 0.02201467 -0.879051 0.01875835 0.01392328 -0.879051 0.02459025 -0.02201467 -0.887026 -0.02527099 -0.02784657 -0.887026 -0.01717954 -0.02784657 -0.879051 -0.01717954 -0.02201467 -0.879051 -0.02527099 0.01392328 -0.887026 -0.03110289 0.01392328 -0.879051 -0.03110289 0.02784657 -0.887026 -0.01717954 0.02201467 -0.887026 -0.02527099 0.02201467 -0.879051 -0.02527099 0.02784657 -0.879051 -0.01717954 0.03113335 -0.887026 -0.003256261 0.03113335 -0.879051 -0.003256261 0.02784657 -0.887026 0.01066696 0.03113335 -0.887026 -0.003256261 0.03113335 -0.879051 -0.003256261 0.02784657 -0.879051 0.01066696 -0.03113335 -0.887026 -0.003256261 -0.03113335 -0.879051 -0.003256261 0.01392328 -0.879051 0.02459025 0.02201467 -0.879051 0.01875835 0.01977699 -0.879051 0.01652067 0.01250809 -0.879051 0.02175986 0.02201467 -0.879051 -0.02527099 0.01392328 -0.879051 -0.03110289 0.01250809 -0.879051 -0.02827244 0.01977699 -0.879051 -0.02303326 0.02784657 -0.879051 -0.01717954 0.02501618 -0.879051 -0.01576435 -0.02201467 -0.879051 0.01875835 -0.01392328 -0.879051 0.02459025 -0.01250809 -0.879051 0.02175986 -0.01977699 -0.879051 0.01652067 -0.01392328 -0.879051 -0.03110289 -0.02201467 -0.879051 -0.02527099 -0.01977699 -0.879051 -0.02303326 -0.01250809 -0.879051 -0.02827244 0 -0.879051 -0.03438967 0 -0.879051 -0.03122526 0 -0.879051 0.02787709 0 -0.879051 0.02471268 -0.02784657 -0.879051 -0.01717954 -0.02501618 -0.879051 -0.01576435 0.03113335 -0.879051 -0.003256261 0.027969 -0.879051 -0.003256261 0.02784657 -0.879051 0.01066696 0.03113335 -0.879051 -0.003256261 0.027969 -0.879051 -0.003256261 0.02501618 -0.879051 0.009251773 -0.03113335 -0.879051 -0.003256261 -0.027969 -0.879051 -0.003256261 -0.02784657 -0.879051 0.01066696 -0.02501618 -0.879051 0.009251773 0.02288979 -0.862245 -0.003256261 0.0204733 -0.862245 0.006980299 0.01618546 -0.862245 0.0129292 -0.02288979 -0.862245 -0.003256261 -0.0204733 -0.862245 -0.01349288 -0.01618546 -0.862245 0.0129292 -0.0204733 -0.862245 0.006980299 0.01023656 -0.862245 0.01721698 0 -0.862245 0.01963347 0.01023656 -0.862245 -0.02372956 0.01618546 -0.862245 -0.01944178 0.0204733 -0.862245 -0.01349288 -0.01023656 -0.862245 0.01721698 -0.01618558 -0.862245 -0.01944178 -0.01023656 -0.862245 -0.02372956 0 -0.862245 -0.02614605 0.02288979 -0.862245 -0.003256261 0 -0.862245 -0.02614605 -0.01023656 -0.862245 -0.02372956 -0.01224207 -0.862245 -0.02774047 0 -0.862245 -0.03063035 -0.01023656 -0.862245 0.01721698 0 -0.862245 0.01963347 0 -0.862245 0.02411776 -0.01224207 -0.862245 0.02122789 -0.01618558 -0.862245 -0.01944178 -0.0204733 -0.862245 -0.01349288 -0.02448415 -0.862245 -0.01549839 -0.01935636 -0.862245 -0.02261269 0.01023656 -0.862245 -0.02372956 0.01224207 -0.862245 -0.02774047 0.02288979 -0.862245 -0.003256261 0.0204733 -0.862245 -0.01349288 0.02448415 -0.862245 -0.01549839 0.02737408 -0.862245 -0.003256261 0.0204733 -0.862245 0.006980299 0.02288979 -0.862245 -0.003256261 0.02737408 -0.862245 -0.003256261 0.02448415 -0.862245 0.008985757 0.01618546 -0.862245 0.0129292 0.01935636 -0.862245 0.01610004 -0.02288979 -0.862245 -0.003256261 -0.02737408 -0.862245 -0.003256261 -0.0204733 -0.862245 0.006980299 -0.01618546 -0.862245 0.0129292 -0.01935636 -0.862245 0.01610004 -0.02448415 -0.862245 0.008985757 0.01023656 -0.862245 0.01721698 0.01224207 -0.862245 0.02122789 0.01618546 -0.862245 -0.01944178 0.01935636 -0.862245 -0.02261269 0.01224207 -0.862245 0.02122789 0.01935636 -0.862245 0.01610004 0.01935636 -0.857403 0.01610004 0.01224207 -0.857403 0.02122789 0.01935636 -0.862245 -0.02261269 0.01224207 -0.862245 -0.02774047 0.01224207 -0.857403 -0.02774047 0.01935636 -0.857403 -0.02261269 0.02448415 -0.862245 -0.01549839 0.02448415 -0.857403 -0.01549839 -0.01935636 -0.862245 0.01610004 -0.01224207 -0.862245 0.02122789 -0.01224207 -0.857403 0.02122789 -0.01935636 -0.857403 0.01610004 -0.01224207 -0.862245 -0.02774047 -0.01935636 -0.862245 -0.02261269 -0.01935636 -0.857403 -0.02261269 -0.01224207 -0.857403 -0.02774047 0 -0.862245 -0.03063035 0 -0.857403 -0.03063035 0 -0.862245 0.02411776 0 -0.857403 0.02411776 -0.02448415 -0.862245 -0.01549839 -0.02448415 -0.857403 -0.01549839 0.02737408 -0.862245 -0.003256261 0.02737408 -0.857403 -0.003256261 0.02448415 -0.862245 0.008985757 0.02737408 -0.862245 -0.003256261 0.02737408 -0.857403 -0.003256261 0.02448415 -0.857403 0.008985757 -0.02737408 -0.862245 -0.003256261 -0.02737408 -0.857403 -0.003256261 -0.02448415 -0.862245 0.008985757 -0.02448415 -0.857403 0.008985757 0.02448415 -0.857403 0.008985757 0.02737408 -0.857403 -0.003256261 0.01375848 -0.857403 -0.003256261 0.01230597 -0.857403 0.002896666 0.01935636 -0.857403 0.01610004 0.009728729 -0.857403 0.006472408 -0.02448415 -0.857403 -0.01549839 -0.02737408 -0.857403 -0.003256261 -0.01375848 -0.857403 -0.003256261 -0.01230597 -0.857403 -0.009409248 -0.02448415 -0.857403 0.008985757 -0.01935636 -0.857403 0.01610004 -0.009728729 -0.857403 0.006472408 -0.01230597 -0.857403 0.002896666 0 -0.857403 0.02411776 0.01224207 -0.857403 0.02122789 0.006152987 -0.857403 0.009049654 0 -0.857403 0.01050215 0.01935636 -0.857403 -0.02261269 0.01224207 -0.857403 -0.02774047 0.006152987 -0.857403 -0.01556229 0.009728729 -0.857403 -0.01298499 0.02448415 -0.857403 -0.01549839 0.01230597 -0.857403 -0.009409248 -0.01224207 -0.857403 0.02122789 -0.006152987 -0.857403 0.009049654 -0.01224207 -0.857403 -0.02774047 -0.01935636 -0.857403 -0.02261269 -0.009728729 -0.857403 -0.01298499 -0.006152987 -0.857403 -0.01556229 0 -0.857403 -0.03063035 0 -0.857403 -0.0170148 0.02737408 -0.857403 -0.003256261 0.01375848 -0.857403 -0.003256261 0 -0.857403 -0.0170148 -0.006152987 -0.857403 -0.01556229 -0.006152987 0.220666 -0.01556229 0 0.220666 -0.0170148 -0.006152987 -0.857403 0.009049654 0 -0.857403 0.01050215 0 0.220666 0.01050215 -0.006152987 0.220666 0.009049654 -0.009728729 -0.857403 -0.01298499 -0.01230597 -0.857403 -0.009409248 -0.01230597 0.220666 -0.009409248 -0.009728729 0.220666 -0.01298499 0.006152987 -0.857403 -0.01556229 0.006152987 0.220666 -0.01556229 0.01375848 -0.857403 -0.003256261 0.01230597 -0.857403 -0.009409248 0.01230597 0.220666 -0.009409248 0.01375848 0.220666 -0.003256261 0.01230597 -0.857403 0.002896666 0.01375848 -0.857403 -0.003256261 0.01375848 0.220666 -0.003256261 0.01230597 0.220666 0.002896666 0.009728729 -0.857403 0.006472408 0.009728729 0.220666 0.006472408 -0.01375848 -0.857403 -0.003256261 -0.01375848 0.220666 -0.003256261 -0.01230597 -0.857403 0.002896666 -0.009728729 -0.857403 0.006472408 -0.009728729 0.220666 0.006472408 -0.01230597 0.220666 0.002896666 0.006152987 -0.857403 0.009049654 0.006152987 0.220666 0.009049654 0.009728729 -0.857403 -0.01298499 0.009728729 0.220666 -0.01298499 0.009728729 0.220666 -0.01298499 0.006152987 0.220666 -0.01556229 0.002362787 0.220666 -0.007981956 0.003735959 0.220666 -0.00699228 0.01230597 0.220666 -0.009409248 0.004725635 0.220666 -0.005619108 -0.009728729 0.220666 0.006472408 -0.006152987 0.220666 0.009049654 -0.002362787 0.220666 0.001469373 -0.003735959 0.220666 4.79681e-4 -0.006152987 0.220666 -0.01556229 -0.009728729 0.220666 -0.01298499 -0.003735959 0.220666 -0.00699228 -0.002362787 0.220666 -0.007981956 0 0.220666 -0.0170148 0 0.220666 -0.008539736 0 0.220666 0.01050215 0 0.220666 0.002027153 -0.01230597 0.220666 -0.009409248 -0.004725635 0.220666 -0.005619108 0.01375848 0.220666 -0.003256261 0.005283415 0.220666 -0.003256261 0.01230597 0.220666 0.002896666 0.01375848 0.220666 -0.003256261 0.005283415 0.220666 -0.003256261 0.004725635 0.220666 -8.93457e-4 0.009728729 0.220666 0.006472408 0.003735959 0.220666 4.79681e-4 -0.01375848 0.220666 -0.003256261 -0.005283415 0.220666 -0.003256261 -0.01230597 0.220666 0.002896666 -0.004725635 0.220666 -8.93457e-4 0.006152987 0.220666 0.009049654 0.002362787 0.220666 0.001469373 0.003735959 0.220666 4.79681e-4 0.004725635 0.220666 -8.93457e-4 0.004725635 0.569849 -8.93457e-4 0.003735959 0.569849 4.79681e-4 -0.004725635 0.220666 -0.005619108 -0.005283415 0.220666 -0.003256261 -0.005283415 0.569849 -0.003256261 -0.004725635 0.569849 -0.005619108 -0.004725635 0.220666 -8.93457e-4 -0.003735959 0.220666 4.79681e-4 -0.003735959 0.569849 4.79681e-4 -0.004725635 0.569849 -8.93457e-4 0 0.220666 0.002027153 0.002362787 0.220666 0.001469373 0.002362787 0.569849 0.001469373 0 0.569849 0.002027153 0.003735959 0.220666 -0.00699228 0.002362787 0.220666 -0.007981956 0.002362787 0.569849 -0.007981956 0.003735959 0.569849 -0.00699228 0.004725635 0.220666 -0.005619108 0.004725635 0.569849 -0.005619108 -0.002362787 0.220666 0.001469373 -0.002362787 0.569849 0.001469373 -0.002362787 0.220666 -0.007981956 -0.003735959 0.220666 -0.00699228 -0.003735959 0.569849 -0.00699228 -0.002362787 0.569849 -0.007981956 0 0.220666 -0.008539736 0 0.569849 -0.008539736 0.005283415 0.220666 -0.003256261 0.005283415 0.569849 -0.003256261 0.005283415 0.220666 -0.003256261 0.005283415 0.569849 -0.003256261 -0.002362787 0.569849 0.001469373 0 0.569849 0.002027153 0 0.569849 0.0065189 -0.004371583 0.569849 0.005486845 -0.003735959 0.569849 -0.00699228 -0.004725635 0.569849 -0.005619108 -0.008743166 0.569849 -0.007627844 -0.006912052 0.569849 -0.01016837 0.002362787 0.569849 -0.007981956 0 0.569849 -0.008539736 0 0.569849 -0.01303148 0.004371583 0.569849 -0.01199948 0.005283415 0.569849 -0.003256261 0.004725635 0.569849 -0.005619108 0.008743166 0.569849 -0.007627844 0.009775161 0.569849 -0.003256261 0.004725635 0.569849 -8.93457e-4 0.005283415 0.569849 -0.003256261 0.009775161 0.569849 -0.003256261 0.008743166 0.569849 0.001115262 0.003735959 0.569849 4.79681e-4 0.006912052 0.569849 0.003655791 -0.005283415 0.569849 -0.003256261 -0.009775161 0.569849 -0.003256261 -0.004725635 0.569849 -8.93457e-4 -0.003735959 0.569849 4.79681e-4 -0.006912052 0.569849 0.003655791 -0.008743166 0.569849 0.001115262 0.002362787 0.569849 0.001469373 0.004371583 0.569849 0.005486845 0.003735959 0.569849 -0.00699228 0.006912052 0.569849 -0.01016837 -0.002362787 0.569849 -0.007981956 -0.004371583 0.569849 -0.01199948 0.006912052 0.569849 -0.01016837 0.004371583 0.569849 -0.01199948 0.004371583 0.570732 -0.01199948 0.006912052 0.570732 -0.01016837 0.008743166 0.569849 -0.007627844 0.008743166 0.570732 -0.007627844 -0.006912052 0.569849 0.003655791 -0.004371583 0.569849 0.005486845 -0.004371583 0.570732 0.005486845 -0.006912052 0.570732 0.003655791 -0.004371583 0.569849 -0.01199948 -0.006912052 0.569849 -0.01016837 -0.006912052 0.570732 -0.01016837 -0.004371583 0.570732 -0.01199948 0 0.569849 -0.01303148 0 0.570732 -0.01303148 0 0.569849 0.0065189 0 0.570732 0.0065189 -0.008743166 0.569849 -0.007627844 -0.008743166 0.570732 -0.007627844 0.009775161 0.569849 -0.003256261 0.009775161 0.570732 -0.003256261 0.008743166 0.569849 0.001115262 0.009775161 0.569849 -0.003256261 0.009775161 0.570732 -0.003256261 0.008743166 0.570732 0.001115262 0.006912052 0.569849 0.003655791 0.006912052 0.570732 0.003655791 -0.009775161 0.569849 -0.003256261 -0.009775161 0.570732 -0.003256261 -0.008743166 0.569849 0.001115262 -0.008743166 0.570732 0.001115262 0.004371583 0.569849 0.005486845 0.004371583 0.570732 0.005486845 0.006912052 0.570732 0.003655791 0.008743166 0.570732 0.001115262 0.007386207 0.570732 4.36814e-4 0.005839288 0.570732 0.002583026 -0.008743166 0.570732 -0.007627844 -0.009775161 0.570732 -0.003256261 -0.008258044 0.570732 -0.003256261 -0.007386207 0.570732 -0.006949365 -0.008743166 0.570732 0.001115262 -0.006912052 0.570732 0.003655791 -0.005839288 0.570732 0.002582967 -0.007386207 0.570732 4.36814e-4 0 0.570732 0.0065189 0.004371583 0.570732 0.005486845 0.003693103 0.570732 0.004129886 0 0.570732 0.005001723 0.006912052 0.570732 -0.01016837 0.004371583 0.570732 -0.01199948 0.003693103 0.570732 -0.01064246 0.005839288 0.570732 -0.009095609 0.008743166 0.570732 -0.007627844 0.007386207 0.570732 -0.006949365 -0.004371583 0.570732 0.005486845 -0.003693103 0.570732 0.004129886 -0.004371583 0.570732 -0.01199948 -0.006912052 0.570732 -0.01016837 -0.005839288 0.570732 -0.009095609 -0.003693103 0.570732 -0.01064246 0 0.570732 -0.01303148 0 0.570732 -0.01151424 0.009775161 0.570732 -0.003256261 0.008258044 0.570732 -0.003256261 0.009775161 0.570732 -0.003256261 0.008258044 0.570732 -0.003256261 -0.003693103 0.570732 0.004129886 0 0.570732 0.005001723 0 0.572775 0.005702435 -0.004006445 0.572775 0.004756629 -0.005839288 0.570732 -0.009095609 -0.007386207 0.570732 -0.006949365 -0.00801289 0.572775 -0.007262766 -0.006334781 0.572775 -0.009591042 0.003693103 0.570732 -0.01064246 0 0.570732 -0.01151424 0 0.572775 -0.01221495 0.004006445 0.572775 -0.01126915 0.008258044 0.570732 -0.003256261 0.007386207 0.570732 -0.006949365 0.00801289 0.572775 -0.007262766 0.008958697 0.572775 -0.003256261 0.007386207 0.570732 4.36814e-4 0.008258044 0.570732 -0.003256261 0.008958697 0.572775 -0.003256261 0.00801289 0.572775 7.50172e-4 0.005839288 0.570732 0.002583026 0.006334722 0.572775 0.00307846 -0.008258044 0.570732 -0.003256261 -0.008958697 0.572775 -0.003256261 -0.007386207 0.570732 4.36814e-4 -0.005839288 0.570732 0.002582967 -0.006334781 0.572775 0.00307846 -0.00801289 0.572775 7.50172e-4 0.003693103 0.570732 0.004129886 0.004006445 0.572775 0.004756629 0.005839288 0.570732 -0.009095609 0.006334781 0.572775 -0.009591042 -0.003693103 0.570732 -0.01064246 -0.004006445 0.572775 -0.01126915 0.005398571 0.576921 -0.01405346 0.008535861 0.576921 -0.01179218 0.0107972 0.576921 -0.008654832 -0.005398571 0.576921 0.007540822 -0.008535861 0.576921 0.0052796 -0.008535861 0.576921 -0.01179218 -0.005398571 0.576921 -0.01405346 0 0.576921 -0.01532787 0 0.576921 0.008815288 -0.0107972 0.576921 -0.008654832 0.01207154 0.576921 -0.003256261 0.01207154 0.576921 -0.003256261 0.0107972 0.576921 0.00214225 0.008535861 0.576921 0.0052796 -0.01207154 0.576921 -0.003256261 -0.0107972 0.576921 0.00214225 0.005398571 0.576921 0.007540822 0.01511156 0.576921 0.004299461 0.01194667 0.576921 0.008690416 -0.01689517 0.576921 -0.003256261 -0.01511156 0.576921 -0.0108121 -0.01194667 0.576921 0.008690416 -0.01511156 0.576921 0.004299461 0.007555723 0.576921 0.0118553 0 0.576921 0.01363885 0.007555723 0.576921 -0.01836788 0.01194667 0.576921 -0.01520299 0.01511156 0.576921 -0.0108121 -0.007555723 0.576921 0.0118553 -0.01194667 0.576921 -0.01520299 -0.007555723 0.576921 -0.01836788 0 0.576921 -0.02015149 0.01689517 0.576921 -0.003256261 0.01689517 0.576921 -0.003256261 -0.01194667 0.576921 -0.01520299 -0.01511156 0.576921 -0.0108121 -0.01511156 0.578147 -0.0108121 -0.01194667 0.578147 -0.01520299 0.007555723 0.576921 -0.01836788 0 0.576921 -0.02015149 0 0.578147 -0.02015149 0.007555723 0.578147 -0.01836788 0.01689517 0.576921 -0.003256261 0.01511156 0.576921 -0.0108121 0.01511156 0.578147 -0.0108121 0.01689517 0.578147 -0.003256261 0.01511156 0.576921 0.004299461 0.01689517 0.576921 -0.003256261 0.01689517 0.578147 -0.003256261 0.01511156 0.578147 0.004299461 0.01194667 0.576921 0.008690416 0.01194667 0.578147 0.008690416 -0.01689517 0.576921 -0.003256261 -0.01689517 0.578147 -0.003256261 -0.01511156 0.576921 0.004299461 -0.01194667 0.576921 0.008690416 -0.01194667 0.578147 0.008690416 -0.01511156 0.578147 0.004299461 0 0.576921 0.01363885 0.007555723 0.576921 0.0118553 0.007555723 0.578147 0.0118553 0 0.578147 0.01363885 0.01194667 0.576921 -0.01520299 0.01194667 0.578147 -0.01520299 -0.007555723 0.576921 0.0118553 -0.007555723 0.578147 0.0118553 -0.007555723 0.576921 -0.01836788 -0.007555723 0.578147 -0.01836788 0.01511156 0.578147 -0.0108121 0.01194667 0.578147 -0.01520299 0.009726822 0.578147 -0.0129832 0.01230359 0.578147 -0.009408116 -0.01194667 0.578147 0.008690416 -0.007555723 0.578147 0.0118553 -0.006151795 0.578147 0.009047329 -0.009726822 0.578147 0.006470561 -0.007555723 0.578147 -0.01836788 -0.01194667 0.578147 -0.01520299 -0.009726822 0.578147 -0.0129832 -0.006151795 0.578147 -0.01555985 0 0.578147 -0.02015149 0 0.578147 -0.01701217 0 0.578147 0.01363885 0 0.578147 0.01049959 -0.01511156 0.578147 -0.0108121 -0.01230359 0.578147 -0.009408116 0.007555723 0.578147 -0.01836788 0.006151795 0.578147 -0.01555985 0.01689517 0.578147 -0.003256261 0.01375585 0.578147 -0.003256261 0.01511156 0.578147 0.004299461 0.01689517 0.578147 -0.003256261 0.01375585 0.578147 -0.003256261 0.01230359 0.578147 0.002895474 0.01194667 0.578147 0.008690416 0.009726822 0.578147 0.006470561 -0.01689517 0.578147 -0.003256261 -0.01375585 0.578147 -0.003256261 -0.01511156 0.578147 0.004299461 -0.01230359 0.578147 0.002895474 0.007555723 0.578147 0.0118553 0.006151795 0.578147 0.009047329 -0.01230359 0.578147 -0.009408116 -0.01375585 0.578147 -0.003256261 -0.01375585 0.747902 -0.003256261 -0.01230359 0.747902 -0.009408116 -0.01230359 0.578147 0.002895474 -0.009726822 0.578147 0.006470561 -0.009726822 0.747902 0.006470561 -0.01230359 0.747902 0.002895474 0 0.578147 0.01049959 0.006151795 0.578147 0.009047329 0.006151795 0.747902 0.009047329 0 0.747902 0.01049959 0.009726822 0.578147 0.006470561 0.009726822 0.747902 0.006470561 0.009726822 0.578147 -0.0129832 0.006151795 0.578147 -0.01555985 0.006151795 0.747902 -0.01555985 0.009726822 0.747902 -0.0129832 0.01230359 0.578147 -0.009408116 0.01230359 0.747902 -0.009408116 -0.006151795 0.578147 0.009047329 -0.006151795 0.747902 0.009047329 -0.006151795 0.578147 -0.01555985 -0.009726822 0.578147 -0.0129832 -0.009726822 0.747902 -0.0129832 -0.006151795 0.747902 -0.01555985 0 0.578147 -0.01701217 0 0.747902 -0.01701217 0.01375585 0.578147 -0.003256261 0.01375585 0.747902 -0.003256261 0.01230359 0.578147 0.002895474 0.01375585 0.578147 -0.003256261 0.01375585 0.747902 -0.003256261 0.01230359 0.747902 0.002895474 0.137692 0.736726 -0.137692 0.118337 0.83237 -0.118337 0.154615 0.83237 -0.06404358 0.179903 0.736726 -0.0745182 0.09353047 0.670046 -0.225803 0.0745182 0.736726 -0.179903 0.1728219 0.670046 -0.1728219 0 0.991667 -0.165485 0 1 -0.162033 0.06200736 1 -0.149699 0.0633285 0.991667 -0.152889 0.06404358 0.83237 -0.154615 0.225803 0.670046 -0.09353047 0.114575 1 -0.114575 0.117016 0.991667 -0.117016 0.194725 0.736726 0 0.167354 0.83237 0 0.154615 0.83237 0.06404358 0.179903 0.736726 0.0745182 0.2444069 0.670046 0 0.149699 1 -0.06200736 0.152889 0.991667 -0.0633285 0.179903 0.736726 0.0745182 0.154615 0.83237 0.06404358 0.118337 0.83237 0.118337 0.137692 0.736726 0.137692 0.225803 0.670046 0.09353047 0.162033 1 0 0.165485 0.991667 0 0.06404358 0.83237 0.154615 0.0745182 0.736726 0.179903 0.225803 0.670046 0.09353047 0.1728219 0.670046 0.1728219 0.149699 1 0.06200736 0.152889 0.991667 0.0633285 0 0.83237 0.167354 0 0.736726 0.194725 0.09353047 0.670046 0.225803 0.152889 0.991667 0.0633285 0.149699 1 0.06200736 0.114575 1 0.114575 0.117016 0.991667 0.117016 -0.06404346 0.83237 0.154615 -0.07451808 0.736726 0.179903 0 0.670046 0.2444069 0.06200736 1 0.149699 0.0633285 0.991667 0.152889 -0.118337 0.83237 0.118337 -0.137692 0.736726 0.137692 -0.09353035 0.670046 0.225803 0 1 0.162033 0 0.991667 0.165485 -0.154615 0.83237 0.06404358 -0.179903 0.736726 0.0745182 -0.1728219 0.670046 0.1728219 -0.06200736 1 0.149699 -0.06332838 0.991667 0.152889 -0.167354 0.83237 0 -0.194725 0.736726 0 -0.225803 0.670046 0.09353047 -0.114575 1 0.114575 -0.117016 0.991667 0.117016 -0.154615 0.83237 -0.06404358 -0.179903 0.736726 -0.0745182 -0.2444069 0.670046 0 -0.149699 1 0.06200736 -0.152888 0.991667 0.0633285 -0.118337 0.83237 -0.118337 -0.137692 0.736726 -0.137692 -0.225803 0.670046 -0.09353047 -0.162033 1 0 -0.165485 0.991667 0 -0.06404346 0.83237 -0.154615 -0.07451808 0.736726 -0.179903 -0.1728219 0.670046 -0.1728219 -0.149699 1 -0.06200736 -0.152888 0.991667 -0.0633285 0 0.83237 -0.167354 0 0.736726 -0.194725 -0.09353029 0.670046 -0.225803 -0.114575 1 -0.114575 -0.117016 0.991667 -0.117016 0 0.670046 -0.2444069 -0.06200724 1 -0.149699 -0.06332838 0.991667 -0.152889 -0.05777716 0.916675 -0.139487 0 0.916675 -0.150979 -0.1067579 0.916675 -0.106759 -0.139487 0.916675 -0.05777728 -0.150979 0.916675 0 -0.139487 0.916675 0.05777728 -0.1067579 0.916675 0.106759 -0.05777716 0.916675 0.139487 0 0.916675 0.150979 0.05777728 0.916675 0.139487 0.106759 0.916675 0.1067579 0.139487 0.916675 0.05777728 0.150979 0.916675 0 0.139487 0.916675 0.05777728 0.139487 0.916675 -0.05777728 0.106759 0.916675 -0.106759 0.05777728 0.916675 -0.139487 -0.05775195 0.983334 -0.1394259 0 0.983334 -0.150914 -0.106712 0.983334 -0.106712 -0.1394259 0.983334 -0.05775219 -0.150914 0.983334 0 -0.1394259 0.983334 0.05775219 -0.106712 0.983334 0.106712 -0.05775207 0.983334 0.1394259 0 0.983334 0.150914 0.05775219 0.983334 0.1394259 0.106712 0.983334 0.106712 0.1394259 0.983334 0.05775219 0.150914 0.983334 0 0.1394259 0.983334 0.05775219 0.1394259 0.983334 -0.05775207 0.106712 0.983334 -0.106712 0.05775219 0.983334 -0.1394259 -0.06332838 0.991667 -0.152889 0 0.991667 -0.165485 -0.117016 0.991667 -0.117016 -0.152888 0.991667 -0.0633285 -0.165485 0.991667 0 -0.152888 0.991667 0.0633285 -0.117016 0.991667 0.117016 -0.06332838 0.991667 0.152889 0 0.991667 0.165485 0.0633285 0.991667 0.152889 0.117016 0.991667 0.117016 0.152889 0.991667 0.0633285 0.165485 0.991667 0 0.152889 0.991667 0.0633285 0.152889 0.991667 -0.0633285 0.117016 0.991667 -0.117016 0.0633285 0.991667 -0.152889 0 0.646341 -0.258611 0 0.66098 -0.257868 0.09868186 0.66098 -0.238239 0.0989663 0.646341 -0.2389259 -0.09896606 0.646341 -0.2389259 -0.09868168 0.66098 -0.238239 -0.182866 0.646341 -0.182866 -0.18234 0.66098 -0.18234 -0.2389259 0.646341 -0.0989663 -0.238239 0.66098 -0.09868186 -0.258611 0.646341 0 -0.257868 0.66098 0 -0.2389259 0.646341 0.0989663 -0.238239 0.66098 0.09868186 -0.182866 0.646341 0.182866 -0.18234 0.66098 0.18234 -0.09896618 0.646341 0.2389259 -0.0986818 0.66098 0.238239 0 0.646341 0.258611 0 0.66098 0.257868 0.0989663 0.646341 0.2389259 0.09868186 0.66098 0.238239 0.182866 0.646341 0.182866 0.18234 0.66098 0.18234 0.2389259 0.646341 0.0989663 0.238239 0.66098 0.09868186 0.258611 0.646341 0 0.257868 0.66098 0 0.238239 0.66098 0.09868186 0.2389259 0.646341 0.0989663 0.2389259 0.646341 -0.0989663 0.238239 0.66098 -0.0986818 0.182866 0.646341 -0.182866 0.18234 0.66098 -0.18234 0.1711837 0.736726 6.58641e-4 0.1582588 0.736726 0.0642091 0.147316 0.83237 6.58639e-4 0.2145065 0.670046 6.58641e-4 0.1362076 0.83237 0.05527615 0.1214507 0.736726 0.1180849 0.1045731 0.83237 0.1015786 0.1982838 0.670046 0.08042311 0.1982838 0.670046 0.08042311 0.1520842 0.670046 0.1480444 -0.1018074 0.83237 0.1015786 -0.1186851 0.736726 0.1180849 -0.1554931 0.736726 0.0642091 -0.1334419 0.83237 0.05527615 -0.1554931 0.736726 -0.06289184 -0.1186851 0.736726 -0.1167676 -0.1955181 0.670046 -0.07910585 -0.1493185 0.670046 -0.1467271 -0.08017587 0.670046 -0.1919103 0.001382827 0.670046 -0.2077761 -0.0917105 0.916675 -0.0903874 -0.1202503 0.916675 -0.04861485 -0.0917105 0.916675 0.09170466 -0.04899907 0.916675 0.1196157 0.1230159 0.916675 0.04993218 0.09447699 0.916675 0.09170377 -0.09167039 0.983334 -0.09034729 -0.1201971 0.983334 -0.04859346 0.09443604 0.983334 0.09166455 0.05174291 0.983334 0.1195636 0.1229627 0.983334 0.04991072 0.001382827 0.983334 -0.1280435 0.05174291 0.983334 -0.1182464 -0.05383974 0.991667 -0.1297279 0.001382827 0.991667 -0.14047 -0.1006555 0.991667 -0.09913474 0.05660545 0.991667 0.1310452 0.001382827 0.991667 0.1417872 0.1034212 0.991667 0.100452 -0.1576182 0.66098 -0.1548442 -0.2063624 0.66098 -0.08349907 -0.1576182 0.66098 0.1561615 -0.08466804 0.66098 0.2038332 0.1603839 0.66098 0.1561615 0.209128 0.66098 0.08481633 0.209128 0.66098 -0.08349901 0.1603839 0.66098 -0.1548442 0.001382827 0.66098 -0.2192559 -0.08466792 0.66098 -0.2025159 0.1214507 0.736726 -0.1167676 0.1582588 0.736726 -0.06289184 0.1045731 0.83237 -0.1002613 0.06636291 0.736726 -0.1527659 0.1520842 0.670046 -0.1467271 0.05722904 0.83237 -0.1311998 0.1982838 0.670046 -0.07910585 0.1362076 0.83237 0.05527615 0.06636291 0.736726 0.1540832 0.05722904 0.83237 0.1325171 0.08294171 0.670046 0.1932275 -0.1493185 0.670046 0.1480444 -0.1955181 0.670046 0.08042311 -0.2117409 0.670046 6.5863e-4 -0.05446326 0.83237 -0.1311998 -0.0635972 0.736726 -0.1527659 0.001382827 0.736726 -0.1654064 0.001382827 0.83237 -0.1420639 -0.04899907 0.916675 -0.1182984 -0.1302713 0.916675 6.5863e-4 0.133037 0.916675 6.58638e-4 0.1230159 0.916675 -0.04861485 -0.1302146 0.983334 6.58635e-4 -0.131936 0.991667 -0.05334901 0.1347025 0.991667 0.05466634 0.05660545 0.991667 -0.1297279 0.001382827 0.646341 -0.2198895 0.08768177 0.646341 -0.2031018 -0.08491593 0.646341 -0.2031018 -0.2069614 0.646341 -0.0837416 -0.2234789 0.66098 6.5863e-4 -0.2241268 0.646341 6.58629e-4 -0.08491599 0.646341 0.2044191 0.001382827 0.66098 0.2205731 0.001382827 0.646341 0.2212068 0.2097271 0.646341 0.08505886 0.1608425 0.646341 -0.1552928 0.08743375 0.66098 0.2038332 0.1362076 0.83237 -0.05395889 -0.08017599 0.670046 0.1932275 -0.1445504 0.83237 6.58632e-4 -0.168418 0.736726 6.58632e-4 -0.1334419 0.83237 -0.05395889 -0.1202503 0.916675 0.04993218 0.1230159 0.916675 0.04993218 0.09447699 0.916675 -0.0903874 0.05176478 0.916675 -0.1182984 -0.1201971 0.983334 0.04991072 0.1329803 0.983334 6.58642e-4 0.1229627 0.983334 -0.0485934 -0.1429206 0.991667 6.58635e-4 0.08743375 0.66098 -0.2025159 -0.05446326 0.83237 0.1325171 -0.0635972 0.736726 0.1540832 0.001382827 0.916675 0.1294163 -0.09167039 0.983334 0.09166455 0.1229627 0.983334 0.04991072 -0.131936 0.991667 0.05466634 0.1456863 0.991667 6.58643e-4 0.1347025 0.991667 -0.05334901 -0.2063624 0.66098 0.08481633 -0.2069614 0.646341 0.08505886 0.08768177 0.646341 0.2044191 0.2268925 0.646341 6.58641e-4 0.2097271 0.646341 0.08505886 0.2262446 0.66098 6.58641e-4 0.2097271 0.646341 -0.0837416 0.209128 0.66098 0.08481633 0.001382827 0.83237 0.1433812 0.001382827 0.736726 0.1667237 -0.1018074 0.83237 -0.1002613 0.05176478 0.916675 0.1196157 0.001382827 0.916675 -0.128099 -0.04897719 0.983334 0.1195636 0.09443604 0.983334 -0.09034729 -0.1006555 0.991667 0.100452 0.1347025 0.991667 0.05466634 0.08294171 0.670046 -0.1919103 0.001382827 0.670046 0.2090934 0.001382827 0.983334 0.1293609 -0.05383974 0.991667 0.1310452 0.1034212 0.991667 -0.09913474 -0.1580769 0.646341 -0.1552928 -0.1580769 0.646341 0.1566101 0.1608425 0.646341 0.1566101 -0.04897707 0.983334 -0.1182464 0.1582588 0.736726 0.0642091</float_array>
          <technique_common>
            <accessor source="#meshId0_name-mesh-positions-array" count="4115" stride="3">
              <param name="X" type="float"/>
              <param name="Y" type="float"/>
              <param name="Z" type="float"/>
            </accessor>
          </technique_common>
        </source>
        <source id="meshId0_name-mesh-normals">
          <float_array id="meshId0_name-mesh-normals-array" count="11679">-0.8093138 0.5434287 -0.2229272 -0.5968723 0.7841231 -0.1699839 -0.2887929 0.8710794 -0.397265 -0.4252743 0.1157424 -0.8976333 -0.1576113 0.1504604 0.9759715 -0.336719 0.193818 0.9214417 0.5242981 -0.2043884 0.8266419 0.7632431 0.04901558 -0.6442496 -0.2350901 0.2436824 -0.9409312 -0.8096072 0.2691888 -0.5216071 0.5059348 -0.2080286 -0.8371105 0.8211461 -0.5381253 -0.1901062 0.2725549 -0.458697 -0.8457605 0.3566545 -0.8364155 0.416181 -0.8349928 0.3324686 0.4384652 -0.8096061 0.2692542 -0.5215749 0.4262638 -0.3814371 -0.8202469 0.1761709 -0.3996223 -0.8995921 0.06642997 0.579306 -0.8123989 -0.3199079 0.617779 -0.7183371 -0.3492903 -0.05894666 -0.9351586 0.5243332 0.6557275 0.5432277 0.434564 0.7611355 0.4814842 0.4430506 0.8909518 0.09955507 0.2992828 0.9538767 -0.02343642 -0.3812722 0.4900195 -0.7839085 -0.1856819 -0.5644302 -0.8043264 0.09900659 0.3823465 -0.9186996 0.2468547 -0.2513402 -0.9358905 0.3895112 -0.4077441 -0.8258485 0.4631558 -0.1819434 -0.8674004 0.3336834 0.1686736 -0.9274722 -0.03020411 -0.4389743 0.8979918 -0.2824937 0.9134367 -0.2929688 0.6044337 0.7695822 -0.2059205 -0.1453178 0.7494866 0.6458735 0.07982444 -0.007139325 -0.9967834 0.6177302 0.7863902 6.86944e-5 0.8794357 0.4752629 -0.0267964 0.4532087 0.8307583 0.323176 0.2358305 0.9267108 -0.2925598 0.8023546 0.5924793 0.0720793 -0.4595169 -0.3389375 -0.8209541 0.3349135 0.1638003 -0.9279022 0.5475368 0.04359501 -0.8356453 0.7631141 -0.2610831 -0.5911791 0.4030216 0.05245202 -0.9136862 0.7436209 0.6683713 0.01754158 0.4929702 0.7221395 0.4852782 0.9421166 -0.3352381 0.005638182 -0.1130195 -0.05714982 0.9919479 0.9265399 0.2471655 -0.2836073 0.3028304 -0.07181125 0.9503352 -0.5922004 -0.03135734 -0.8051804 0.806771 -0.2909517 0.5142642 0.9265245 0.2472657 0.2835705 0.3792632 -0.1405588 -0.9145505 -0.9929688 0.09621453 -0.06896203 -0.646573 0.4228885 -0.6349086 -0.5916302 -0.03126627 -0.8056031 -0.8022971 0.5256943 0.2827807 -0.3537991 0.2437817 -0.9029933 0.5786553 -0.2506636 -0.7760966 -0.9582557 0.2821111 -0.04647099 -0.81472 -0.1678885 -0.5550178 -0.438597 0.8927586 -0.1030288 -0.4147636 0.4559938 -0.7874268 -0.512897 0.3353576 -0.7902355 0.2386179 -0.5107933 -0.8259247 0.2061582 -0.2854818 -0.9359481 -0.5059429 0.8445248 -0.1754987 -0.3034735 0.6052827 -0.7358918 0.1473314 -0.3811874 -0.9126827 -0.2685174 0.5131555 -0.8152116 0.1614007 -0.2650507 -0.9506303 0.6215738 -0.7833557 -4.53591e-5 -0.03748965 -0.4015027 -0.9150903 0.3533707 -0.2834497 -0.8915074 -0.1235044 0.6646383 -0.7368872 -0.6518174 0.7581955 0.01654917 -0.1135746 0.6101042 0.7841388 -0.6581217 0.6409791 0.3949961 0.6583421 -0.532899 -0.5316056 -0.05380928 0.9878541 -0.1457703 0.0933389 0.9927624 -0.07556927 7.56428e-4 -0.4438165 -0.8961174 -0.03270536 0.533994 -0.8448555 0.2079694 0.6336629 -0.745131 0.8070091 0.3393729 -0.4832828 0.8599931 0.4626632 -0.2153015 -0.006794869 0.999442 0.03270673 -0.05640727 0.9983851 -0.006735801 -0.03262996 0.5335279 0.8451528 0.3353055 0.6670695 0.6652733 -0.03817987 0.6238387 -0.7806201 0.271587 0.5321998 -0.8018753 0.1823053 0.6045801 0.7754017 0.2289506 0.4237909 -0.8763463 -0.2104545 -0.3244417 -0.9221966 0.3396571 0.8892694 -0.3063219 0.03956359 0.3311807 -0.9427375 0.3981366 0.1281026 -0.9083375 0.5684614 0.1681426 -0.8053445 0.2761664 0.5359482 -0.7978043 0.6888792 0.6937538 0.2101216 0.5294994 0.346409 0.7743586 0.7142681 0.695542 -0.07773303 0.4553587 0.2980358 -0.8389418 0.9468092 0.3196071 0.03746724 0.5414427 0.8355352 0.09338521 0.4192469 0.4119116 0.8090495 0.5548622 0.1631103 0.8157961 0.4603515 0.292288 -0.8382388 -0.4000616 -0.1378462 -0.9060626 0.4362418 -0.08399659 -0.8959005 0.552361 -0.1495327 -0.8200837 0.9102336 0.3919408 0.1336305 0.9102367 0.3919332 -0.1336328 0.6092454 0.09642982 0.7870969 0.5567091 0.07238709 -0.8275477 0.720184 -0.5408445 0.4345369 0.8604563 -0.4770038 0.1791158 0.5561197 0.059933 -0.8289384 -0.4346619 0.07805383 -0.8972049 -0.680294 0.5171576 -0.5193727 -0.4792994 0.5082572 -0.7155045 -0.3387355 0.007191181 -0.9408543 -0.8874161 0.3599517 0.2879711 0.9736702 -0.1980618 -0.1128631 0.992988 -0.003588259 -0.1181614 0.5742685 -0.2483776 -0.7800797 0.4272199 -0.2327896 -0.8736659 0.4403918 -0.2637609 -0.8581872 0.8832119 -0.4661044 0.05180239 0.7363871 0.2597614 0.6247065 0.9139869 0.1141337 0.3893603 0.453828 -0.2722106 0.8484937 0.5978745 -0.1917475 -0.7783182 -0.4307963 0.2209439 -0.8749848 0.4308102 -0.2672022 -0.8619778 0.4203195 -0.2544695 -0.8709632 -0.4320057 0.269869 -0.8605474 -0.2904334 0.2162815 -0.9321324 -0.8442113 0.5250886 -0.1076537 0.8484307 -0.5277331 -0.04078435 0.3908911 -0.2485085 -0.8862549 0.4544749 -0.2003127 -0.8679444 0.4402378 -0.2042316 -0.8743456 0.4016475 -0.2348405 -0.8851719 0.4240244 -0.2568681 0.8684597 0.8497949 -0.5268985 -0.01505655 0.4021935 -0.1690884 -0.8998054 0.3935068 -0.1938091 -0.8986604 -0.4633557 0.2014634 -0.8629682 -0.5375458 0.3134433 -0.7828142 -0.8994145 0.4247834 -0.1030174 0.863209 -0.5043596 0.02217358 0.9156019 -0.3979394 -0.05759644 0.4402863 -0.2042705 0.8743121 0.2491353 -0.1123329 -0.961932 0.5717778 -0.08781599 -0.8156952 0.4664039 -0.0931608 -0.8796526 -0.9558803 0.2553588 -0.1452064 -0.5616527 0.176814 -0.8082594 -0.7323281 0.003702342 -0.6809419 0.9417294 -0.3275012 0.07673811 0.4529246 -0.1306378 -0.8819258 0.9836894 -0.1584016 0.08523046 -0.5706874 0.09160369 -0.8160421 0.2491869 -0.1123502 0.9619166 0.9765651 -0.1549124 -0.1494086 0.8174517 0.5753611 -0.02706694 0.08485692 0.5773348 -0.8120862 -0.2565922 -0.07596325 -0.96353 0.3608376 0.3112639 -0.8791537 0.140854 0.009255588 -0.9899871 -0.4213812 -0.07380801 -0.9038751 0.4047597 -0.007971107 -0.9143884 0.1151694 -0.1159065 0.9865607 0.4039824 -0.005993664 -0.9147472 0.5638949 0.09492808 -0.8203726 -0.5640302 -0.09491491 -0.8202812 0.6167826 0.1378079 -0.7749764 0.9373206 0.1287784 0.3237999 0.3616947 -0.008471846 0.9322581 0.2668826 0.09194058 0.9593334 0.9373139 0.1287769 -0.3238198 0.3826289 0.1312423 -0.914533 0.9672482 0.2525559 0.02542561 0.6168079 0.1378464 0.7749493 0.9436987 0.2937638 -0.1521046 0.390148 0.1119873 -0.9139166 0.4934417 0.2597926 -0.8300743 -0.4935719 -0.2598682 -0.829973 0.277132 0.008694827 -0.9607926 0.2567445 0.0788533 -0.9632572 0.8819016 0.4700424 -0.03619164 0.1872609 0.1508352 0.9706608 0.3852185 0.1328322 -0.9132153 0.8427217 0.4800513 -0.2436615 0.5119904 0.3600329 0.7798989 0.2568152 0.07885783 0.963238 0.2337816 0.2709577 0.933771 0.8811452 0.4595441 -0.1113659 0.318776 0.2677213 -0.9092345 0.3222032 0.2605182 -0.9101185 -0.4313246 -0.3926432 -0.8122749 0.8391873 0.4800897 0.2554972 0.5884574 0.370284 0.7187544 0.7229637 0.6623164 -0.1966228 0.8138256 0.2953868 0.5004345 0.7236845 0.6893086 -0.03368312 0.5166239 -0.3165559 0.7955453 0.8603762 0.4262628 0.2793796 0.6135649 0.3278598 0.7183634 0.9318255 -0.3629068 -7.80225e-5 0.8603603 0.4262763 -0.2794079 0.4933326 0.2637268 -0.8288975 0.1963824 0.6212367 -0.7586165 0.5262649 -0.4952995 -0.6911757 0.6894186 0.4887288 -0.534646 0.5261411 -0.4952212 0.6913259 0.5078492 0.2544526 -0.8230087 0.4894027 -0.376347 -0.7866689 -0.1697053 0.0645498 -0.9833786 0.4902607 -0.1245743 -0.8626272 0.9318016 -0.3629682 5.95367e-5 -0.1762978 0.9840862 -0.02221429 -0.08168888 -0.2829113 0.9556612 -0.1774349 0.08600324 0.9803675 0.2165642 0.8588034 -0.4642809 -0.180553 0.08750146 -0.9796654 -0.3765967 0.2677156 -0.8868502 -0.3945642 0.9147689 0.08670103 -0.1620184 0.9867798 -0.003982603 0.2478263 0.8002727 0.5460274 0.2221575 0.9644005 -0.1434502 0.2951241 0.2179 0.9302803 0.1118132 0.3288084 -0.9377542 -0.1763267 0.9840797 0.02227133 -0.1774303 0.08600676 -0.980368 0.2607085 0.9654176 8.7589e-5 0.4807794 -0.2309182 -0.8458889 0.08839732 0.3540591 -0.9310361 -0.1533973 -0.6194581 -0.7698966 0.1245098 0.293914 -0.9476877 0.5262736 0.841233 0.1239483 0.3475086 0.4618677 0.8160368 -0.3228591 0.8558547 -0.4040728 0.2792869 0.4164423 0.8652021 0.2743806 0.4356479 -0.8572785 -0.1417441 0.07341313 -0.9871774 0.6384796 0.1288881 -0.75877 0.1332612 0.8063872 -0.5761782 0.4206286 0.9000438 0.1139855 0.3191647 0.4008345 0.8587581 0.3094301 0.4112315 -0.8574041 -0.1731205 -0.365653 -0.9145092 0.526252 0.8412522 -0.1239104 0.2606402 0.9654361 4.62644e-5 0.4129651 -0.3609775 -0.8361549 0.3095999 -0.5215941 -0.7950394 0.07103085 -0.3793734 -0.9225131 0.3526814 -0.3081268 -0.8835574 0.1274996 0.5524398 -0.8237441 0.1610229 0.466229 -0.8698863 0.7094814 0.6995997 -0.08483195 0.1288014 0.8246123 -0.5508403 0.6725676 0.6590815 -0.3365478 0.1287586 0.8245856 0.5508901 0.1163787 -0.3315552 -0.9362304 -0.1413359 0.4807889 -0.8653706 -0.2488309 0.9640083 -0.09365499 -0.5456973 0.627053 0.5558948 -0.5220161 0.8190917 0.237883 -0.2022077 0.5626111 -0.8016116 -0.5135315 0.4247434 -0.7455726 0.2833674 -0.9590114 8.46386e-5 0.7445663 -0.6104401 0.2701553 0.2360056 -0.3160554 -0.9189181 -0.4130858 0.3609822 -0.8360933 0.3118587 -0.3492031 -0.8836297 -0.5770693 0.6038762 -0.5498407 -0.3685215 0.08520519 -0.9257063 -0.8866708 0.4509842 0.1021185 -0.8781499 0.478366 0.00433284 -0.6548031 0.7487828 -0.1027493 -0.2486248 0.6916514 -0.6780886 -0.4909157 0.4290615 -0.7582269 0.2220576 -0.1223005 -0.967333 -0.9360882 0.1336449 -0.3253892 -0.6876131 0.725728 0.02252376 0.3623027 -0.1292406 -0.9230567 -0.8714761 0.475623 -0.119633 0.3697077 -0.08402574 -0.925341 0.5771314 -0.09755218 -0.8108038 -0.5775182 0.09767168 -0.8105141 0.5451607 -0.02668553 -0.8379067 -0.6286622 0.1345092 -0.7659577 -0.9968795 0.07893925 -6.85453e-6 0.9297624 -0.01946216 0.3676455 0.3622062 -0.1260238 0.9235393 0.02632242 0.01039391 0.9995995 0.9170041 -0.01617509 -0.3985499 0.374787 0.1227816 -0.9189448 0.2826789 0.03299885 -0.9586469 0.591212 0.4912244 0.6396617 0.2826653 0.0330311 0.9586498 0.7469682 0.5472208 0.3776081 0.5127852 0.25906 -0.8184982 0.8941535 0.4416723 -0.07358801 0.8020212 0.5824663 -0.1322695 0.7733921 0.595135 0.2183557 0.2141781 0.2904107 -0.9326251 -0.513585 -0.2595623 -0.8178374 0.3427521 0.1489692 -0.9275394 -0.04589903 -0.5182478 -0.853998 -0.3161122 -0.5349003 -0.7835528 0.02739012 0.04930013 0.9984084 0.7225704 0.5983082 0.3462938 0.5231704 0.6026055 0.6026272 0.1050856 0.286163 0.9524011 0.4887309 0.8463376 -0.2117894 0.4309768 0.870656 -0.2371016 -0.1743064 0.9845373 -0.01743203 0.2161847 0.3065199 -0.9269896 0.4568507 0.889483 -0.01036971 -0.1297231 0.7851592 0.6055551 -0.2170392 0.8169968 -0.5342381 -0.288732 0.4695361 -0.8343679 -0.209183 0.6217969 -0.7547259 -0.1075256 0.3448909 0.9324637 0.115743 -0.3810202 -0.9172934 0.460696 0.1808496 0.8689377 0.02484655 -0.3266339 -0.9448243 0.1547638 -0.5929428 -0.7902323 -0.1040961 0.344466 -0.9330099 0.1677708 -0.4174321 -0.8930865 -0.2766678 0.9574701 0.0818907 -0.08480894 0.5557798 -0.8269923 0.2080935 -0.9774978 0.03457242 0.5959114 -0.2669099 -0.7573961 -0.798852 0.3859738 0.4613671 0.6094086 -0.7896984 -0.07069498 0.5296037 -0.2717285 -0.8035444 0.354426 -0.1725589 -0.9190243 0.08094978 -0.02464795 -0.9964134 0.9316663 -0.3030454 -0.2004034 0.5185604 0.1931111 -0.8329485 0.5396248 -0.265852 -0.798829 0.3242469 0.1755083 -0.9295487 0.7089967 0.05625212 -0.7029647 -0.3842774 -0.1468617 -0.9114617 -0.9888017 -0.1492361 -7.14967e-5 -0.3761285 0.1630864 -0.9121021 0.5445209 0.128448 -0.8288535 -0.3163161 -0.1638056 -0.9344046 0.8953309 0.3534611 -0.2710127 -0.2410951 0.9633058 -0.1179628 0.5742691 0.3234272 -0.7520706 0.5455014 0.7615689 -0.349916 0.0541538 0.6111915 -0.789628 0.6884696 0.7245976 0.03111368 0.9168019 0.1679447 0.3623105 0.4338136 0.6128945 0.6604288 0.9686787 0.2441485 -0.04531329 0.531699 0.133579 0.836333 0.9192579 0.3909901 0.04573631 0.4296084 0.5224026 0.7365679 0.3588076 0.436158 -0.8252414 -0.4111976 0.1691174 -0.8957208 0.3477227 0.4494222 -0.8228662 -0.2227633 -0.3849987 -0.8956297 0.5542869 0.825372 0.1073648 0.4520078 0.892014 -7.52606e-5 0.5542698 0.8253839 -0.1073619 0.4520714 0.8919817 2.03967e-4 -0.5020201 0.1685195 -0.8482789 0.2392814 0.4721965 -0.8483956 -0.09577107 -0.8805364 -0.4642022 0.3626489 -0.3815631 -0.8502326 0.2389579 -0.4046697 -0.88269 -0.2311295 0.3914785 -0.8906872 -0.503764 0.8638413 3.51667e-6 -0.6633201 0.5936878 0.4555671 -0.8069536 0.4110851 -0.4240695 -0.8011656 0.5746632 0.1670213 -0.8229619 0.3852037 -0.4175548 0.5175518 -0.8556333 0.005651295 0.2693158 -0.4442225 -0.8544797 0.4967241 -0.3668047 -0.7865874 0.3078953 -0.1881971 -0.9326213 0.5176773 -0.3478467 -0.7816731 -0.238722 0.4041704 -0.8829825 -0.3094086 0.1891066 -0.9319363 0.5938823 0.1385988 -0.792524 0.5886846 0.1477349 -0.7947483 0.6528733 0.1674876 -0.738718 0.4117432 0.1198639 -0.9033827 0.1806223 -0.110364 -0.9773411 -0.9514395 -0.2991578 0.07257795 -0.411665 -0.1197982 -0.903427 0.7109339 0.2043573 0.6729125 0.9810429 -0.1937909 -1.72853e-6 0.861226 0.4732118 0.1853662 0.9549433 -0.1886525 -0.2291148 0.8612203 0.4732216 -0.1853675 0.1725258 0.3504883 -0.9205395 -0.4116593 -0.1197774 -0.9034324 -0.2246369 -0.3272036 -0.9178649 0.2799226 0.5109882 -0.8127327 0.3181101 0.3929638 -0.8627778 0.3646314 0.6408534 0.6755375 0.4488815 0.8704141 0.2022001 0.4574885 0.8892156 5.48065e-5 0.08084452 -0.359026 -0.9298196 0.2141005 0.6227477 0.7525599 0.5415078 0.8371382 0.07725882 -0.3800153 0.4679847 0.7978588 -0.2427003 0.8666214 0.4359633 -0.09812563 0.9951049 0.01173281 -0.08540999 0.5376117 0.8388558 0.0939731 -0.3628826 -0.9270843 0.2829869 0.5129926 -0.8104055 -0.1000764 0.9791116 -0.1769895 0.4574509 0.889235 4.9511e-5 -0.1049785 0.6608849 -0.7431089 0.1724703 -0.3915981 -0.903828 0.7240363 -0.4585753 -0.5152477 0.3922515 -0.2951456 -0.871222 0.3423743 -0.4453562 -0.8273075 -0.4632605 0.8792457 -0.1109805 -0.3921456 0.5359412 -0.7476556 -0.6128816 0.7545228 -0.2346736 0.09369266 -0.3619334 -0.9274837 0.8713475 -0.4791712 -0.1055866 -0.03989791 -0.9204198 -0.38889 0.1269495 0.02500361 0.9915941 0.9858803 -0.1665011 -0.01781874 0.3322761 -0.1661391 0.9284344 0.9647462 0.1748137 -0.1967358 0.1721006 -0.1669453 -0.9708299 -0.9364786 0.1723474 -0.3054578 0.09380358 -0.3620134 -0.9274413 0.5622059 -0.8236586 0.0742371 0.3499338 -0.3262171 0.8781394 -0.756309 0.6378154 -0.1455621 0.3246829 -0.1680455 -0.9307748 0.5600073 -0.2016602 -0.8035702 -0.3318248 0.4564454 -0.8255603 0.3261077 -0.1553325 -0.9324836 -0.5606737 0.2018861 -0.8030487 0.479624 -0.0471732 -0.8762052 -0.6228596 0.2637625 -0.7365292 -0.9856938 0.1685464 3.05772e-5 0.4273102 0.1044337 -0.8980534 0.9520155 -0.1495685 0.267013 0.4260796 0.1067984 -0.8983598 0.9647399 0.1748433 0.1967405 0.0327236 0.4386997 -0.8980378 -0.3213593 0.8664177 -0.3821633 -0.2264106 0.970487 -0.08302605 0.01790422 0.9998063 0.008182048 0.5193357 0.1259869 -0.8452324 -0.5195876 -0.1260288 -0.8450713 0.3993152 -0.05141562 -0.9153708 0.3044416 0.07993084 -0.9491714 0.8204513 0.5489733 -0.1596501 0.8204057 0.5490064 0.159771 0.3044076 0.07999807 0.9491767 0.7493633 0.6577621 -0.07618254 0.9696003 0.2414857 0.03949451 0.3391969 0.2852087 -0.8964383 -0.4216272 -0.3705885 -0.8275836 0.3228799 0.2888564 -0.9012828 0.2171828 0.966024 -0.1401048 0.2734723 0.3460253 0.897485 0.4612946 0.8349331 0.3001569 0.5327342 0.8238621 -0.1935085 0.1884444 0.171065 0.9670706 0.05979549 0.1679283 0.9839841 0.3290084 0.2987256 -0.8958329 0.5429595 0.839759 -3.62247e-5 0.1372224 0.3857342 -0.9123481 0.1730588 0.3690993 -0.9131355 0.331454 -0.1454643 -0.9321901 0.1373192 0.3860077 -0.912218 -0.1792563 -0.5062558 -0.8435474 0.0600956 0.9815654 -0.181433 0.1295832 0.3358723 -0.9329512 0.5429966 0.8397349 1.07914e-4 0.0601319 0.9815626 0.1814364 0.3618159 0.9315687 -0.03562688 0.03274613 0.438701 0.8980363 0.01787739 0.9998067 -0.00818628 -0.1403301 0.3692919 -0.9186572 -0.4119573 0.9091747 0.06076639 0.01720541 0.4756219 -0.8794816 -0.01605677 -0.5387991 -0.8422813 -0.006636559 -0.5387119 -0.842464 -0.02754575 0.4753832 -0.8793475 0.4139419 0.6548184 0.6323488 0.3671548 0.8753771 0.3145033 -0.1740343 0.3911716 0.9037128 -0.01964008 0.3557668 0.9343684 -0.3829069 0.923787 -7.80821e-6 0.01672387 -0.3580949 -0.9335354 0.2191125 -0.4744486 -0.8525775 -0.02217274 0.0439428 -0.998788 -0.0196616 0.3557675 -0.9343677 -0.3727335 0.8926597 0.2534333 -0.08844256 0.136249 -0.9867189 -0.222441 0.9016057 -0.3709816 0.2347846 -0.404032 -0.8841009 -0.1746015 0.3813214 -0.9078041 0.6468834 -0.7594518 -0.06910026 0.3618311 -0.9322437 -1.79633e-5 0.4212669 -0.4063589 -0.8108062 0.1096524 -0.9699231 -0.2173141 0.5136479 -0.5615121 -0.648745 -0.6754769 0.7362713 0.04044151 0.7516737 0.6114017 0.2473353 0.3052597 0.8357381 -0.4564631 0.3279316 0.9447016 -4.96954e-5 0.6843134 0.5921723 -0.4254964 0.5067491 -0.1979001 -0.8390716 0.3888108 0.4363106 -0.8114551 -0.2886538 0.3757731 -0.8806098 0.7352312 0.04892385 -0.6760486 -0.3429231 0.4589353 -0.8196232 -0.508701 0.8530704 -0.1161655 0.5252997 0.7016613 0.4813852 -0.4314448 0.8989651 0.07561266 -0.2632818 0.4476209 0.8545867 0.5872569 0.8093992 -0.001498997 0.3053094 0.8358521 0.4562209 0.4716882 0.5627584 -0.6788323 0.327951 0.9446948 1.23009e-5 0.6265838 0.6870559 0.3678955 -0.8057414 0.5906123 0.04424947 -0.3852207 0.2876212 -0.8768575 -0.4228897 0.3139246 -0.8500681 -0.8296142 0.5563489 -0.04707604 0.6844208 0.5920919 -0.4254356 0.4950749 0.2079285 -0.8436034 0.9172623 -0.08890342 -0.3882344 0.5937711 0.4726756 -0.6511634 0.9126482 -0.3854017 -0.1361585 0.469401 -0.1543462 -0.8693906 0.9711282 0.2385585 -3.79503e-4 0.5951626 0.3654091 -0.7157219 0.4771506 -0.2994809 -0.8262195 0.4627481 0.02967679 -0.885993 -0.2388137 0.33143 -0.9127553 -0.4745853 0.2991524 -0.8278144 0.421019 -0.3221539 -0.8479152 0.4281747 -0.3102809 -0.8487593 0.3867648 -0.2800214 -0.8786359 0.4601963 -0.3196643 -0.8282719 -0.5607612 0.3361983 -0.756649 0.8482351 -0.5276505 0.04563146 0.8020604 -0.5925003 -0.07511788 -0.8100538 0.5791829 0.09143406 -0.5112382 0.3222928 -0.79672 -0.3222321 0.2374224 -0.9164045 0.8069755 -0.5758311 0.1311839 0.3804296 -0.2495986 -0.8904908 0.4430496 -0.3059178 -0.8426871 0.3546907 -0.1935157 -0.9147384 -0.5203934 0.3457775 -0.7807872 -0.8547588 0.5028095 -0.1287249 0.3692135 -0.2632567 -0.8912785 -0.3874287 0.285597 -0.8765463 -0.4489404 0.2966485 -0.8428833 -0.9967646 0.08015054 -0.006033897 -0.9071708 -0.1217007 -0.4027781 0.9357712 -0.09155923 0.3405129 0.4197394 -0.1135963 -0.9005081 0.5429362 -0.08537489 -0.8354231 0.4025698 -0.03531736 -0.9147078 -0.5567982 0.09269028 -0.82546 -0.9940142 0.1092493 6.7693e-4 0.4316844 -0.05452537 -0.9003753 -0.5459796 0.08481711 -0.8334941 0.5464096 0.179768 -0.8179975 0.3498314 0.1729641 -0.9207071 0.3676102 0.1567756 -0.9166702 0.3829101 0.123822 -0.9154496 0.9259138 0.3777276 -0.00233215 0.7757067 0.536298 0.3326616 0.5465516 0.5578559 0.6245624 0.351018 0.1735648 0.9201423 -0.530675 -0.2141711 -0.82007 0.4437004 0.3238103 -0.8356296 0.9408226 0.2790784 -0.1922714 0.2502845 0.3431507 -0.9053206 0.2545063 0.3242023 -0.911109 0.69548 0.6964685 -0.1767464 0.1812583 0.2749357 0.9442225 -0.4061399 -0.3759585 -0.83289 0.2879211 -0.3107756 -0.9058256 0.3419271 -0.5106568 -0.7888697 0.6227889 -0.06827205 -0.7794056 0.3779294 -0.02428126 -0.925516 0.078103 0.7181385 -0.6915035 0.3509232 0.9287964 0.1191226 -0.1144324 0.4503006 -0.8855138 0.7023317 0.6966788 -0.1461812 0.06181222 0.0809493 0.9947998 0.351437 0.9302012 -0.1059142 0.7025113 0.6968659 0.1444159 0.3533684 0.935484 -6.96152e-4 0.3508806 0.9286095 -0.1206955 -0.164121 -0.1242197 -0.9785877 -0.1985772 -0.5431507 -0.8158152 -0.2060219 -0.5389319 -0.8167665 -0.01108938 0.3933281 -0.9193314 -0.1850593 0.9807435 0.0624116 0.02903908 0.2920395 -0.9559653 -0.04761755 0.2958357 0.9540513 -0.1619757 0.9867944 -8.70019e-4 0.02413678 0.09094727 -0.9955632 0.353528 0.9354236 -7.20322e-4 -0.1558119 0.9494317 0.2725845 0.02928912 0.2933622 0.9555527 0.04022973 0.9959196 -0.08078294 -0.07888096 0.5550265 -0.8280841 -0.07911205 0.5565109 0.8270654 -0.1981278 -0.8828273 -0.4258656 -0.5621679 0.7757615 0.2866385 -0.06645423 0.06601673 -0.9956032 -0.7266924 0.6865759 -0.02306109 -0.1038405 0.1893008 -0.976413 0.5131369 -0.8534502 -0.09117645 0.09864825 -0.472562 -0.875759 0.4014556 -0.3803864 -0.8331505 -0.3082014 0.1634343 -0.9371773 0.8188959 -0.5559162 -0.1427121 -0.9953344 0.09439086 0.02000033 -0.3559144 0.03636258 -0.933811 -0.5693942 0.7554299 -0.3242159 -0.2325638 0.5997674 -0.7656326 0.6182953 0.02849256 -0.7854292 0.9633679 -0.1774614 -0.2010713 0.6243624 0.01029586 -0.781067 0.40204 -0.385308 -0.8306032 -0.3576123 0.0366376 -0.9331513 0.3402671 0.262 -0.9030916 0.4491354 0.3379352 -0.8270896 0.9867769 -0.1544281 0.04922723 0.6831519 -0.404093 0.6082866 0.7952423 0.6036328 0.05671989 0.4482211 0.3372537 0.8278634 0.1767888 0.9841974 -0.01006186 0.01111251 0.3746894 -0.9270838 -0.3394969 -0.2586751 -0.904339 0.7004254 0.0938338 0.7075306 0.8561763 0.4878975 0.1700534 0.4277843 0.5837438 0.6901041 0.8563309 0.4879756 -0.1690479 0.3323935 0.355213 -0.8736924 0.5893592 0.797874 0.1267004 0.5941243 0.804373 6.52254e-4 0.1239429 0.6163867 0.7776281 0.2913516 0.9563809 0.02120882 0.1730217 -0.4011167 -0.8995382 0.6830921 -0.5881624 -0.4329553 0.2876737 -0.4404258 -0.8504523 0.245044 -0.4660845 -0.8501286 0.1216335 0.9906755 0.06137943 0.5941119 0.8043822 7.12968e-4 0.3469923 0.5162836 -0.7829735 0.1014938 0.9713748 -0.2147797 0.3771459 0.4463202 -0.8115167 -0.126984 -0.3891894 -0.9123633 -0.03680199 0.5439784 -0.8382918 0.1404365 -0.4064753 -0.9028043 0.1226896 -0.3318743 -0.935311 -0.04338318 0.6708577 -0.7403161 -0.3995546 0.9085275 -0.1222047 -0.26607 0.5639036 -0.7818054 0.3570005 0.9008085 -0.2471734 -0.2801641 0.4949619 -0.8225089 -0.3130946 0.947349 -0.06709527 -0.5859216 0.7611835 0.2780211 -0.5830442 0.8101437 0.06104743 0.006698906 -0.9063194 -0.4225402 0.2883185 -0.4246531 -0.8582205 -0.4007694 -0.2727557 -0.8746361 -0.229093 0.4904634 -0.8408104 0.2664189 -0.404289 -0.8749693 -0.5553249 0.8316311 -0.002063572 -0.2848185 0.4265713 -0.8584378 -0.8339813 0.3229775 -0.4473931 -0.8387717 0.3399991 -0.4252797 0.4542087 -0.8907125 0.01804769 0.5587874 -0.8293107 -7.39574e-4 0.9395048 0.3137488 0.1374502 0.1576118 0.1504646 -0.9759708 0.8095824 0.2692778 0.5215994 0.3366822 0.1937726 -0.9214648 0.8093128 0.5434311 0.2229252 0.5968655 0.7841285 0.1699826 0.2887859 0.8710814 0.3972656 0.7297203 0.6535221 0.2010403 -0.5242985 -0.204388 -0.8266417 -0.04952794 0.8501116 -0.5242684 0.1140224 0.7222916 -0.6821246 0.2488163 0.1687744 -0.9537325 0.5150759 -0.310207 -0.7990424 0.7687506 -0.3930572 -0.5045084 0.2874115 0.8731892 -0.3936182 0.949463 0.2981011 -0.09826344 0.7009992 0.1961133 0.6856673 0.8349586 0.3324531 -0.4385421 0.8096051 0.2692928 0.5215563 -0.4260326 -0.3814668 0.8203532 -0.06642866 0.5793096 0.8123962 0.3199135 0.6177722 0.7183405 0.3493327 -0.05896055 0.9351419 -0.2469713 -0.5854206 -0.7721968 0.04936724 0.4160458 -0.9080027 -0.4345623 0.7611376 -0.4814823 -0.4430493 0.8909522 -0.09955644 -0.2992992 0.9538732 0.0233677 0.3812993 0.4899858 0.7839164 0.1976664 -0.5661568 -0.8002465 0.06448215 -0.3996889 -0.9143801 -0.139972 0.3257072 -0.9350522 0.4457325 -0.3288745 -0.8325648 0.2964949 -0.5171384 -0.8029065 -0.3437566 0.1762149 -0.9223773 -0.03708815 0.1464476 -0.988523 0.1904662 0.9816938 9.20892e-5 -0.6044345 0.7695766 0.2059393 0.1657535 -0.9732972 0.1588028 0.4560015 -0.5704726 -0.6830986 0.7863636 -0.5819592 -0.2072581 0.2283281 -0.9734054 -0.01866269 -0.2743558 0.2032829 -0.9398964 -0.8023415 0.5924512 -0.07245701 0.4624186 -0.3431301 -0.8175763 0.3427764 -0.1746002 -0.9230488 0.5595413 -0.05489891 -0.8269824 0.9794813 0.02855634 -0.1995018 -0.7436351 0.6683544 -0.01758986 -0.4929698 0.7221397 -0.4852784 -0.9420976 -0.3352911 -0.005665183 0.1129739 -0.05713015 -0.9919542 -0.9265636 0.2471854 0.2835122 -0.3028193 -0.07181704 -0.9503383 0.5982913 -0.02504879 -0.8008872 0.5718845 -0.1031295 -0.813826 0.9112167 0.4064833 -0.06674873 0.2239238 0.221907 -0.9490076 0.9929689 0.09621512 0.06896144 0.6465749 0.4228937 0.6349031 0.5916301 -0.03126537 0.8056032 0.802295 0.5256972 -0.2827814 -0.2683249 -0.05723476 -0.9616267 0.6612578 0.4294043 -0.6151018 0.2100143 0.9776983 -2.56523e-5 0.8147837 -0.1679258 0.5549131 0.4385734 0.8927357 0.1033267 0.6354253 0.7719727 -0.01711356 0.5190176 0.3289453 -0.7889334 0.230656 0.379947 -0.8957891 -0.1286146 -0.330697 -0.934932 0.5059431 0.8445304 0.175471 0.3034967 0.6052889 0.7358771 0.5094097 0.8600355 -0.02899742 0.2627351 0.5182931 -0.8138443 -0.1981563 -0.33871 -0.9197879 0.01217031 0.5824456 -0.8127787 0.8115148 -0.06048458 -0.5811932 0.03873306 -0.4033905 -0.9142078 0.03257668 0.5338529 -0.8449497 0.1554697 0.8977959 0.4120581 0.6518239 0.7581892 -0.01657789 0.1554731 0.8978048 -0.4120371 0.658288 0.6494026 -0.3807011 0.5093961 0.8600423 -0.02903538 0.2454801 0.5013909 -0.8296666 0.05383723 0.9878468 -0.1458094 0.05382418 0.987852 0.145779 -0.3254863 0.9165441 0.2323909 0.0372036 -0.4003746 -0.915596 0.02773779 0.535016 -0.8443866 -0.3270354 0.9450063 -0.003323733 0.1423092 0.5010774 0.8536215 -0.8133537 0.348169 0.4660841 -0.7710704 0.6098709 -0.1830514 -0.0934177 0.9925792 -0.07784348 -0.2773383 0.9604778 -0.02379065 0.03811031 0.6237061 -0.7807295 -0.3353409 0.6670974 -0.6652275 0.03811639 0.6236909 0.7807412 -0.2715373 0.5325006 0.8016925 -0.6326404 0.7742023 -0.01941579 -0.2699128 0.5370135 -0.7992269 0.2597172 -0.2786152 -0.9246191 0.2746402 -0.3433287 -0.8981637 0.4653346 -0.3826566 -0.7981466 0.6486918 -0.7610401 0.004114806 0.3977026 -0.1328276 -0.9078488 0.9059423 -0.2688348 0.327103 -0.7056077 0.6932756 -0.1465837 -0.5294274 0.3463857 -0.7744183 0.4554257 -0.2979949 -0.8389198 0.1713227 -0.1403867 -0.9751617 -0.8388192 -0.1227005 -0.5304028 -0.9821049 0.06534188 -0.1766363 -0.4557502 0.2981592 -0.8386853 0.3978537 -0.1222453 -0.9092682 0.4333087 0.0794593 -0.897736 0.9446261 0.2368262 0.2271454 -0.9102072 0.3920149 -0.1335936 0.2753614 -0.1130628 -0.954669 -0.6084314 0.09613525 -0.7877622 0.5486699 -0.07336765 -0.8328136 -0.9816628 -0.1890151 -0.02473342 -0.5538138 0.5812044 -0.5962313 -0.8182692 0.5116903 -0.2619324 -0.551978 -0.1481422 -0.8205938 -0.5524257 0.07133913 -0.8305038 0.4244051 0.09704804 -0.9002566 -0.5624839 0.06579869 -0.8241859 -0.9615876 -0.2072288 -0.1800155 -0.9999828 -0.005876004 7.82311e-7 -0.6839401 -0.2999818 -0.665009 0.3259789 -0.2501713 -0.9116754 0.4507939 0.03580754 -0.8919097 -0.2940188 -0.2168425 -0.9308772 0.415522 0.2235034 -0.8816961 0.8616015 0.5063492 0.03540331 -0.8793106 -0.4641886 -0.1064983 -0.4108545 -0.2588858 -0.874172 -0.5855844 -0.2561296 -0.769083 0.4099671 0.2349493 -0.8813205 -0.4268479 -0.2254523 -0.8757695 -0.8957241 -0.4400818 0.06329649 -0.8516381 -0.523571 0.02421069 -0.2987438 -0.09138 -0.9499484 0.509184 0.3127142 -0.8018364 0.507209 0.3126295 -0.8031201 0.4312548 0.2683316 -0.8614045 0.5047861 0.3188919 -0.8021839 -0.4517115 -0.2396374 -0.8593781 0.4709655 0.1950889 -0.8603091 0.4538047 0.2093448 -0.8661617 0.6254712 0.3271209 -0.7083627 0.380887 0.1126365 -0.9177354 0.956308 0.28534 -0.06368893 0.8962067 0.4362358 -0.08069622 0.5697624 0.09115833 -0.8167381 -0.918972 -0.389359 0.06237149 -0.4112439 -0.2063108 -0.8878707 -0.2500293 -0.1132256 -0.9615952 -0.9766437 -0.1551455 0.1486512 -0.9210549 -0.1547593 -0.357362 0.9210428 0.1547609 -0.3573926 0.7669248 -0.6215544 0.1596764 0.4312829 -0.3926245 -0.8123061 0.6557842 -0.7523279 -0.06284785 0.330755 -0.3405492 -0.8801292 0.9959871 0.02202904 -0.08674418 -0.3547791 -0.006453216 -0.9349279 0.4045984 0.008833765 -0.9144519 -0.1151689 -0.115907 -0.9865606 -0.4046313 -0.008804202 -0.9144375 0.5638785 -0.0949074 -0.8203862 0.5722697 0.08665174 -0.8154748 0.564197 -0.09831696 -0.8197656 0.9761312 -0.2068268 -0.06626111 -0.9350579 0.1261814 -0.3312779 -0.4046077 -0.008783996 -0.9144482 -0.266874 0.09193289 -0.9593366 0.3852435 -0.1327852 -0.9132118 0.9373123 -0.128768 -0.3238279 -0.9672623 0.2525072 -0.02537649 -0.6167306 0.1377573 -0.7750266 -0.9437008 0.2937892 0.1520425 -0.3853952 0.1328204 -0.9131425 0.4934438 -0.2598077 -0.8300682 0.4979923 -0.2521371 -0.8297172 0.9304067 -0.3598887 -0.06945276 0.8236865 -0.5613251 -0.08034104 -0.8819035 0.4700405 0.0361697 -0.1872464 0.1508291 -0.9706644 0.3251163 -0.2619046 -0.9086833 0.8181703 -0.4371666 -0.373474 -0.2566157 0.07877677 -0.9632977 -0.2154527 0.1435366 -0.9659076 -0.8811438 0.4595608 0.1113093 -0.3252124 0.2619725 -0.9086293 0.4266896 -0.3988987 -0.8116747 -0.3075683 0.3924193 -0.8668385 -0.723001 0.6623256 0.1964546 -0.8138334 0.2953505 -0.5004433 -0.7236792 0.6893166 0.03363198 -0.5166211 -0.3165516 -0.7955487 -0.8603745 0.4262647 -0.2793819 -0.6135616 0.3278617 -0.7183654 -0.931827 -0.3629028 7.27773e-5 0.4990018 -0.2633677 -0.8256118 0.1703011 -0.07375448 -0.982628 0.1738599 0.03951209 -0.9839774 -0.5262416 -0.4952758 -0.6912103 -0.4980961 0.263686 -0.826057 -0.5135936 -0.3247167 -0.7942171 0.3445804 -0.5542122 -0.7577026 0.4516199 -0.4986193 -0.7398772 0.1762975 0.9840862 0.02222144 0.08168542 -0.2829101 -0.9556618 0.177435 0.0860024 -0.9803675 -0.2165626 0.8587977 0.4642921 0.1697134 0.06458204 -0.9833751 0.3765957 0.2677184 0.8868498 0.3945648 0.9147681 -0.08670568 0.1620429 0.9867755 0.004046261 -0.2478263 0.8002724 -0.5460278 -0.2221585 0.9643993 0.1434556 -0.2951238 0.2178995 -0.9302806 -0.1118034 0.3288499 0.9377408 0.1763258 0.9840801 -0.02226388 0.1774272 0.08599698 0.9803695 -0.260706 0.9654182 -9.34005e-5 0.1941835 -0.4488292 -0.8722644 -0.1020826 0.3551172 -0.9292314 -0.04095238 -0.2986115 -0.9534958 0.1188809 -0.6304877 -0.7670416 -0.5262436 0.84125 -0.1239607 -0.3474867 0.4618101 -0.8160788 0.3228585 0.8558565 0.4040696 -0.2793286 0.4165364 -0.8651434 -0.3091343 0.4109327 -0.857654 0.1608726 -0.3056526 -0.9384544 0.476371 -0.8792324 -0.00459361 0.5667666 -0.8238785 -3.95775e-5 -0.42063 0.9000433 -0.1139858 -0.3191645 0.400833 -0.8587589 0.3090505 -0.4107314 -0.8577806 0.1644799 -0.3666319 -0.9157115 0.1623209 -0.9825081 -0.09126764 0.1773559 -0.2963656 -0.9384627 0.4129482 0.3609783 -0.836163 -0.1065949 -0.3768373 -0.9201257 0.1775043 0.4172729 -0.8912776 -0.3118114 -0.3494076 -0.8835656 -0.1522514 0.5443132 -0.8249502 0.4113206 -0.2736069 -0.8694565 -0.7094647 0.6996124 0.08486694 -0.1288017 0.8246125 0.5508399 -0.6725692 0.6590819 0.336544 -0.1287649 0.8246139 -0.5508462 -0.07106119 -0.3794003 -0.9224997 0.1413503 0.480792 0.8653665 0.2488445 0.9640039 0.09366393 0.2488272 0.9640079 -0.09366875 0.141366 0.4807761 -0.8653728 0.1607751 0.5790888 -0.7992544 0.5133689 0.4245868 0.7457737 0.8029299 0.5956012 -0.02372735 0.6547845 0.7488083 -0.1026815 0.4145319 0.3601272 -0.8357462 -0.1802412 0.1466403 -0.9726304 0.08537179 0.331891 -0.9394467 -0.4036383 0.8886478 0.2176728 -0.05840229 0.09471356 -0.99379 0.1739407 0.9846134 -0.01677334 0.6547945 0.7487992 0.1026839 0.2486181 0.6916462 0.6780964 0.4909797 0.4291294 0.7581471 0.8714804 0.4756129 -0.1196431 0.9360576 0.1336874 0.3254595 0.6876012 0.7257509 -0.02214229 0.3622899 0.1292436 -0.9230614 0.471414 0.7344468 -0.4882181 0.8714786 0.4756214 0.1196221 -0.3624835 -0.1261616 -0.9234116 0.5771314 0.09754651 -0.8108047 0.5824024 0.08459001 -0.8084875 0.9884051 0.07826834 -0.1301133 0.6286602 0.1345009 0.7659609 0.9968801 0.07893139 1.18613e-5 0.9968367 -0.03855812 -0.06949788 0.3514209 -0.170381 0.9205834 0.372906 0.2627471 0.8898906 0.3754779 -0.1218784 -0.9187829 0.9169974 0.01617491 -0.3985651 0.957014 -0.2509357 -0.1454501 -0.5912036 0.4912317 -0.6396637 -0.2827526 0.03305274 -0.9586233 -0.7469698 0.5472244 -0.3776 0.5127906 -0.2590596 -0.818495 -0.8941498 0.4416627 0.07369053 -0.9411831 0.002019822 -0.3378909 -0.1961865 0.06062072 -0.9786911 -0.8055761 0.57318 0.1500396 0.5978194 -0.4503207 -0.6631918 0.2380567 -0.324887 -0.9153018 0.5229309 -0.2424015 -0.817181 -0.3527133 0.1401035 -0.9251834 0.2729198 -0.4459171 -0.8524511 0.2976721 -0.5486807 -0.7812432 -0.7225511 0.5982861 -0.3463724 -0.5231159 0.6026229 -0.6026569 -0.1051421 0.2861059 -0.952412 -0.4886334 0.8464154 0.2117038 -0.227393 0.3671714 -0.9019299 0.1036284 0.2935224 -0.9503189 0.2385694 -0.5800325 -0.7788754 -0.1580131 -0.1858333 -0.9697927 -0.3153471 -0.9388902 -0.1379902 0.5770268 0.6037784 0.5499926 0.5447076 0.6261872 0.557838 0.8866037 0.4510805 -0.1022748 0.8781096 0.4784415 -0.00415796 0.2169939 0.8169646 0.5343056 0.2887325 0.4695357 0.8343679 0.2091934 0.6218049 0.7547163 -0.4606962 0.1808496 -0.8689375 -0.1760088 -0.5829659 -0.7932035 0.262669 -0.4152369 -0.8709669 0.2765846 0.9574462 -0.08244919 0.2555667 0.5596002 0.7883739 0.1738868 0.9846225 -0.01679497 0.7965313 0.3901633 0.4618557 0.05855202 0.3242515 0.9441571 0.1739068 0.9846157 -0.01698267 0.7964286 0.3902676 -0.4619447 0.272283 0.02721947 -0.9618322 0.1686771 -0.286341 -0.9431633 0.3700002 0.1604792 -0.9150664 -0.09245783 -0.03016221 0.9952597 0.5449792 0.8244364 0.1526514 -0.5327714 0.1337957 -0.8356156 -0.5333637 -0.2743278 -0.8001673 0.3050957 -0.1414088 -0.9417644 0.9230833 -0.1847076 0.3373433 0.3842622 -0.1468622 0.9114682 0.9888069 -0.1492015 6.87921e-5 0.3718329 0.162195 -0.9140203 0.5183588 -0.133651 -0.8446547 0.3037742 -0.1656225 -0.9382379 0.494669 -0.4512356 -0.7427577 0.1757085 -0.08385765 -0.9808641 0.03975462 0.1488452 -0.9880611 0.3843294 -0.923188 0.003833413 0.2244649 -0.3268557 -0.918031 0.001733839 -0.9554898 0.2950194 0.6005074 -0.7996192 1.19567e-4 -0.9167889 0.1679337 -0.3623486 -0.4338048 0.6128419 -0.6604834 -0.9686767 0.2441586 0.04530131 -0.5316566 0.1335549 -0.8363638 -0.9192811 0.3909446 -0.04565829 -0.4295802 0.5223745 -0.7366042 0.3588305 -0.4361591 -0.8252308 -0.3590918 0.436418 -0.8249803 0.2227757 -0.3850253 -0.8956153 0.4111948 0.1691265 -0.8957206 -0.554279 0.8253774 -0.1073638 -0.4520071 0.8920144 7.2611e-5 0.2580763 -0.4226276 -0.8687822 0.7972438 -0.4458223 -0.4069949 -0.2391706 0.4721906 -0.84843 0.2391782 -0.4720962 -0.8484804 0.09577119 -0.8805364 0.464202 -0.3626762 -0.381527 0.8502371 -0.2389582 -0.4046755 0.8826872 0.2312193 0.3914788 0.8906639 0.5037641 0.8638414 -7.48038e-6 0.6633202 0.5936886 -0.4555658 0.8069575 0.4110866 0.4240608 0.8011283 0.574715 -0.1670218 0.8176314 0.3900133 0.4235194 -0.07437855 0.6371791 -0.7671184 0.04704964 0.8959326 -0.4416915 0.8061795 0.4126512 -0.4240207 -0.3078948 -0.188198 0.9326213 -0.5176767 -0.3478475 0.7816732 -0.2190812 -0.4694326 -0.8553576 0.2934806 0.1922426 -0.9364358 0.4153899 -0.2186488 -0.8829746 -0.5938844 0.1385976 0.7925226 0.5886682 -0.147803 -0.7947478 -0.6528305 0.167478 0.738758 -0.4117323 0.1198601 0.9033882 -0.1804767 -0.1101872 0.9773878 0.9514393 -0.2991588 -0.07257795 0.4116647 -0.1197995 0.903427 -0.71092 0.2043454 -0.6729307 -0.9810621 -0.1936938 -3.23981e-4 -0.861227 0.4732021 -0.1853854 0.1078329 -0.2350683 -0.9659788 0.3232259 -0.2290366 -0.918187 -0.1725097 0.350535 0.9205246 0.1866543 -0.3445896 -0.92001 0.411976 -0.1090153 -0.90465 -0.2799232 0.5109854 0.8127343 0.5316334 -0.0274775 -0.8465288 -0.3646367 0.6408541 -0.675534 -0.4488751 0.8704187 -0.2021945 0.8042966 -0.07334458 -0.5896844 -0.08084726 -0.3590279 0.9298187 -0.2140949 0.6227477 -0.7525615 -0.5415101 0.8371319 -0.07731235 0.3234542 0.9292887 -0.1783258 -0.05417239 0.6112401 -0.7895891 0.09813725 0.9951037 -0.01173609 0.08539819 0.5376097 -0.8388583 -0.08081722 -0.3590341 -0.9298189 -0.3056635 -0.9291181 -0.2081091 -0.3898864 -0.6533777 -0.6489116 -0.03211629 -0.3738127 -0.9269481 -0.151847 -0.9883231 0.01265352 -0.172475 -0.3916171 0.9038189 -0.7240365 -0.4585633 0.5152581 -0.3923493 -0.2950871 0.8711979 -0.3422802 -0.4453904 0.8273282 -0.1725023 -0.3916104 -0.9038165 -0.5893333 -0.8064184 0.04874086 -0.6128854 -0.7545256 -0.2346546 0.3693251 0.9082089 -0.1968649 -0.3957253 0.1105104 -0.9116957 -0.9520227 -0.1495246 0.2670117 0.1890683 0.09608072 -0.9772522 -0.9826976 0.1852172 -2.17557e-5 -0.1721094 -0.1669521 0.9708272 0.1412678 0.3243471 -0.9353302 0.3506084 0.1523805 -0.9240422 0.6127674 0.7855266 0.08639526 -0.1721422 -0.1670119 -0.9708111 -0.3246814 -0.168048 0.9307749 -0.5600079 -0.2016665 0.8035681 0.3401224 0.453832 -0.8236221 0.5591979 0.215161 -0.8006271 0.3414437 0.1686029 -0.9246563 -0.4796245 -0.04717624 0.8762049 -0.479639 -0.04710423 -0.8762008 -0.9323832 -0.3426043 0.1152561 -0.4273132 0.1044448 0.8980506 0.6534589 0.06190264 -0.7544268 0.4306493 -0.1090698 -0.8959045 0.5194181 -0.07867437 -0.8508909 -0.03272438 0.4387083 0.8980336 0.3213074 0.8664312 0.382176 0.226461 0.9704715 0.08306992 -0.01790541 0.9998061 -0.008191227 -0.5193209 0.1259799 0.8452425 0.5177382 -0.1377062 -0.8443839 -0.4215045 0.3704825 0.8276936 -0.3043355 0.08002108 0.9491979 -0.9827145 0.1851277 5.51157e-5 -0.397109 0.08389103 -0.9139294 -0.8204541 0.5489394 0.1597526 0.5108666 -0.3213778 -0.7973279 -0.2727981 0.7470698 -0.6061914 -0.7493721 0.6577965 0.07579869 -0.5386306 0.7704206 -0.3410708 -0.3394061 0.2853789 0.8963049 0.4231555 -0.3701554 -0.8269973 0.3290309 -0.2986977 -0.895834 -0.6656846 0.1037624 0.7389841 -0.3816127 0.317995 0.8679004 -0.5327046 0.8238669 0.1935699 -0.1884381 0.1710664 -0.9670715 -0.05979448 0.1679101 -0.9839872 0.1358075 -0.3908842 -0.9103658 0.391609 -0.5632355 -0.7276044 -0.3817682 0.3181065 -0.8677912 -0.1758083 0.3031162 -0.936596 -0.1730885 0.3691388 0.9131139 -0.331461 -0.1453893 0.9321993 0.2348412 -0.4846704 -0.8425819 -0.06009709 0.981565 0.1814343 0.2106375 -0.9773295 0.02142143 -0.3618362 0.9315545 0.03578984 -0.03274512 0.4387082 -0.8980328 -0.01787739 0.9998063 0.00824368 0.1403792 0.3692731 0.9186572 0.411957 0.9091749 -0.06076616 -0.01720613 0.4756218 0.8794817 0.01605767 -0.5387986 0.8422815 0.01603257 -0.5387622 -0.8423053 -0.01722609 0.4755755 -0.8795064 -0.413911 0.6547892 -0.6323994 -0.3671611 0.8753741 -0.3145042 0.1741024 0.3912105 -0.9036828 0.01963877 0.3557683 -0.9343679 0.3828587 0.9238069 2.77758e-5 -0.01671957 -0.358119 0.9335263 -0.2191125 -0.4744511 0.852576 -0.0660963 0.9893817 -0.1294417 0.02217292 0.04397565 0.9987866 0.01966214 0.3557649 0.9343687 0.3726967 0.8926761 -0.2534295 0.1955775 0.1470821 0.9695959 0.2224404 0.9016045 0.3709845 0.4182384 0.1811127 -0.8900982 0.1881265 0.3731932 -0.9084796 0.8110421 0.261101 -0.5234856 -0.02391189 0.2130262 -0.9767538 -0.1971542 0.5297198 -0.8249407 -0.1096081 -0.9699229 0.217338 -0.5138236 -0.5617008 0.6484425 0.6754716 0.7362748 -0.04046767 -0.4721887 0.5628284 -0.6784263 -0.305215 0.8357667 0.4564405 -0.3279315 0.9447016 5.13792e-5 -0.6264483 0.6868409 0.3685271 -0.5067724 -0.1978874 0.8390604 -0.388806 0.4363161 0.8114545 -0.254793 0.4088786 -0.8762984 -0.7352377 0.04896634 0.6760384 0.3429368 0.4589204 0.8196259 0.5087316 0.8530482 0.1161949 -0.5050961 0.4883137 -0.7116373 0.4314765 0.8989524 -0.07558095 0.263349 0.4475849 -0.8545847 -0.5398313 0.7260077 0.4260222 -0.3052851 0.8358783 -0.4561891 -0.4716393 0.5627002 0.6789146 -0.3279196 0.9447057 2.72989e-5 -0.6265829 0.6870508 -0.3679063 0.8057515 0.5906507 -0.04354733 0.3846372 0.2871671 0.8772625 0.4228355 0.3138679 0.850116 0.8296269 0.5563312 0.04706138 -0.9711256 0.2385685 5.88618e-4 0.3627042 0.9318314 -0.0116629 0.4694157 0.1543439 -0.869383 0.5940905 -0.1623005 -0.7878548 -0.9711278 0.2385596 3.96669e-4 -0.5670101 0.3869644 -0.7271576 0.2772012 0.3467294 -0.8960683 0.4770929 0.299452 -0.8262633 0.3325898 0.3474749 -0.8767241 0.4470291 0.3372671 -0.8285022 -0.4302242 -0.3116714 -0.847212 0.4286247 0.3103733 -0.8484983 0.8101682 0.5792834 0.08976888 0.3852345 0.2841312 -0.8779886 0.5607061 0.3361835 0.7566965 0.3837332 0.2864949 -0.877878 0.5700985 0.3426621 -0.7467064 0.8100582 0.579171 -0.09147012 0.5112442 0.322307 0.7967106 0.3222755 0.2374057 0.9163935 0.4219917 0.3133433 -0.8507285 0.3845236 0.2474728 -0.889325 0.4447413 0.2962555 -0.8452444 0.8546274 0.5027037 -0.1300044 0.5204089 0.3457618 0.7807838 0.8547711 0.5028038 0.1286653 -0.3807179 -0.2501547 -0.8902116 0.3900648 0.2793635 -0.8773857 0.459007 0.2799916 -0.8431591 0.9967681 0.0801078 0.006016492 0.9071333 -0.1217486 0.4028481 0.6685107 0.05216377 -0.7418709 0.4138708 0.1154064 -0.9029909 0.5466561 0.08538484 -0.8329924 0.9794572 0.1078296 -0.1704012 0.5568231 0.09265518 0.8254471 0.9940127 0.1092628 -6.6942e-4 -0.4223244 -0.1140494 -0.8992414 0.5471315 0.07390564 -0.8337777 0.5234788 -0.204047 -0.8272452 0.8952378 -0.4024766 -0.1912117 -0.3845115 0.1243154 -0.9147112 0.3829059 -0.1238211 -0.9154516 -0.9259311 0.3776862 0.002210915 -0.7757231 0.5362602 -0.3326842 -0.5465508 0.557856 -0.624563 -0.3509296 0.1734479 -0.920198 0.5328102 -0.2115151 -0.8193746 0.4108893 -0.3852423 -0.826292 0.5723636 -0.8104808 -0.1245821 -0.2592013 0.3400232 -0.9039906 0.2579476 -0.3488072 -0.9009976 -0.695518 0.696502 0.1764647 -0.1232315 0.5003716 -0.8569961 0.3406818 -0.4352444 -0.8333656 0.2761922 0.2738859 -0.9212515 0.7113499 0.08070695 0.698189 0.5816231 0.813458 8.7278e-4 0.360795 0.03716069 -0.9319045 0.1767034 -0.4439219 -0.8784698 -0.7023151 0.696689 0.1462123 -0.0617311 0.08089566 -0.9948092 -0.3514097 0.9302176 0.1058608 0.4591712 -0.8880775 0.02191299 0.3951761 -0.3521711 -0.8484171 -0.3508283 0.928655 0.120497 0.01107102 0.3951146 -0.9185651 0.1981869 -0.5423457 -0.8164454 0.006711184 0.3890415 -0.9211959 0.1623008 0.667095 0.7270783 0.1850724 0.9807454 -0.06234467 0.2457162 0.319534 0.9151621 -0.002431869 -0.08522194 -0.9963591 0.1557036 0.9488895 0.2745274 -0.02410042 0.09092998 0.9955657 -0.3534557 0.935451 6.6182e-4 0.1557857 0.9494096 -0.2726762 -0.2580502 0.41991 -0.8701068 0.1851289 0.9806517 0.06363564 0.07887965 0.5549797 0.8281157 0.07902264 0.5559707 -0.8274371 0.5859111 0.8102926 0.01159179 0.5621986 0.7757365 -0.2866457 0.2899991 0.321133 -0.9015399 0.06652426 0.06614077 0.9955903 0.7267138 0.6865462 0.02327096 0.3580738 0.2529323 0.8987817 -0.1519407 0.3337649 -0.9303306 0.05957227 0.6814544 -0.7294321 0.3601355 0.6755894 0.6433362 0.5010282 0.8606117 0.09120565 0.9953369 0.09435695 -0.02002972 0.3559256 0.03636234 0.9338067 0.5693829 0.7554335 0.3242273 0.2325503 0.5997648 0.7656387 0.6138449 -0.03239262 -0.7887618 0.2298077 -0.3036675 -0.9246484 0.614714 -0.2151558 -0.7588378 0.4068363 0.1316968 -0.9039581 -0.4036798 -0.3807392 -0.8319137 -0.6168634 0.02839481 -0.7865579 0.3457524 0.03833508 -0.9375424 0.340147 -0.2597699 -0.9037808 0.771633 -0.5816119 0.2575078 -0.9867789 -0.1544248 -0.04919719 -0.6831911 -0.4040263 -0.6082867 -0.7952485 0.6036155 -0.05681949 -0.4481124 0.3371255 -0.8279744 0.1984943 -0.9800963 -0.003371596 0.1425347 -0.3332496 -0.9320025 0.3381653 -0.2527138 -0.9065209 -0.7004222 0.0938245 -0.707535 -0.8561705 0.4879049 -0.1700615 -0.4278103 0.5837727 -0.6900638 0.1108568 -0.09131324 -0.9896326 0.3438494 -0.4694179 -0.8132739 -0.589339 0.7978957 -0.1266571 0.3398869 -0.4559506 -0.8225485 -0.123902 0.6163408 -0.7776712 -0.2913387 0.9563836 -0.02126795 0.3960946 0.9179254 -0.02285015 0.04333961 0.6697201 -0.7413479 -0.1014365 0.9711306 -0.2159076 0.2285441 0.4893992 -0.8415796 0.592747 -0.2502512 -0.7655229 -0.3437479 0.4692858 -0.8133929 0.03677964 0.543195 -0.8388007 0.3832739 0.01234483 -0.9235523 0.09576094 -0.3968079 -0.9128929 -0.133862 -0.4110388 -0.9017361 -0.1408653 -0.4078683 -0.902109 0.04514956 0.5615774 0.8261916 0.3995531 0.9085302 0.1221888 -0.1025076 0.994732 -6.39457e-4 0.266115 0.5639152 0.7817817 -0.3570215 0.9007823 0.2472387 0.2800605 0.4948561 0.8226078 0.3131094 0.9473415 0.06713157 0.5859122 0.7611508 -0.2781301 0.5831649 0.8100508 -0.06112617 0.5552363 0.8316847 -0.003639578 0.2221228 0.413046 -0.883207 0.400959 0.9160958 -6.85602e-4 0.2838301 0.4235667 -0.8602511 -0.2670682 -0.4053478 -0.8742812 0.2309877 0.4887796 -0.8412724 0.4000531 -0.2737942 -0.8746395 0.5552896 0.8316545 0.002077877 0.2848384 0.4265508 0.8584414 0.8339633 0.3229939 0.4474152 0.8387134 0.3399338 0.4254466 -0.2664301 -0.4043052 0.8749585 -0.4570532 -0.8894392 7.51704e-4 -0.558768 -0.8293238 7.31337e-4 -0.1374528 0.3137495 0.9395042 0.9865871 0.1195888 -0.1111063 -0.5215721 0.2692727 0.8096017 0.7641157 -0.5027951 -0.404134 -0.8341289 0.2320654 0.5003746 -0.3647362 0.8047557 0.4683331 -0.3972949 0.8710722 0.2887732 -0.8976369 0.1157503 0.4252645 -0.8389866 0.4366297 0.3247404 -0.4706134 0.03424584 -0.8816747 -0.9409558 0.2325163 0.2460452 -0.6886482 0.2472603 0.6816348 -0.8452033 -0.2170371 -0.4883917 -0.04214507 0.4982374 0.8660158 0.923658 0.3433845 0.1701264 0.4654477 0.3680615 0.8049157 -0.3854501 0.8484314 0.3627567 0.870563 0.4469982 0.2057005 0.438521 0.3324501 0.8349708 -0.8316499 -0.5507233 0.07114952 -0.845938 -0.4799777 0.2324012 -0.9371115 0.3486557 -0.01616346 -0.7760903 -0.5797632 -0.2481104 0.6111437 0.5417602 0.5770611 0.3665212 0.839591 0.4009353 -0.5144007 0.5810638 -0.6306797 0.08954077 0.8977056 -0.4314016 -0.3876816 0.8376973 -0.3846638 -0.8043251 -0.5644547 0.1856135 -0.9187011 0.3823339 -0.09904074 -0.817658 -0.3430902 0.4623037 -0.9195621 -0.1817072 0.3484078 0.9856098 -0.1043779 -0.1329616 -0.6458405 0.7495002 0.1453945 -4.02033e-5 0.7864328 -0.6176759 1.17958e-4 0.9816845 0.1905146 -0.9750773 0.2215239 0.01230263 0.2059783 0.7695853 -0.60441 -0.322979 0.8307242 -0.4534113 -0.07208091 0.5924609 -0.8023681 0.01789605 0.5161494 -0.8563117 0.2930278 0.9265344 -0.2359425 -0.8789286 -0.2418689 0.4110765 -0.92233 0.1762366 -0.3438722 -0.02678269 0.7073064 -0.7063996 -0.5125997 0.6855242 -0.5170089 -0.8277983 0.2464479 0.5039976 -0.02307993 -0.5860186 0.8099689 -0.8132166 -0.04568225 0.5801655 -0.2117913 0.05990564 0.9754772 -0.7245697 0.2345707 0.6480551 -0.8139013 -0.1031123 0.5717802 -0.2576101 0.5373603 0.8030449 -0.9919562 -0.057181 0.1129299 -0.00553888 -0.3351997 -0.9421309 0.2835633 0.247263 -0.9265274 -0.9136968 -0.1411325 -0.3811032 -0.7747267 0.346153 0.5291284 0.2827988 0.5256997 0.8022872 0.8050363 0.03760063 0.5920328 0.9499001 -0.07230144 -0.3040761 0.6150957 0.4294114 0.6612588 -0.8305074 0.555913 -0.03490507 -0.4871668 0.8119184 0.3216477 -0.9133032 -0.1413647 -0.3819598 0.7713422 0.574068 0.2747315 0.9349914 -0.330562 -0.1285298 -0.1754825 0.8445301 0.5059395 -0.8279206 0.5025547 0.2489705 0.1654953 0.8545513 0.492294 -0.9185946 -0.3530247 -0.1776442 0.1401006 0.8766906 0.4602015 0.5811971 -0.06049001 0.8115115 0.04646754 0.2820509 0.9582736 0.787622 0.4557247 0.4146887 0.9142139 -0.4033815 0.03868395 0.8328663 0.496149 0.2452959 0.9349779 -0.3305991 -0.1285327 0.8449435 0.5338571 0.03266721 -0.3309832 0.6627461 0.6717275 -0.4120563 0.8977974 0.1554663 -0.01668125 0.758099 0.6519262 0.412028 0.897808 0.1554794 0.1458102 0.9878474 0.05382275 -0.006359934 0.9983826 0.05649513 -0.07781243 0.9925848 -0.09338492 -0.9141848 -0.4034446 0.03871583 -0.8904812 0.4507881 0.06191414 -0.7395082 0.6217771 -0.2579164 -0.01902168 0.7741823 -0.6326768 -0.8286156 0.42979 -0.3587158 0.07783466 0.9925769 -0.09345096 0.7807268 0.6237086 0.03812336 0.8016418 0.532559 -0.2715722 -0.8451364 0.5335557 0.03260183 0.006729543 0.998384 0.05642837 -0.6652737 0.6670674 -0.3353089 0.7394571 0.6218301 -0.2579352 0.4660188 0.3482565 -0.8133535 0.2727407 0.4690868 -0.8399823 0.8736627 0.4284806 -0.2304732 0.8969092 -0.3427389 0.279435 -0.7992635 0.5369805 -0.2698702 -0.9245874 -0.2786723 0.2597689 -0.5304052 -0.1227494 -0.8388105 -0.1767055 0.06527435 -0.982097 0.07769829 0.6954963 -0.7143164 0.8388339 0.2980546 -0.4555448 -0.2101963 0.6937037 -0.6889069 -0.7745778 0.3462945 -0.5292537 -0.9078062 -0.1328412 0.3977954 0.004173517 -0.7610698 0.6486566 0.3270937 -0.2689319 0.9059168 0.9083745 -0.1325193 0.3966039 -0.8387739 0.2981182 -0.4556141 -0.2618955 0.5116706 -0.8182934 -0.596257 0.5812041 -0.5537865 -0.0302661 -0.1917494 -0.9809772 -0.8175769 -0.1515424 -0.5555205 0.1335662 0.391986 -0.9102236 -0.1336705 0.3920102 -0.9101979 0.8275228 0.07237875 -0.5567473 -0.7870693 0.09646022 -0.6092762 -0.896236 0.07985109 0.4363315 0.214963 0.2374725 0.9473108 0.8963108 0.07929778 0.4362785 -0.8298045 0.0716564 -0.5534348 0.1127749 -0.1980551 -0.9736817 0.11811 -0.003557384 -0.9929942 0.7802681 -0.2482537 -0.574066 -0.1127617 -0.1980317 -0.973688 -0.8242113 0.06682711 -0.5623255 3.34084e-5 -0.004953861 -0.9999877 -0.6806973 -0.2906796 -0.672426 -0.03100168 -0.4777714 -0.877937 -0.8607848 -0.2549965 -0.4404844 -0.8752478 0.2300072 0.4254857 0.05901592 0.4935976 0.8676858 0.8742388 0.2303713 0.4273591 -0.7790793 -0.2481706 -0.5757144 0.004311263 -0.5258833 -0.8505459 -0.8709397 -0.2561466 -0.4193484 0.04333996 -0.5278867 -0.8482083 0.8693538 -0.2604261 -0.4200029 -0.04332405 -0.5278882 -0.8482082 -0.8791295 -0.2511687 -0.4050255 -0.8621857 0.2669047 0.4305784 -0.02046018 0.5230063 0.8520833 0.8621749 0.2669214 0.4305896 -0.8691998 -0.2606084 -0.4202082 0.05666476 -0.3979858 -0.9156399 -0.8747891 -0.2039904 -0.439468 0.8843636 -0.1955555 -0.4238623 0.8630702 0.2014419 0.463175 -0.1133509 -0.3955728 -0.9114131 -0.01965081 -0.5227714 -0.8522464 0.1134056 -0.3955767 -0.9114046 0.01995092 -0.5227789 -0.8522349 -0.926524 -0.1563469 -0.3422119 -0.8876752 -0.192233 -0.418425 -0.8566808 0.2069359 0.4725206 -0.07036352 0.4173638 0.9060113 -0.961998 -0.1122822 -0.2489028 0.1492865 -0.1548974 -0.9765861 0.8160756 0.09158229 0.570643 0.8909333 -0.1285879 -0.435549 -0.09130752 -0.1587379 -0.9830897 -0.9119355 -0.1178126 -0.393057 0.09116858 -0.1587567 -0.9830995 -0.8170386 0.09093201 0.5693675 -0.8893752 -0.1301242 -0.4382687 -0.06265002 0.283833 0.9568249 -0.5004718 0.2953902 -0.8138014 -0.7190335 0.3700027 -0.5882932 0.196432 0.662332 -0.7230013 0.03365218 0.6893392 -0.7236567 -0.9865601 -0.1159378 -0.1151423 0.9143652 -0.007972955 -0.4048121 -0.9320313 -0.006070911 -0.362327 -0.08676916 0.022044 0.9959845 0.82033 -0.09488111 0.5639648 -0.9143812 -0.007981598 -0.4047758 -0.820353 -0.09492373 0.5639244 0.152023 0.293774 -0.9437085 -0.7750267 0.1378373 -0.6167126 -0.02536785 0.2524638 -0.9672737 0.3237391 0.1287836 -0.9373408 0.9131712 0.1328142 -0.3853296 -0.9143831 -0.008030176 -0.4047704 -0.3312801 0.1261959 -0.9350551 -0.9593468 0.09194779 -0.2668322 -0.06622904 -0.2068496 0.9761286 0.8300742 -0.2598182 0.4934282 -0.913163 0.1328229 -0.385346 -0.8300875 -0.2598059 0.4934124 0.1108556 0.4596133 -0.8811735 -0.9338119 0.2708734 -0.2337155 -0.9633859 0.07868385 -0.2563134 -0.03624981 0.4700592 -0.8818901 0.9086766 0.2613983 -0.3255423 0.03619867 0.4700374 -0.881904 -0.9707418 0.150341 -0.1872382 -0.06948804 -0.3598386 0.9304234 -0.05012887 -0.5617243 0.8258045 0.8122984 -0.3926341 0.4312885 -0.9086576 0.2614215 -0.3255768 -0.884566 -0.3181591 0.3410541 -0.2553521 0.4801942 -0.8391717 -7.42376e-5 -0.6295987 0.7769206 2.69115e-5 -0.7538164 0.657085 -0.8935431 -0.3288347 0.3056937 -0.1273347 0.7207617 -0.6813872 0.2803748 0.4390861 -0.8535769 0.1273468 0.7207334 -0.681415 -0.2804037 0.4390987 -0.8535609 0.7949838 -0.263966 -0.5461894 0.8319817 0.2523049 -0.4941141 0.2540083 -0.3491119 -0.9019982 -0.7242599 0.3136135 -0.61408 -0.6913089 -0.4952333 -0.526152 -5.45606e-5 -0.6295736 0.776941 -0.8800618 -0.3406555 0.330825 -0.9803654 0.08590692 0.1774931 0.9796722 0.08750474 0.1805139 -0.7959261 -0.3180575 -0.5151127 7.05253e-5 -0.3604475 -0.9327796 -0.02223044 0.9840848 0.1763035 0.9377733 0.3287624 -0.1117889 0.9803656 0.08601051 0.1774414 -7.98441e-5 0.9654204 -0.260698 -0.9796644 0.08749908 0.1805592 -0.8297594 0.2527178 -0.4976273 -0.7933589 -0.3238384 -0.5154713 -0.930259 0.2180247 -0.2950994 0.1433548 0.9644158 -0.2221525 -0.544192 0.8012307 -0.2487664 0.002148985 0.9864779 0.1638805 -0.08675098 0.9147564 0.3945822 0.9887059 0.1402553 0.05281108 -0.955665 -0.2828964 0.08169537 0.02223885 0.984079 0.1763353 -0.9803715 0.08597213 0.1774272 0.4643 0.8587963 -0.2165513 0.7698794 -0.6194896 0.1533577 0.9476937 0.2938893 -0.124523 -0.8722723 -0.4488079 0.1941969 -0.9292179 0.3551605 -0.1020556 0.1073849 0.8414614 -0.5295387 -9.59635e-5 0.9654247 -0.2606824 0.8574354 0.4112005 -0.3093844 -0.8651362 0.4165422 -0.2793424 0.4040657 0.8558526 0.3228735 0.914471 -0.365732 0.1731562 -0.1138993 0.9000626 -0.420612 -0.8586705 0.4009438 -0.3192633 -0.004598021 -0.8792331 0.4763697 -0.9384861 -0.3055835 0.1608186 -3.27006e-5 -0.8238638 0.566788 -0.8576064 0.410983 -0.3091997 -0.1239447 0.8412472 -0.5262519 -0.8160133 0.4618921 -0.3475313 0.8360655 0.3610351 0.4130959 0.9362222 -0.3315839 -0.1163621 0.8016313 0.562562 0.2022654 0.883621 -0.3492146 -0.3118703 0.8707462 0.4726653 -0.1356051 -0.8249083 0.5443843 -0.1522244 -0.5508897 0.82458 -0.1287959 0.3365446 0.6590894 -0.6725615 0.5508939 0.8245833 -0.1287571 0.08484941 0.6995799 -0.7094988 -0.9201418 -0.3768033 -0.1065759 -0.2378085 0.8191255 0.5219967 -0.5558142 0.6271266 0.5456948 0.09365862 0.9640125 0.2488134 0.865398 0.4807386 0.1413391 -0.810473 0.542546 0.2208558 -8.15392e-5 -0.9590166 -0.2833501 -0.2701825 -0.6103992 -0.74459 0.7454386 0.4248458 0.5136414 0.6781301 0.6916205 0.2485975 0.1026898 0.7488098 0.6547814 0.7581855 0.4290869 0.4909577 -0.8361092 0.3610253 0.4130159 -0.883592 -0.3493567 -0.3117935 0.8896881 -0.4425182 -0.1123948 0.008447408 0.9048942 -0.4255529 0.9019287 0.3671305 -0.2274646 -0.5243882 0.8401234 0.1385998 -0.1026827 0.7487994 0.6547945 0.1196087 0.4756118 0.8714857 0.9235543 -0.1260606 -0.3621551 -0.02290511 0.7256907 0.6876397 0.3254972 0.1365736 0.9356278 -0.1196042 0.475625 0.8714791 0.8105221 0.09762579 0.5775148 -0.922891 -0.129352 -0.3626847 -0.8107372 0.09760612 0.5772161 0.7660335 0.1344553 0.6285812 6.25849e-7 0.07891547 0.9968813 -0.1301117 0.07826459 0.9884057 0.3379097 0.002037525 -0.9411764 0.9254728 0.1398327 -0.3520611 -0.9230449 -0.1292863 -0.3623164 -0.4263452 -0.03887563 -0.9037249 -0.9941453 0.03307563 -0.1028656 -0.3776907 0.547225 -0.7469234 -0.9586492 0.0329433 -0.2826776 -0.6397009 0.4912492 -0.5911489 -0.1454508 -0.2509695 0.957005 0.07425117 0.4415366 -0.8941656 -0.8182108 -0.2593157 0.5131146 -0.1500445 0.5732243 -0.8055438 0.2230783 0.5865591 -0.7785785 -0.9988665 0.0387336 -0.02766609 -0.9187194 0.1219215 -0.3756192 -0.9153673 0.3230544 -0.2402884 0.817945 -0.2594104 0.5134904 0.7835833 -0.5349204 0.3160023 -0.8569265 -0.4392486 0.2696995 0.9256423 0.3076664 -0.2202901 0.2116039 0.8464618 -0.4885963 -0.6027664 0.6025032 -0.5231278 -0.9523463 0.286263 -0.1053103 -0.3467515 0.5980343 -0.7225776 0.9373615 0.3381961 0.0835278 0.2138141 0.8807566 -0.4225535 -0.94498 0.3137428 0.09261894 0.01694679 0.9846014 0.1739912 0.2709639 0.3534545 -0.8953483 0.8036113 -0.2717256 -0.5295035 0.2003909 -0.3030411 -0.9316703 0.8288649 0.128474 -0.5444974 -0.949752 0.296291 0.1009107 -0.9682736 0.2372804 -0.07838678 0.7547364 0.6217923 0.2091585 0.9682756 0.2372817 -0.0783568 0.5343777 0.8168672 0.2171835 0.8941817 -0.4152328 -0.1673947 -0.7931831 -0.582998 -0.1759945 0.07068318 -0.7897118 -0.6093924 -0.4619506 0.3901344 0.7964904 0.01695537 0.9846126 0.1739273 0.4618639 0.3902768 0.7964708 0.9538185 0.2162831 0.2084512 -0.1022891 0.4510461 0.8866197 -0.08247357 0.9574447 0.2765824 0.9952506 -0.03017938 -0.09255009 -0.915073 0.1604799 0.3699836 0.9256411 0.08528882 0.3686659 0.9128347 0.1640919 0.3739074 0.9343724 -0.1638575 0.3163844 0.9114466 -0.1468375 0.384323 2.80887e-5 -0.1491812 0.9888099 -0.9417822 -0.1413926 0.3050485 0.3373025 -0.1846914 0.9231014 -0.8355967 0.1338253 -0.5327935 -0.8001493 -0.2743169 -0.5333963 0.5499578 0.6037908 0.5770469 -0.004265546 0.4784429 0.8781084 -0.7979137 0.4679641 0.3799254 -0.07730323 0.8371247 -0.5415225 -0.7525972 0.6227046 -0.2140945 -0.4360285 0.8665767 0.2427429 0.04534935 0.2441755 -0.9686701 -0.6603283 0.6129573 -0.4338778 -0.3622726 0.1679862 -0.9168093 9.36687e-5 -0.7995949 0.6005398 0.82525 0.4361353 -0.3588157 -0.0456804 0.3909715 -0.9192686 -0.8363499 0.13357 -0.5316749 -0.7365939 0.5223768 -0.4295952 0.8956245 -0.3849985 0.2227847 -0.8249604 0.4364475 -0.3591019 -0.8956369 -0.3849858 0.2227565 0.1073524 0.8253759 -0.5542834 -1.49936e-4 0.8920273 -0.4519816 -0.1073778 0.8253685 -0.5542896 1.75804e-4 0.8919892 -0.4520567 0.8483837 0.4722155 -0.2392858 -0.8484025 0.4721962 -0.2392575 -2.40412e-5 0.8638352 0.5037747 0.8906792 0.3914975 0.2311282 -0.4555726 0.5936275 0.6633702 0.8826844 -0.4046782 -0.238964 0.85023 -0.3815638 -0.3626542 0.4641845 -0.8805469 0.09576123 -0.8544902 0.4442042 0.2693126 -0.7865852 0.3668065 0.4967263 -0.4175648 0.3851969 0.8229599 0.4175207 0.3852233 0.82297 -0.1670808 0.5746728 0.8011462 0.4241099 0.4110569 0.8069468 -0.882956 -0.2185667 0.4154722 -0.9363253 0.1924103 0.2937229 0.781673 -0.3478681 -0.5176631 0.9326211 -0.1881982 -0.3078951 -0.7947568 -0.1477296 0.5886745 0.7925519 0.1386536 -0.5938323 -0.07255357 -0.2991525 0.951443 0.9773177 -0.1104158 -0.1807164 0.9033907 -0.1199069 0.4117131 0.9033815 0.1198636 -0.4117461 0.73872 0.1674845 -0.652872 -0.9181905 -0.2290126 0.3232329 -0.9945226 0.02110993 0.1023685 -1.60113e-5 -0.1937947 -0.9810421 -0.6729364 0.2043579 -0.7109109 -0.1853913 0.4732163 -0.861218 -0.9046735 -0.1090358 0.4119189 -0.9200102 -0.3445809 0.1866689 0.9205325 0.3505262 -0.172486 -0.8465225 -0.02748781 0.5316428 0.8127338 0.5110142 -0.2798719 -0.5897069 -0.07335263 0.8042794 -0.6755282 0.6408559 -0.3646442 -0.2021833 0.8704149 -0.4488872 -0.9298188 -0.3590276 -0.08084696 0.349929 0.7615379 -0.5455362 0.7520714 0.3234195 -0.5742722 0.1179581 0.9632968 0.2411332 0.7896334 0.6111853 -0.05414569 -0.926948 -0.3738155 -0.03208661 -0.6489211 -0.6533969 -0.3898386 -0.2080708 -0.9291148 -0.3056996 0.01265859 -0.9883186 -0.1518757 0.9298188 -0.3590344 -0.08081763 -0.01174867 0.9951008 0.09816521 -0.838853 0.5376124 0.08543109 -0.9037811 -0.3916904 -0.1725067 0.04877787 -0.8064074 -0.5893452 0.8711972 -0.2950868 -0.3923511 0.5152468 -0.4585261 -0.7240681 0.9037846 -0.3916903 -0.172488 0.8272714 -0.4454081 -0.3423941 -1.39594e-4 -0.9999991 -0.00140053 0.5029352 -0.4649238 -0.7286303 0.8497391 -0.228604 -0.4750618 0.2346368 0.7545271 0.6128903 -0.8958996 -0.109068 0.4306601 -0.9246559 0.1686035 0.3414446 -0.7544212 0.06188124 0.6534671 -0.8508767 -0.0786491 0.5194453 -0.9708131 -0.1669835 -0.1721585 0.08641844 0.7855235 0.6127681 -0.9240412 0.1524155 0.350596 -0.935334 0.3243566 0.1412203 0.3054125 0.1723633 0.9364903 0.97084 -0.1668968 -0.1720908 -0.8006272 0.2151753 0.5591919 -0.8236222 0.4538111 0.3401501 0.8035696 -0.2016639 -0.560007 0.9307737 -0.1680386 -0.3246896 0.1152503 -0.3426336 -0.9323731 -0.8762054 -0.04717284 -0.4796236 0.8762021 -0.0471034 -0.4796368 0.01778239 -0.1664705 -0.9858861 -0.9916084 0.02500069 -0.1268386 -0.9284659 -0.1659757 -0.3322699 0.1966616 0.1748243 -0.9647594 -0.8980352 0.4387054 -0.03272134 -0.89743 0.3461083 -0.2735481 0.03572893 0.9315456 -0.3618649 0.008649408 0.9998058 -0.0177114 0.8980507 0.104456 -0.4273102 -0.8444113 -0.1376922 0.5176973 0.8452356 0.1259734 -0.5193338 -0.3410899 0.7704257 -0.5386112 0.07579648 0.6578112 -0.7493594 -0.6061732 0.7470846 -0.272798 -0.7971988 -0.321448 0.5110239 0.1597217 0.549001 -0.8204187 0.9491707 0.08000761 -0.3044236 0.9153708 -0.05141294 -0.3993157 -0.8958017 -0.2987454 0.3290753 -0.8269677 -0.3702117 0.4231641 0.8962869 0.2853884 -0.339446 -0.3003537 0.8349688 -0.4611018 -0.5216745 -0.8048095 0.2830857 -0.9858754 0.08230584 -0.1458612 -0.9670736 0.1710821 -0.1884136 0.19353 0.8238734 -0.532709 -0.9840084 0.1677922 -0.05977708 0.1401079 0.9660151 -0.2172204 -0.8426135 -0.4846395 0.2347919 0.9321974 -0.1453766 -0.3314722 0.913131 0.3690978 -0.173086 -7.10189e-5 0.8397226 -0.5430155 0.9496235 0.28987 -0.1191251 -0.2405725 0.9690311 -0.0557096 0.009127497 0.9984857 -0.05425071 0.08305627 0.9704758 0.2264475 0.3778102 0.8684911 0.3209092 0.8980352 0.4387034 -0.03274488 -0.008238077 0.9998063 -0.01787722 -0.6324055 0.6547793 -0.4139172 -0.3146612 0.8750545 -0.367788 -0.9242503 0.3569037 0.1355774 -0.8415352 -0.5399603 0.01617377 0.8423088 -0.5387569 0.01603162 0.8794805 0.4756231 -0.01722842 0.9186522 0.3692978 0.1403468 -0.06076854 0.9091609 0.4119876 -0.9036924 0.3911962 0.1740851 -0.9343798 0.3557361 0.01965487 -0.01007902 0.9000049 0.4357633 -0.9395025 0.313743 -0.1374788 -0.8095857 0.2692726 -0.5215967 0.9960346 -0.08471637 -0.02716958 -0.2655927 0.8779975 0.398222 -0.9867458 0.1361261 0.08833086 -0.5234901 0.261128 0.8110304 -0.8901342 0.1795322 0.4188428 -0.8073914 0.4043652 0.4296606 0.8525761 -0.474438 -0.2191408 0.9335308 -0.3581078 -0.01670628 0.9867429 0.13615 0.08832687 0.3709945 0.9015856 0.2225006 -0.08256298 0.7401773 0.6673238 0.6138569 -0.5885149 -0.5261464 0.2742624 -0.9560518 -0.1036581 0.678517 0.5627593 -0.4721405 -0.4564783 0.8357383 -0.3052362 -5.20498e-5 0.9447057 -0.3279193 -0.3685138 0.686828 -0.6264702 -0.8492088 0.4733575 -0.2340449 0.8113639 0.436599 -0.3886772 0.8480088 -0.2989567 -0.4376142 0.7457367 0.590573 0.3083838 0.2625163 0.8672403 0.4230599 0.9485027 -0.08025372 -0.3064347 0.711646 0.4882847 -0.5051119 -0.426031 0.7260085 -0.5398234 0.4562497 0.8358283 -0.3053315 -0.2474151 0.6114785 -0.751585 3.05623e-5 0.9447039 -0.3279246 0.4249075 0.59237 -0.6845082 0.8480015 -0.3109756 -0.4291709 -0.1327431 -0.575711 -0.8068061 0.07380849 -0.5925642 -0.8021348 0.8898638 -0.2503467 -0.3814038 -6.07781e-4 0.2385478 -0.9711306 0.231979 0.9118142 0.3387933 0.04368835 0.4476978 0.8931171 0.92382 0.3660535 0.1120776 -3.13476e-4 0.7580647 -0.6521793 0.424849 0.592319 -0.6845887 -4.18961e-4 0.2385325 -0.9711345 0.7052566 0.01468116 -0.7088002 0.8545737 0.4479567 0.2627519 0.8260268 0.2996468 0.47738 0.8640749 -0.1727197 -0.472803 0.8285244 -0.2985945 -0.473697 0.8713048 0.3455521 -0.3484563 0.8476975 -0.3240804 -0.4199773 0.7947115 0.3228691 0.5139936 -0.08985209 0.5792751 0.8101648 0.916953 0.2366585 0.3212322 -0.029558 -0.5283257 -0.8485271 -0.04388487 0.5923778 0.8044642 0.877557 0.2868227 0.384222 0.7464182 0.3428678 0.5703523 0.8275382 -0.3202846 -0.461084 0.8779511 -0.2807894 -0.3877619 0.8508163 0.3132556 0.4218801 0.04829365 0.5562785 0.8295915 0.7817402 0.3451396 0.5193851 0.1299753 0.5027045 0.8546314 0.8419151 -0.3066051 -0.444041 0.9140654 -0.1943448 -0.3559701 0.8773375 0.2847494 0.3862599 0.8435012 0.2961161 0.4481307 0.8905787 -0.2640573 -0.370329 -0.3425138 -0.09156608 -0.9350402 0.8998457 -0.1139135 -0.4210717 0.007565021 0.08028835 0.996743 0.4036831 -0.1220608 0.9067201 0.8262356 0.09250622 0.5556776 6.80121e-4 0.10926 0.9940131 0.8346701 -0.08554995 -0.5440653 0.9140577 -0.03549653 -0.4040278 0.834038 0.08469253 0.5451678 0.8996781 -0.05488908 -0.4330896 -0.6252613 0.557848 -0.5457599 -0.3338975 0.5361787 -0.775258 6.38634e-4 0.377657 -0.9259455 -0.9207276 0.172939 -0.3497896 0.9148591 0.1242283 -0.3841876 0.9160273 0.1572321 -0.3690149 0.8171601 0.1801713 -0.5475287 0.9201991 0.1734416 -0.3509297 0.8206216 -0.2138177 0.5299645 0.1749943 0.6966984 -0.6956928 -0.8577455 0.4993199 -0.1222796 0.9104072 0.3254435 -0.2554317 0.9045755 0.3444092 -0.2512484 0.8347073 0.3246681 -0.4448084 0.1911664 0.2790953 -0.9410426 0.8335703 -0.3752409 0.4054074 0.9952139 0.06902378 0.06917357 -0.02186572 0.09431171 0.9953026 -0.2885916 0.7752632 0.5618558 0.9325637 0.03700673 0.3591038 0.1186804 0.9288628 -0.3508974 -0.1462476 0.6967605 -0.7022368 -7.92831e-4 0.9355118 -0.3532945 -0.9949381 0.07989364 -0.06095284 0.1445001 0.6968922 -0.7024678 0.1042417 0.93037 -0.3514901 0.9692322 0.2437065 -0.03458559 0.7413557 0.3973559 -0.5408328 0.6904546 0.7190817 -0.07870233 0.8173922 -0.5380974 0.2057214 0.9185634 0.3951199 0.01103758 0.8164194 -0.5423863 0.198183 0.9787878 -0.1224578 0.1642517 0.08115833 0.9960418 -0.03625214 -0.8706383 0.418973 -0.2577804 -8.2764e-4 0.9354384 -0.3534888 0.9954459 0.09217834 -0.0243057 -0.2744625 0.9489045 0.1557263 -0.9545048 0.2943785 0.04755926 -7.43184e-4 0.9867867 0.1620231 0.914847 0.3205548 0.2455598 -0.06362974 0.9806631 0.1850711 0.7261832 0.6680741 0.1622804 -0.8280815 0.5550376 0.07883113 0.8274722 0.5559217 0.07899957 0.790202 -0.5092859 -0.3408944 0.4271016 -0.8822089 0.1982218 0.9073472 -0.3206564 -0.2718467 0.8760989 -0.4710484 -0.1027826 0.1109712 -0.8440987 -0.5245786 0.783084 -0.3177487 -0.534617 0.9855179 0.1417086 0.09312987 0.02188491 0.6865835 0.7267216 0.07234072 -0.6245556 -0.7776228 0.9129243 0.2616886 0.3131909 0.7803347 -0.06814074 -0.6216387 0.9261763 -0.02397 -0.3763283 0.3228768 0.7557706 0.5697029 0.7776055 0.61562 0.1278349 0.3163259 -0.116628 -0.9414541 0.831363 -0.3845366 -0.4012074 0.7817971 0.01028788 -0.6234482 -0.05524957 0.6041421 -0.794959 -0.6089398 -0.4022064 -0.683683 -0.04768174 -0.1546717 -0.9868146 -0.8271369 0.3378989 -0.4490758 0.9316124 0.03728103 0.3615366 0.7983296 0.2347984 -0.5545628 0.9036877 -0.2600736 0.3401623 0.9038488 0.2610691 -0.3389697 0.8280639 0.3370671 -0.4479911 0.9113157 -0.391364 0.1278201 0.8952106 0.4129819 -0.1674631 -0.2463611 0.488393 -0.8371251 -0.7064807 0.09391576 -0.7014734 -0.6889778 0.5846145 -0.4284104 0.056791 0.5082588 -0.8593299 0.1463061 0.7800845 -0.6083279 -0.1085423 0.8032491 -0.5856701 -0.7769206 0.6172433 -0.1241178 -0.02045542 0.9563532 -0.2914964 0.01162123 0.9841331 -0.1770515 0.9276468 0.3733037 -0.01076281 0.8248374 0.537388 0.1756629 0.9360669 -0.3297526 -0.1226459 0.8098526 0.5558314 -0.1875913 -0.1548373 0.9683237 -0.1958944 0.8122023 0.4455375 -0.3765954 0.8498405 -0.4415155 -0.2878111 0.8098266 0.5558729 -0.1875804 0.06353187 0.9967034 -0.05045878 0.7397155 0.6396191 0.2090659 0.4180687 -0.6154344 -0.6681759 0.9039439 -0.3809875 -0.1942527 0.8493789 -0.4670987 -0.2457118 0.9021291 -0.4078503 -0.1407888 -0.05972677 0.8099983 0.5833828 -0.2773703 0.7615713 0.5857261 0.06854581 0.9472562 0.3130611 0.8234888 0.4936817 0.2795436 0.2485863 0.9004775 -0.3568544 0.8572714 0.4306888 0.2821224 0.8742792 -0.4053164 -0.2671228 0.127432 0.8964691 0.4243869 0.8490628 0.4419466 0.2894404 0.4208495 -0.9070834 -0.009247183 0.8575395 -0.4256326 -0.2888996 0.8746387 -0.2737339 0.400096 -0.01948916 -0.8906988 -0.454176 -7.73162e-4 -0.8293362 -0.5587494 0.4264982 0.3394775 0.8383641 0.4485089 0.3224421 0.8335891 0.1374531 0.3137503 -0.9395038 -0.9865889 0.1195917 0.1110868 0.5215927 0.2692773 -0.8095868 -0.7641887 -0.502736 0.4040694 0.8341299 0.2320638 -0.5003736 0.3647409 0.8047557 -0.4683293 0.397271 0.8710797 -0.2887838 0.8976291 0.1157068 -0.4252928 0.8389897 0.4366246 -0.3247391 -0.5205678 0.8296992 0.2015156 -0.6894207 0.7236662 0.0317254 -0.9316762 -0.2742845 0.2382178 -0.7283715 -0.376258 0.5726299 0.04210311 0.4982896 -0.8659878 -0.9236639 0.3433755 -0.1701124 -0.4654471 0.3680858 -0.8049049 0.3853905 0.8484545 -0.362766 -0.870567 0.4469916 -0.205698 -0.7009463 -0.1501815 0.697223 0.8316457 -0.5507301 -0.07114642 0.8459354 -0.4799742 -0.2324182 0.9437275 -0.318709 -0.08833444 -0.772198 -0.5854189 0.2469719 -0.6111811 0.5417809 -0.5770018 -0.366528 0.8395869 -0.4009377 0.9165028 0.3557412 0.1829507 -0.08958238 0.897697 0.4314109 0.3876555 0.8376905 0.384705 -0.8175105 0.183808 0.5457941 -0.9209135 0.3818901 0.07796293 0.8176574 -0.3430818 -0.4623108 0.923141 -0.1744754 -0.3425918 0.6831079 -0.5704771 -0.4559819 -0.1587124 -0.9733114 -0.165757 -1.17481e-4 0.9816824 -0.1905245 0.9750675 0.2215639 -0.01236385 -0.2060157 0.7695847 0.6043982 0.939847 0.2033284 0.2744908 0.0722962 0.5924375 0.8023661 -0.9398977 0.203281 0.2743526 -0.5161166 0.2438622 0.8210694 -0.8346928 0.2842605 0.471682 -0.9275154 0.1686535 0.3335734 0.02675962 0.7073107 0.7063961 0.512572 0.6855025 0.5170651 0.827771 0.2464609 -0.5040361 -0.8033971 0.1066882 0.5858078 -0.9154784 -0.1477003 0.3742781 0.06680709 0.4065301 -0.9111915 0.8138561 -0.1031283 -0.5718415 0.9569836 0.244597 -0.1560605 0.9919549 -0.05718708 -0.1129391 0.005527555 -0.3352298 0.9421203 -0.283571 0.2472615 0.9265254 0.91367 -0.1412221 0.3811347 -0.8062731 -0.3273098 0.4927393 -0.8617299 -0.2923292 0.4146869 -0.8050194 0.03762334 -0.5920544 -0.9499033 -0.07227921 0.3040714 -0.6150875 0.429416 -0.6612635 8.06898e-6 0.9777044 -0.209986 0.555002 -0.167887 -0.8147311 0.8304746 0.5559583 0.0349633 0.01713871 0.7720168 -0.6353712 -0.9161248 -0.1380971 0.3763571 -0.7713454 0.5740694 -0.2747194 -0.9349759 -0.3305968 0.1285535 -0.5838386 -0.08514302 0.807393 -0.8904207 0.08173757 0.4477388 -0.1654765 0.8545554 -0.4922934 -0.9197922 -0.3387041 0.1981459 -0.1400411 0.8767053 -0.4601916 -0.5812082 -0.06042283 -0.8115086 -0.9142113 -0.4033848 -0.03871279 -0.8328648 0.4961597 -0.245279 -0.9349793 -0.3305887 0.1285494 -0.844924 0.5338878 -0.03267186 0.3306552 0.6627514 -0.6718837 0.4119564 0.8978338 -0.1555201 0.0165314 0.7582911 -0.6517066 -0.4123148 0.8976797 -0.15546 -0.1458054 0.9878482 -0.053824 0.812359 0.5177834 -0.2682787 -0.02904742 0.8600219 -0.5094297 0.1457665 0.9878527 -0.05384373 0.07779926 0.9925881 0.09336 -0.915597 -0.4003663 -0.03726911 -0.8443561 0.5350613 -0.02778923 0.739499 0.6217727 0.2579536 0.01921975 0.7741508 0.6327094 0.8287633 0.4296308 0.3585652 -0.07782346 0.9925791 0.09343552 -0.7807219 0.6237142 -0.03813242 -0.8016359 0.5325645 0.2715785 0.7807304 0.6237053 -0.03810155 0.6653165 0.6670379 0.3352828 -0.7394407 0.6218348 0.2579708 -0.466122 0.3481948 0.8133208 -0.2729889 0.4688394 0.8400397 -0.8262585 0.482421 0.290804 -0.8969203 -0.3426908 -0.2794588 -0.9459 0.3236067 0.02349126 -0.7977461 0.5360028 0.2762289 0.5304391 -0.1227007 0.8387961 0.1767039 0.06530505 0.9820953 -0.1466866 0.6932954 0.7055668 -0.8388085 0.2980437 0.4555988 0.1466972 0.6932824 0.7055775 0.7743668 0.3463931 0.5294979 -0.9080251 0.1281564 0.3988313 -0.272775 0.8831166 0.3817054 -0.8106277 0.1618807 0.5627411 -0.908378 -0.1325091 -0.3965992 -0.8382286 0.2922717 0.4603803 0.261894 0.5116671 0.818296 0.5962552 0.5812029 0.5537897 0.03027564 -0.1916981 0.9809869 0.8176215 -0.1514654 0.5554758 -0.1335874 0.3919256 0.9102466 0.1336005 0.3919382 0.9102392 -0.8275168 0.0723856 0.5567551 0.7871143 0.09643304 0.6092223 -0.8958398 -0.08398383 0.4363687 -0.8175892 -0.1515181 0.555509 -0.8963322 0.07925939 -0.4362416 -0.8289216 0.05993062 0.5561452 -0.01329046 -0.197132 0.9802868 -0.1181512 -0.00354433 0.9929893 -0.8659306 -0.1895661 0.4628488 -0.8619342 0.2722358 -0.427735 -0.7154924 0.5083166 -0.4792546 -0.5194143 0.5171496 -0.6802685 0.2876569 0.3599856 -0.8875043 0.03253442 -0.4779391 0.8777903 0.8615251 -0.2544703 0.4393398 -0.8734191 -0.2328849 0.4276725 -0.8606595 -0.2551403 0.440646 -0.874136 0.2304822 -0.4275093 -0.7782431 -0.1919884 0.5978948 -0.01187682 -0.5259674 0.8504219 0.8672437 -0.259432 0.4249514 -2.59161e-4 -0.5282834 0.8490681 -0.8862274 -0.2484955 0.3909616 -0.1164492 0.5244455 -0.8434433 -0.9003338 0.1648326 -0.4027771 -0.8624589 -0.2667356 0.4301358 -0.870285 -0.2566298 0.4204109 -0.8613826 0.2676857 -0.4316993 -0.8876295 -0.2324473 0.3975955 -0.0565437 -0.3978605 0.9157018 0.8750283 -0.2037943 0.4390826 -0.8987793 -0.1937126 0.3932827 -0.862792 0.2016459 -0.4636044 -0.8998268 -0.168815 0.4022604 -0.8508708 -0.1777869 0.4943793 0.02441072 -0.5042258 0.8632268 -0.1041173 0.4247282 -0.8993139 -0.7876371 0.3102715 -0.5323153 -0.8743262 -0.2042841 0.440252 0.9619068 -0.1123579 0.2492209 -0.1493955 -0.1549066 0.9765679 -0.8160622 0.09157752 -0.570663 -0.88188 -0.1306779 0.4530023 0.07685685 -0.327501 0.9417198 0.08528667 -0.1584306 0.9836798 -0.8083723 0.1767743 -0.5615025 -0.1451545 0.2553898 -0.9558799 -0.680896 0.003716766 -0.7323707 -0.8153383 -0.09080094 0.5718206 -0.879618 -0.09313637 0.4664738 -0.9618925 -0.1123802 0.249266 0.500509 0.2953701 0.8137857 0.8667338 0.3925526 0.3076934 -0.1965149 0.6623021 0.7230061 -0.03357207 0.689298 0.7236996 0.9865617 -0.1159336 0.1151325 -0.9143639 -0.007973492 0.404815 -0.9038817 -0.07384717 -0.4213604 -0.989979 0.009231865 0.140913 -0.8203268 -0.09493029 -0.5639613 -0.8203765 0.09490704 0.5638929 -0.9147043 -0.005971968 0.4040796 -0.1519065 0.2938223 0.9437124 0.7751002 0.1377837 0.6166322 0.02538561 0.2524766 0.96727 -0.3237662 0.1287816 0.9373318 -0.9131864 0.132808 0.3852958 0.9322621 -0.008462011 0.3616847 0.3237845 0.1287838 0.9373252 0.9593259 0.09199464 0.2668909 -0.7750771 0.1377402 0.616671 -0.8300366 -0.2598466 -0.4934766 -0.8300312 0.2598375 0.4934903 -0.9138624 0.1119576 0.3902837 -0.1108936 0.4596039 0.8811736 0.9659652 0.1433733 0.2153032 0.963366 0.07870954 0.2563803 0.03653216 0.4699931 0.8819137 -0.9086773 0.2613921 0.3255453 -0.03597646 0.4700154 0.8819248 0.9704251 0.1510494 0.1883058 -0.9633213 0.07874125 0.2565381 -0.9659052 0.1435423 0.2154595 -0.8123022 -0.3926311 -0.4312841 -0.8122328 0.3927085 0.4313445 -0.9090852 0.2678627 0.3190827 -0.8666765 0.3926197 0.307769 -0.5003587 0.2954735 0.8138408 -0.8804246 0.3404347 0.3300861 0.1256985 0.7211607 0.6812688 -0.2779231 0.4421707 0.852786 -0.1286312 0.7207895 0.6811141 0.2844149 0.4449663 0.8491838 -0.8617147 -0.1232601 0.492194 -0.8319829 0.2523038 0.4941128 -0.002840816 -0.3611449 0.9325054 0.7263168 0.2956518 0.6205273 0.6913163 -0.4952231 0.5261522 -0.9890241 -0.1068705 0.1020305 -0.9796713 0.08748215 -0.18053 0.7965769 -0.3233495 0.5107938 -0.003014445 -0.3611395 0.9325069 0.02222764 0.9840852 -0.1763026 -0.9377602 0.3288013 0.1117833 -0.9803712 0.08595442 -0.1774378 4.77433e-5 0.9654211 0.2606954 -0.7846338 -0.3840531 0.4866756 -0.8285723 0.2647337 0.4933397 0.9302595 0.2180262 0.2950965 -0.1433527 0.9644166 0.2221499 0.5441913 0.8012329 0.2487604 -0.003497064 0.9861439 -0.1658559 0.0867508 0.9147595 -0.3945749 -0.8868318 0.2676784 -0.3766665 0.955664 -0.2829 -0.081694 -0.02223986 0.9840791 -0.1763342 0.9803982 0.08594125 -0.177295 -0.4642981 0.8587974 0.2165511 -0.7698797 -0.6194893 -0.1533571 -0.9476938 0.2938888 0.1245234 -0.9310497 0.3540168 0.08842372 -0.8458757 -0.2309291 0.4807974 -0.1239269 0.8412432 0.5262624 9.5576e-5 0.9654251 0.2606805 -0.8573771 0.4112598 0.309467 0.8651381 0.4165381 0.2793425 -0.404067 0.8558552 -0.322865 -0.91447 -0.3657336 -0.1731579 0.1139422 0.9000582 0.4206095 0.8586707 0.4009443 0.3192622 -0.7587935 0.1288297 0.6384634 -0.987165 0.07341885 -0.1418277 -0.5762305 0.8063604 0.1331965 -0.8572995 0.4356281 0.2743464 0.1239473 0.8412454 0.526254 0.8160577 0.4618479 0.347486 -0.8360697 0.3610287 -0.4130932 -0.920126 -0.3768374 0.1065918 -0.8016308 0.5625631 -0.2022647 -0.8835831 -0.3493807 0.3117917 -0.8699026 0.4662075 0.1609979 -0.8237321 0.5524453 0.1275527 0.5508904 0.8245799 0.1287936 -0.3365438 0.6590875 0.6725637 -0.5508937 0.8245834 0.1287572 -0.08484917 0.6995778 0.709501 -0.9224982 -0.3794037 0.07106316 0.8653636 0.4808092 -0.1413097 0.09366112 0.9640061 -0.2488374 -0.09367358 0.9640073 -0.2488278 -0.8653752 0.4807721 -0.1413657 -0.9052461 0.3496327 0.2414257 0.02370131 0.5955488 -0.8029696 -0.74569 0.4246587 -0.5134312 -0.678128 0.6916269 -0.2485854 -0.1027016 0.7487832 -0.65481 -0.7581972 0.4290782 -0.490947 -0.8361387 -0.3609999 0.4129785 -0.8835711 -0.3081243 0.3526494 -0.9509723 0.305997 -0.04491788 0.2729935 0.8689796 0.4127338 -0.9016066 0.367687 0.2278419 -0.02051323 0.9860557 -0.165147 -0.9188843 -0.3160969 0.2360815 -0.119629 0.4756007 -0.8714889 0.5346512 0.6628363 -0.5242101 0.9144431 0.08201134 -0.396318 0.7172704 0.6790222 -0.1563718 0.02241778 0.7257125 -0.6876327 -0.3255318 0.1365966 -0.9356123 -0.9673359 -0.1223182 0.2220355 -0.9268489 -0.1205456 0.3555558 -0.8105235 0.09762966 -0.5775122 -0.8107421 -0.09759581 0.5772109 -0.9248026 -0.09586745 0.3681708 -0.7660447 0.134437 -0.6285715 2.12789e-5 0.07895153 -0.9968785 -0.8378308 -0.02670764 0.5452763 -0.3379009 0.002026677 0.9411796 -0.9254767 0.1398315 0.3520511 0.9230547 -0.1292895 0.3622902 0.4263519 -0.03885507 0.9037226 0.9955303 0.02910709 0.08984547 0.3777028 0.547272 0.7468829 0.9586181 0.03302037 0.2827742 0.6396998 0.4912554 0.591145 -0.9586239 0.03305119 0.2827506 -0.07429695 0.4416015 0.8941298 -0.8182412 0.2592944 0.513077 0.1248427 0.5807627 0.8044433 -0.2338113 0.587176 0.7749559 0.9999259 -0.01017236 -0.006686329 -0.9213232 0.3223731 0.2173458 -0.920103 0.1240109 0.3715267 -0.8179426 -0.2594081 -0.5134954 -0.7836121 -0.5348912 -0.3159803 -0.8494499 -0.5254867 -0.04794573 -0.2113805 0.8464896 0.4886449 0.602755 0.6025246 0.5231162 0.9524024 0.2861586 0.1050852 0.3466121 0.5980217 0.722655 -0.2709841 0.3534555 0.8953418 -0.8777682 -0.1657157 0.4495124 5.83231e-5 -0.3124175 0.9499449 -0.8288577 0.1284698 0.5445094 -0.1883163 0.8813998 0.4332108 -0.03428649 0.9836149 -0.1769924 0.8689299 0.1808575 0.4607077 0.933506 0.343209 -0.1037997 -0.7547193 0.6218017 -0.2091926 -0.8343418 0.4695628 -0.2887641 -0.5343553 0.8168299 -0.2173784 -0.8941825 -0.4152307 0.1673959 -0.7902197 -0.5929624 0.1547529 -0.9452372 -0.3255193 0.02374386 8.06153e-5 -0.797605 0.6031801 -0.02048313 0.9860732 -0.1650459 -0.9453904 0.319981 -0.06204354 0.4657816 0.3850205 -0.7967477 -0.7564166 -0.2692881 0.5960855 0.03204971 -0.9831554 0.1799397 -0.7883521 0.5596266 -0.2555763 0.1022349 0.4509943 -0.8866522 0.08180582 0.9574775 -0.2766674 -0.9952542 -0.03015846 0.0925185 -0.9190246 -0.172516 0.3544461 -0.1525381 0.824446 -0.5449964 -0.5578739 0.6261423 -0.5447226 -0.9128152 0.1640934 -0.3739543 -0.9343729 -0.1638564 -0.3163836 -0.9114501 -0.1468445 -0.3843119 -1.432e-5 -0.1492173 -0.9888045 -0.9295615 0.1754809 0.3242251 -0.7030668 0.05623608 0.7088968 -0.7988485 -0.2657856 0.5396289 -0.8329679 0.1930879 0.5185379 -0.5499411 0.6037889 -0.577065 0.004292309 0.4785153 -0.8780687 0.1783332 0.9292822 -0.3234685 0.07732003 0.8371207 0.5415263 0.7526036 0.6226977 0.2140924 0.7896333 0.6111856 0.05414479 -0.04536837 0.2441776 0.9686687 0.6603145 0.6129672 0.4338849 0.3622587 0.1679896 0.9168141 0.03110045 0.7245355 0.6885355 -0.8252491 0.4361381 0.358814 0.04566842 0.3909841 0.9192637 0.8363396 0.133588 0.5316865 0.7365986 0.5223928 0.4295678 -0.8956195 -0.3850172 -0.2227721 -0.8229352 0.4493265 0.3476828 -0.8957196 0.1691372 -0.4111921 -0.1073573 0.8253784 0.5542789 1.19244e-4 0.8920151 0.4520056 0.1073608 0.8253828 0.5542716 -1.40309e-4 0.8920336 0.451969 -0.8484788 0.4720981 0.2391802 -0.8483018 0.1685569 -0.5019688 2.13872e-5 0.8638293 -0.5037847 -0.89068 0.3914917 -0.2311351 0.4556027 0.5936164 -0.6633595 -0.8826865 -0.4046753 0.2389617 -0.850261 -0.3815342 0.3626126 -0.4641844 -0.8805467 -0.09576213 0.424116 0.4110599 -0.8069419 0.4278069 0.9031785 -0.03535282 0.4175779 0.3851965 -0.8229536 -0.4175297 0.3852198 -0.8229671 0.167087 0.5747189 -0.8011119 -0.4241202 0.4110537 -0.8069429 0.8829564 -0.2185487 -0.4154812 0.9363228 0.1924142 -0.2937285 0.8545175 -0.4696786 0.2218154 -0.7816727 -0.3478672 0.5176643 -0.9326243 -0.1881926 0.3078889 0.7947562 -0.1477299 -0.5886752 -0.7925229 0.1386633 0.5938687 0.07256382 -0.2991795 -0.9514338 -0.9773373 -0.1103711 0.1806384 -0.9034035 -0.1199096 -0.4116844 -0.9033877 0.1198602 0.4117332 -0.738766 0.1674774 0.6528217 0.9181901 -0.2290125 -0.3232342 0.966476 -0.2337835 -0.1061585 1.78516e-5 -0.193795 0.981042 0.6729362 0.2043557 0.7109119 0.1853892 0.4732128 0.8612204 0.9046499 -0.1090501 -0.4119669 0.9200112 -0.3445786 -0.1866682 -0.9205321 0.3505285 0.1724835 0.8465209 -0.02748525 -0.5316457 -0.8127329 0.5110152 0.2798728 0.5897037 -0.07334899 -0.804282 0.6755265 0.6408577 0.3646442 0.2021826 0.8704168 0.4488841 0.9298187 -0.3590278 0.08084708 -0.3499301 0.7615344 0.5455404 -0.7520703 0.3234158 0.5742757 -0.1179094 0.9633032 -0.2411319 -0.7896293 0.6111884 0.05416929 -0.1769893 0.9791127 -0.1000661 -0.8104001 0.5130003 0.2829883 3.72529e-6 0.889238 0.4574448 -0.7431039 0.6608878 -0.1049951 -0.9298173 -0.3590379 0.08081817 0.1769865 0.9791112 -0.1000857 0.7431004 0.6608914 -0.104997 -0.1109771 0.8792636 -0.4632273 -0.7476119 0.5359762 -0.392181 0.0258184 0.8866916 -0.46164 0.8258351 0.4561095 -0.3316031 0.196864 0.9082357 -0.3692595 -0.2346488 0.754528 -0.6128846 0.8958864 -0.1090651 -0.4306883 0.9246591 0.1685981 -0.3414384 0.7544434 0.06187492 -0.6534422 0.8509132 -0.07864421 -0.5193861 -0.1455496 0.6378374 -0.7562929 -0.234507 -0.7545725 0.6128842 -0.9274471 -0.3620017 0.09379065 -0.928398 -0.166142 0.3323763 -0.305432 0.1723638 -0.9364839 -0.2488474 -0.4076159 0.8785922 -0.9708115 -0.1669673 0.1721832 -0.8274797 -0.3484692 0.4402802 0.8006275 0.215138 -0.559206 0.8236229 0.4538109 -0.3401487 -0.8035677 -0.2016666 0.5600087 -0.9307748 -0.1680383 0.3246866 -0.7365376 0.2637593 -0.622851 1.34856e-6 0.1685503 -0.9856932 -0.8762013 -0.04710412 0.4796378 -0.01779091 -0.1664847 0.9858836 0.9916061 0.02501368 0.1268539 0.9284781 -0.1659787 0.3322339 -0.1967436 0.1748324 0.9647412 0.8980352 0.4387052 0.03272163 0.9366031 0.3031134 0.1757755 -0.03572505 0.9315469 0.361862 -0.00864923 0.9998058 0.01771205 -0.8980518 0.1044052 0.4273203 0.8444132 -0.137692 -0.5176942 -0.8452441 0.1259783 0.5193188 0.341091 0.7704294 0.5386053 -0.07579565 0.6578151 0.749356 0.6061735 0.7470862 0.2727928 0.7973437 -0.3213188 -0.5108789 -0.1597936 0.548965 0.8204288 -0.9491963 0.07999193 0.3043478 -0.82767 0.3705006 0.4215349 0.8958382 -0.2986929 -0.3290239 0.8269957 -0.3701863 -0.4231316 -0.8962821 0.2853987 0.3394497 0.8678144 0.3180963 0.3817237 0.727593 -0.5632612 -0.3915933 0.9105332 -0.3915629 -0.1326944 0.9670464 0.1711096 0.1885285 -0.1936021 0.8238697 0.5326884 0.9840043 0.1678106 0.05979293 -0.8677548 0.3181839 0.3817864 -0.7390167 0.1037461 0.6656509 0.8425818 -0.4846841 -0.2348135 -0.9321866 -0.1454417 0.3314737 -0.9131308 0.3691014 0.1730787 -0.142787 -0.9733445 -0.1794785 -0.009176492 0.9984828 0.05429637 -0.08309477 0.9704812 -0.22641 -0.3778098 0.8684728 -0.3209593 -0.8980354 0.438703 0.03274589 0.008187651 0.9998067 0.01787668 0.6324078 0.6547782 0.4139154 0.314661 0.8750538 0.3677898 0.9242489 0.3569069 -0.1355785 0.8415348 -0.5399609 -0.01617366 -0.8422815 -0.5387995 -0.01603341 -0.879482 0.4756202 0.01722741 -0.9186568 0.3692846 -0.1403516 0.06077069 0.9091819 -0.411941 0.9037064 0.3911553 -0.1741043 0.9343807 0.3557339 -0.01965504 0.01010334 0.8999825 -0.4358093 0.1794899 0.9819604 0.05947417 -0.996034 -0.08472454 0.02716553 0.2657065 0.8779498 -0.3982512 0.9767457 0.2130634 0.02391207 0.5235391 0.261094 -0.8110097 0.8901078 0.1795623 -0.418886 0.8248731 0.5296453 0.1976372 -0.8525758 -0.4744383 0.2191411 -0.9335287 -0.3581122 0.01673346 -0.9695756 0.1471419 -0.1956335 -0.3709767 0.9016094 -0.2224338 0.08258205 0.7401692 -0.6673305 -0.6142137 -0.5883165 0.5259518 -0.2742741 -0.9560361 0.1037729 -0.6785352 0.5627462 0.4721301 0.4564695 0.8357409 0.3052423 2.08318e-5 0.9447003 0.3279349 0.3685159 0.68683 0.6264668 0.8492083 0.4733597 0.2340427 -0.8113644 0.4365964 0.3886792 -0.848016 -0.2989652 0.4375944 -0.7457399 0.5905855 -0.3083519 -0.2624998 0.867255 -0.4230399 -0.9485026 -0.08027309 0.3064298 -0.7116451 0.4882856 0.5051124 0.4260318 0.7260167 0.5398119 -0.4562249 0.83585 0.3053091 0.6789166 0.5626944 0.4716432 -3.17842e-5 0.9447011 0.3279328 -0.3679145 0.6870481 0.6265811 -0.8481128 -0.3109058 0.4290015 0.1327813 -0.5757278 0.8067878 -0.07376575 -0.5925478 0.8021507 -0.8898016 -0.2503926 0.3815187 5.66974e-4 0.238544 0.9711316 -0.2319755 0.9118133 -0.3387978 -0.04375422 0.4477205 -0.8931024 -0.9238088 0.3660593 -0.1121519 4.12494e-4 0.2385365 0.9711335 -0.7052494 0.01466679 0.7088076 -0.8545919 0.4479426 -0.2627168 -0.8260138 0.2996572 -0.4773958 -0.8640757 -0.1727595 0.472787 -0.8284505 -0.2986466 0.4737935 -0.8712788 0.3455783 0.3484953 -0.8476969 -0.3240845 0.4199752 -0.7946396 0.3229123 -0.5140774 0.08990246 0.5792629 -0.810168 -0.9169872 0.236562 -0.3212056 0.029545 -0.5282828 0.8485544 0.04366624 0.5924024 -0.804458 -0.8776429 0.2867354 -0.3840911 -0.7465901 0.3427311 -0.5702094 -0.8273984 -0.3204089 0.4612483 -0.8779259 -0.2808482 0.3877766 -0.8507414 0.3133399 -0.4219685 -0.04826515 0.5562871 -0.8295873 -0.7817593 0.3451005 -0.5193825 -0.1300102 0.5026834 -0.8546384 -0.8419314 -0.3065804 0.4440271 -0.9140246 -0.194393 0.3560484 -0.8773329 0.2847068 -0.3863017 -0.8435073 0.296081 -0.4481424 -0.8906046 -0.2640246 0.3702898 0.342541 -0.09149277 0.9350373 -0.8998386 -0.1139374 0.4210808 -0.00764811 0.08020424 -0.9967491 -0.403655 -0.122129 -0.9067234 -0.8262404 0.09249311 -0.5556723 -6.50093e-4 0.1092676 -0.9940122 -0.8346385 -0.08556383 0.5441116 -0.9140564 -0.03550058 0.4040305 -0.8340364 0.08473491 -0.5451636 -0.89968 -0.05493015 0.4330803 0.6252461 0.5578498 0.5457757 0.3338754 0.5361803 0.7752664 -7.76529e-4 0.3776744 0.9259383 0.9207158 0.1729851 0.349798 -0.914868 0.1242221 0.3841686 -0.9160481 0.1572216 0.3689678 -0.8171534 0.180168 0.5475398 -0.9202061 0.1734332 0.3509156 -0.8206487 -0.2138411 -0.5299128 -0.1743137 0.6968095 0.6957523 0.9449306 0.2732453 0.1801204 -0.9103894 0.3254821 0.255446 -0.9046198 0.3443028 0.2512344 -0.8390704 0.3803111 0.3890044 -0.9201854 0.113469 0.3746783 -0.8336654 -0.3751299 -0.4053142 -0.9954827 0.06711459 -0.06715649 0.02175527 0.09430807 -0.9953054 0.2885674 0.7752881 -0.5618339 -0.9332568 0.0366252 -0.3573378 -0.1187726 0.9288378 0.3509321 0.1462818 0.6966727 0.7023168 8.21292e-4 0.9355188 0.3532763 0.9949524 0.07978063 0.06086689 -0.1445274 0.6968518 0.7025023 -0.1041876 0.9303789 0.3514829 -0.9015232 -0.4285233 0.06019937 -0.8173886 -0.5381174 -0.2056834 -0.9185493 0.395151 -0.01108855 -0.9211967 0.3890395 -0.006713628 -0.06240552 0.9807452 -0.1850525 0.9559739 0.2920113 0.02904355 -0.02026426 -0.9725332 -0.2318808 0.1145777 -0.9313593 0.3456038 0.3703804 -0.8724656 0.3187827 0.9962571 -0.0864064 0.002408862 -0.2725878 0.949445 -0.1557248 -0.9555744 0.2932924 0.0292803 0.06421416 0.9806307 -0.1850411 0.1270743 0.9885228 0.08170098 0.8280877 0.5550276 -0.07883632 -0.8271048 0.5564545 -0.07909566 7.94374e-4 0.9868079 -0.161894 -0.9251655 0.3795571 -0.002257823 -0.009990572 0.8103492 -0.5858622 0.9022224 0.319944 -0.2891897 0.7303939 0.6804581 -0.05917406 0.9305468 0.3329238 0.1524617 -0.898271 0.2539646 -0.3586242 -0.02152091 0.6865393 -0.7267742 -0.08982372 0.8607181 -0.501095 -0.6422679 0.6760998 -0.3610831 -0.7802926 -0.06811672 0.6216941 -0.09476512 -0.8858069 0.454275 -0.9183318 -0.3548436 0.1753651 -0.9261611 -0.0239185 0.3763688 -0.01193547 -0.559109 0.8290084 -0.7862968 0.02845829 0.6171933 -0.8997201 -0.2740451 0.3397102 -0.2023617 -0.1773849 0.9631119 -0.3227506 0.7558181 -0.5697115 -0.7652028 0.5999621 -0.2334743 -0.9324265 0.03690862 -0.3594699 -0.8313458 -0.3845388 0.4012409 -0.7817986 0.0102927 0.6234461 0.05557709 0.6035962 0.7953509 0.6078836 -0.4037966 0.6836855 0.04769253 -0.154662 0.9868158 0.8270313 0.3380112 0.4491857 -0.9034779 -0.2596639 -0.3410316 -0.9038156 0.2611568 0.3389903 -0.8278032 0.3372922 0.4483034 0.7769126 0.6172502 0.1241329 0.02024477 0.9564069 0.2913349 -0.1700699 0.4879009 0.8561711 -0.8140738 0.4685279 0.3431697 0.1690561 0.4879776 0.8563282 0.7064821 0.09390962 0.7014728 0.6889895 0.5846034 0.4284067 -0.1266636 0.7979041 0.5893263 0.1253089 0.7980379 0.5894348 -0.0114696 0.9841209 0.1771287 -0.927668 0.3732531 0.01069015 -0.1235572 0.9083803 -0.3994731 -0.8270267 0.5603545 -0.04505294 -5.61118e-4 0.9947311 0.1025182 -0.7827481 0.5628442 -0.2655409 -0.06138622 0.9906748 0.1216357 0.21477 0.9713766 0.101496 -0.9115394 -0.3909562 -0.1274722 -0.9032744 0.4286032 0.01986515 -0.8121981 0.4455412 0.3765998 -0.8384456 0.543379 0.04181408 -0.9017365 -0.4110521 0.1338188 -0.9021083 -0.4078872 0.1408154 0.740307 0.670866 -0.04340994 0.02147233 0.917967 -0.3960753 0.8408075 0.4904828 -0.2290625 0.05971527 0.8100746 -0.5832781 0.2772903 0.7614883 -0.5858718 -0.0680747 0.9472863 -0.3130728 -0.8232148 0.4940441 -0.2797107 -0.2483877 0.9005818 0.3567297 -0.003486812 0.8316612 -0.5552726 -0.8591771 0.4255517 -0.2841138 -0.8415076 0.4895012 -0.2285904 -0.8742722 -0.4053526 0.2670909 -0.884213 -0.1851418 0.4288238 -0.8746397 -0.2737348 -0.4000933 -0.4852688 -0.3139141 0.8160712 -0.4214755 -0.906812 0.00709784 -0.8575916 -0.4255825 0.2888189 7.10607e-4 -0.8894423 0.4570468 -0.8741827 -0.4081001 0.2631712 7.94679e-4 -0.8293173 0.5587775 -0.4264118 0.3394486 -0.8384197 -0.4485199 0.3224685 -0.8335732 -0.1904726 0.9816926 -1.63317e-5 -0.2378675 0.1400334 0.9611502 0.09915852 0.3827256 -0.9185253 0.3424325 0.1755006 -0.9230057 0.6176711 0.7864365 -6.45369e-5 0.6175634 0.7865212 9.02414e-5 0.2969254 0.9399861 0.1681113 0.2636546 0.9646173 2.05189e-5 0.2697896 0.5364431 -0.7996515 0.9999879 -0.004939794 7.689e-6 0.9873753 -0.1583986 -1.35362e-4 0.5820085 -0.1639336 0.7964873 0.8824556 0.4703958 4.3124e-5 0.6852508 0.7170388 -0.1276198 0.8824866 0.4703377 8.10623e-5 0.6852315 0.7170502 0.1276591 -0.3298605 -0.3396877 -0.8807976 0.02363491 0.9997207 -2.08616e-7 -0.4805015 0.8411804 -0.24806 0.1834203 0.6560509 0.7320889 0.2560427 0.9622965 0.09180223 0.2571223 0.9663789 -3.27826e-6 -0.0483011 0.9973267 0.05483198 0.2571073 0.9663829 -2.94293e-5 0.1467555 0.5848194 -0.7977777 -0.05298054 0.984584 -0.166696 -0.2019507 0.5620363 0.8020792 0.6748661 -0.7155717 -0.1803135 0.276355 -0.3728384 -0.8857875 -0.5250726 0.8455528 -0.09664064 -0.8725162 0.4330168 -0.2263007 0.2254064 -0.08209204 -0.9708002 0.2162753 0.3603572 -0.9073961 0.4567613 0.8895294 -0.01033228 0.4962736 0.6777383 0.542571 -0.327507 0.8746921 -0.3572856 -0.3148468 -0.1630731 0.9350287 -0.1636407 -0.8755025 -0.4546614 -0.3346745 -0.8265413 0.4525732 -0.1167228 0.8913474 0.4380363 0.497937 0.8670913 0.01453769 -0.1110171 0.8655652 -0.4883362 -0.07761937 0.9312941 -0.3559027 -0.1113275 0.8654172 0.4885278 0.239285 0.4721639 0.8484126 -0.465731 -0.2295727 -0.8546292 -0.2784903 0.395826 -0.87508 0.6419434 -0.751242 -0.1534417 -0.007632076 0.2803115 -0.9598788 -0.6019154 0.4386307 -0.6673088 0.8428496 -0.148171 0.517349 0.973425 0.2216555 0.05755484 0.4108578 0.9115443 0.01681876 -0.08552294 0.5384755 -0.83829 -0.9653354 0.2577424 0.04118889 0.6129271 -0.7545287 -0.2345352 0.5341362 0.4314763 0.7269985 0.7935653 0.4500758 0.4094947 0.8219859 -0.07371205 -0.5647175 0.542906 0.8397936 8.9705e-5 0.564447 0.09724915 -0.8197208 -0.3648146 0.8677599 -0.3374956 0.7309617 -0.6824185 -8.72016e-5 0.5398822 0.7260162 -0.4259434 0.9294181 -0.3689107 0.009327232 0.9150044 0.05760335 -0.3993107 0.02121859 0.5072679 -0.8615273 -0.2204098 0.9745228 -0.04153281 -0.2887127 0.3758591 -0.8805539 -0.7979414 0.5988271 -0.06852591 0.4220888 -0.1140974 0.8993458 0.1271451 0.04118525 0.9910288 0.9916492 -0.1190168 -0.04966866 0.8447704 0.4918677 -0.210782 0.845118 0.4920535 0.2089473 -0.3165022 -0.3200573 0.8929668 -0.02150595 -0.3795852 0.9249069 -0.3392367 -0.8476136 0.4080071 0.107047 -0.5722283 -0.8130779 -0.0800085 0.9941285 0.0728513 -0.2889907 0.3198298 -0.9023267 0.9832211 -0.182417 6.52298e-4 -0.03666108 0.5426995 0.8391266 0.5384263 0.5445464 -0.6430913 -0.2848854 0.4265438 -0.8584293 0.1904506 0.9816969 4.41372e-5 0.06907898 0.9666932 -0.2464395 0.2378578 0.1400424 -0.9611513 0.190548 0.9816779 -1.30415e-4 -0.1401115 0.3258417 -0.9349845 -0.09907704 0.382768 0.9185164 -0.2609208 0.9548711 -0.1419216 -0.2636327 0.9646232 9.98378e-6 0.8033873 -0.4978722 -0.3266379 -0.999983 -0.005848407 -1.18613e-5 -0.8431653 -0.5270527 -0.1062441 -0.5853926 -0.2559387 0.7692926 -0.8055704 -0.4961794 0.3238246 0.2387484 0.3408069 -0.9093129 -0.3792641 -0.1157778 -0.9180165 -0.9373165 0.1287195 -0.323835 -0.5819752 -0.1639629 -0.7965056 -0.6852464 0.7170389 0.1276427 0.320533 -0.3839524 -0.8659326 0.3769516 -0.2837504 -0.8816992 -0.0236361 0.9997206 5.61774e-6 0.4805181 0.8411903 0.2479946 -0.1834211 0.6560458 -0.7320933 -0.256039 0.9622977 -0.09179991 0.7097233 -0.530407 -0.4636391 0.04829651 0.9973269 -0.05483257 -0.2570969 0.9663857 3.02837e-5 -0.1467677 0.5848174 0.7977769 0.07491904 0.9697198 0.2324455 0.201952 0.5620372 -0.8020783 0.5059504 0.8476631 0.1596298 0.2020374 0.5618935 -0.8021575 0.5275571 0.8495196 1.51098e-5 0.8659285 0.4126465 -0.2826495 0.8725051 0.4330446 0.2262903 0.7492517 -0.6549668 -0.09818613 -0.4963943 0.6774268 -0.5428496 0.3273763 0.8745749 0.3576921 0.3148752 -0.1631399 -0.9350075 0.2229626 -0.3852452 -0.8954741 0.600538 -0.7995963 -7.74413e-5 0.1167222 0.8913461 -0.438039 0.6006126 -0.7995403 0 0.2229288 -0.3853427 -0.8954407 0.4879114 -0.8728932 3.56734e-5 0.1113218 0.8654184 -0.4885268 -0.2392821 0.4721625 -0.8484142 0.4657282 -0.2295849 0.8546274 0.7179514 0.3187972 0.6188007 0.8201287 0.4025256 -0.4066475 0.4654527 -0.2365307 -0.8528816 0.1313568 0.4866472 0.8636665 0.9070824 0.2635381 0.3282515 0.6019144 0.4386318 0.6673091 -0.8428465 -0.1481422 -0.5173621 -0.9734339 0.2216208 -0.05753952 -0.4108582 0.9115442 -0.01681852 0.07712143 0.5433867 -0.8359325 0.8418789 0.5122113 -0.1699394 -0.6413377 -0.5301956 -0.5545978 -0.8651736 -0.4193764 -0.2749513 -0.1373385 0.3857695 0.9123157 0.7309394 0.6824424 1.14219e-5 0.2685418 0.9394491 -0.2128868 -0.5398786 0.7260184 0.4259443 0.7606934 -0.08907288 -0.642971 0.7978775 0.598788 -0.06960415 -0.02125447 0.5071938 0.86157 0.2203979 0.974525 0.0415427 0.2887036 0.3758543 0.8805589 0.7979037 0.5988799 0.06850314 -0.4220834 -0.11398 -0.8993632 -0.1272365 0.04121059 -0.991016 -0.9916508 -0.1190163 0.04963707 -0.8448044 0.4918558 0.2106746 0.5287523 -0.3504552 -0.7730474 -0.2581864 0.3388051 0.904738 -0.232357 0.8906903 0.3907442 -0.07775467 0.7265385 -0.6827122 -0.3733283 0.8906732 -0.2594752 -0.107693 -0.5682163 -0.8158017 -0.1067885 -0.5712949 -0.813768 0.2607039 0.3432382 -0.902342 -0.9832192 -0.1824276 -6.5425e-4 -0.5383697 0.544493 0.6431838 -0.1332495 -0.4096444 0.9024612 -0.4570816 -0.8894245 7.85261e-4 -0.2662995 -0.4042777 0.875011 0.4123873 -0.3039715 -0.8588004 1.20163e-4 0.9816827 0.1905236 -0.933559 0.2572218 0.2496093 -0.9184867 0.3828082 -0.09919762 -3.74913e-5 0.981681 0.1905319 0.9350479 0.3257026 -0.1400123 0.4469045 0.5553529 -0.701327 -0.5645498 0.3771043 -0.734218 0.03491103 -0.6582388 0.7519994 0.02574813 0.0492841 0.998453 -3.3766e-5 0.9646241 -0.2636293 -0.1681035 0.9400017 -0.2968806 0.7994006 0.5368499 -0.2697241 -1.67966e-5 -0.004975736 -0.9999877 -0.7965381 -0.1639364 -0.5819382 -0.3238695 0.1287379 -0.9373021 0.8808246 -0.339639 0.3298385 -1.95503e-5 -0.9555753 -0.2947472 0.6055767 0.7953811 0.02541351 -0.7320605 0.6560753 -0.1834468 7.98702e-6 0.8478083 -0.5303031 0.09182381 0.9623007 -0.2560194 0.7403329 0.6487938 -0.1759939 -0.09180378 0.9623006 -0.2560266 0.1666936 0.9845829 0.05300647 -0.05486565 0.9973217 0.04836702 -0.8020572 0.5620633 0.2019634 0.09667062 0.8455606 0.5250544 -9.34079e-5 0.9985538 0.0537638 -0.09663611 0.845551 0.5250762 0.2900019 0.4393739 0.8502056 -0.0981146 -0.6549677 0.7492603 0.01123487 0.9053009 -0.4246225 0.0980252 0.9854217 -0.1390511 -0.2196129 0.9711417 -0.09302794 -0.4377473 0.8914727 0.11685 -0.9350281 -0.1630775 0.3148466 -1.24663e-4 -0.7995989 0.6005345 -0.8954969 -0.3852424 0.2228759 -0.4883287 0.8655707 0.1110063 -0.01446211 0.8670765 -0.4979652 0.3562991 0.9311486 0.07754522 0.4885272 0.8654177 0.111326 -0.8483872 0.4722139 -0.2392764 0.8546288 -0.2295315 0.4657523 -0.875074 0.3958353 0.2784962 0.8750773 0.3958195 0.2785082 0.9598868 0.2802841 0.007635176 0.6673662 0.4385828 0.6018867 -0.5173642 -0.1481775 -0.8428391 -0.05753576 0.2216633 -0.9734244 -0.01681774 0.9115341 -0.4108806 -0.8359326 0.5433921 0.07708245 -0.1699405 0.5121252 0.8419311 -0.04120886 0.2577347 0.9653366 -0.5546218 -0.5301887 -0.6413227 -0.2749493 -0.4193752 -0.8651748 0.5647442 -0.07382255 -0.8219576 0.8197099 0.09740036 -0.5644368 -0.3375025 0.8677492 0.3648335 0.3375293 0.8677232 0.3648704 0.2502675 -0.2079024 -0.9455913 -0.4260094 0.7260484 -0.5397868 0.2561243 -0.32238 -0.9113021 0.7552722 0.4775713 -0.4488759 0.7898294 -0.3613144 0.4956022 0.7674515 -0.6102375 0.1965412 0.8545607 0.447956 0.2627956 0.06959265 0.5988073 0.7978639 0.3981552 0.05729681 -0.9155271 -0.9000194 -0.1137209 -0.4207524 0.04798072 -0.1189414 -0.9917413 -0.9911752 0.04090034 -0.1260913 -0.2106829 0.4918801 -0.844788 0.2088332 0.4920894 -0.8451254 0.9040362 0.3399881 -0.2590881 0.9189612 0.3941966 0.01093673 -6.53312e-4 0.935467 -0.3534139 -0.2609071 0.8903865 -0.3730139 0.8137661 -0.5712813 -0.1068754 -0.1191181 0.989715 0.07921683 0.9006013 0.3225404 0.2913504 0.09861075 -0.1378412 -0.9855333 -0.8383615 0.5438755 0.03673821 0.643532 0.5436471 -0.5388083 -0.001133263 0.83238 0.5542043 0.24637 0.9667136 -0.06904178 0.1626988 -0.7732514 0.6128715 -0.9349839 0.3258374 0.1401253 0.93356 0.2572213 -0.2496058 0.9185178 0.3827629 0.09908354 8.92729e-5 0.9816789 -0.1905431 -0.02578532 0.04921036 -0.9984555 -3.03984e-6 0.9646326 0.2635984 0.1419056 0.9548716 0.2609274 -4.49363e-5 0.9646202 0.2636435 3.72622e-6 -0.004950582 0.9999879 -0.4106678 0.510625 -0.75539 0.7965247 -0.1639683 0.5819475 -6.23464e-5 -0.1584817 0.9873619 -0.8808017 -0.3396643 -0.3298735 0.003727734 0.9996514 0.02614027 -0.2482917 0.8400158 -0.4824157 0.7320684 0.6560595 0.1834715 -1.56304e-5 0.9663793 0.257121 0.09181052 0.9622998 0.2560275 -3.45707e-6 0.9663861 0.2570953 -0.2324525 0.9697165 -0.07493907 -0.7978175 0.5847662 0.1467505 0.05486637 0.9973221 -0.0483579 0.802057 0.5620639 -0.2019622 -0.1596156 0.8476657 -0.5059504 0.8021339 0.5619266 -0.2020393 -0.812363 -0.1774625 0.5554938 0.2828593 0.4126998 -0.8658347 8.19266e-5 -0.6340677 0.7732776 -0.2899771 0.4394164 -0.8501921 -0.9708047 -0.08209282 0.2253865 0.5428566 0.6773887 0.4964386 -0.3576553 0.8745631 -0.3274478 0.4377431 0.8914737 -0.1168574 0.9350258 -0.1630882 -0.3148475 1.18643e-4 -0.7996036 -0.6005282 0.8954951 -0.3852474 -0.2228747 0.4883267 0.8655706 -0.1110168 0.01446479 0.8670771 0.497964 -0.3563176 0.9311452 -0.07750147 -0.488603 0.8653793 -0.1112918 0.8484247 0.472144 0.2392815 0.8546527 -0.2295647 -0.4656918 -0.8546536 -0.2295165 -0.465714 0.768763 0.633393 0.08841341 -0.6194451 0.3172048 -0.7181009 -0.3287764 0.2607731 -0.9076914 -0.8643489 0.4858157 -0.1299389 -0.6673136 0.4386251 -0.6019142 0.5173797 -0.1481859 0.8428282 0.05752569 0.2216316 0.9734323 0.0167638 0.9115746 0.4107929 0.8359327 0.543392 -0.07708334 -0.8359348 0.5433833 -0.07712167 0.1699538 0.5121192 -0.8419321 0.04114454 0.25763 -0.9653673 -1.74642e-5 0.1685698 -0.9856897 4.01735e-5 -0.256733 -0.9664825 -0.8035638 0.2016376 -0.5600246 -0.8035529 0.2016637 -0.560031 3.47737e-5 -0.2567298 -0.9664833 -0.8452303 -0.1259685 -0.5193437 -0.9127522 0.3861728 0.1332448 0.2129863 0.9394701 -0.2683895 1.24428e-5 0.6824508 -0.7309316 -0.2502697 -0.2079059 0.94559 0.4260106 0.7260483 0.5397859 -0.2561067 -0.3223577 0.9113149 -0.7552711 0.4775707 0.4488785 -0.7898313 -0.3613165 -0.4955976 -0.767421 -0.6102766 -0.196539 -0.8545524 0.4479839 -0.2627749 -0.06958889 0.5988363 -0.7978425 -0.398086 0.05717945 0.9155644 0.9000416 -0.113608 0.4207356 -0.04797816 -0.1189411 0.9917415 0.9911705 0.04084759 0.1261449 0.2107004 0.4918648 0.8447925 -0.2088458 0.4920325 0.8451553 -0.9040481 0.3399609 0.2590823 -0.9189461 0.3942276 -0.01108819 6.71014e-4 0.9354667 0.3534142 -0.1187578 0.9928252 0.01396 -0.8158281 -0.568184 0.1076649 -0.813767 -0.5712817 0.1068666 -0.9015087 0.321168 -0.2900576 -6.73078e-4 -0.1824615 0.9832128 -0.6436026 0.5436522 0.5387187 -0.901827 -0.4108716 0.1337631 -0.8742904 -0.4053419 0.2670477 6.95184e-4 -0.8894019 0.4571256 -0.8591846 0.4255228 -0.2841342 -1 0 0 0 0 1 1 0 0 0 0 -1 0 -1 0 0 -1 -1.02854e-5 0 -1 1.02854e-5 0.5328739 -0.8461948 0 0.5328739 -0.8461947 0 0 -0.8462007 -0.5328644 0 -0.8461992 -0.5328669 -0.5328739 -0.8461948 0 -0.5328739 -0.8461947 0 0 -0.8461955 0.5328726 0 -0.846194 0.5328751 0 -1 -1.54748e-5 0 -1 6.82313e-6 0 -1 -1.3578e-5 0 -1 1.23798e-5 0 -1 5.41618e-6 0 -1 1.29964e-6 0 -1 -1.8104e-5 0 -1 1.54748e-5 0 -1 -6.82312e-6 0 -1 1.35781e-5 0 -1 -1.23799e-5 0 -1 -5.41617e-6 0 -1 2.59927e-6 0 -1 7.75878e-6 -0.7071031 0 0.7071105 -0.7071104 0 0.7071033 -0.4152117 0 0.9097249 -0.4152076 0 0.9097267 -0.9097251 0 0.4152112 -0.909727 0 0.4152071 5.72647e-7 0 -1 -3.09473e-6 0 -1 -0.4152101 0 -0.9097256 -0.4152106 0 -0.9097254 3.2117e-6 0 1 -6.87177e-7 0 1 0.4152104 0 0.9097254 0.4152101 0 0.9097256 0.7071061 0 0.7071075 0.7071084 0 0.7071052 -0.7071084 0 -0.7071053 -0.707106 0 -0.7071076 -0.9097248 0 -0.4152118 -0.9097249 0 -0.4152114 0.4152076 0 -0.9097268 0.4152119 0 -0.9097248 0.909725 0 -0.4152113 0.9097269 0 -0.4152072 0.7071102 0 -0.7071033 0.707103 0 -0.7071105 0.9472341 -0.2296654 -0.2236099 0.9472341 0.2296654 -0.2236099 0.9097251 0 0.4152114 0.9097248 0 0.4152119 0.9472341 0.2296654 0.22361 0.947234 -0.2296654 0.22361 -1 0 1.92751e-6 -1 0 -1.89339e-6 -0.2264251 -0.8391636 -0.494506 0 -1 2.07023e-6 0 -1 3.42947e-6 -0.3916677 -0.8325825 -0.3916667 -0.3916655 -0.8325878 0.3916577 0 -1 -1.32092e-5 0 -1 -1.28763e-5 -0.2264217 -0.8391695 0.4944976 -0.4945042 -0.8391641 0.2264271 0 -1 3.91851e-6 0.3916655 -0.8325877 -0.391658 0 -1 3.38016e-5 0 -1 1.28763e-5 0.2264233 -0.8391741 -0.494489 0.2264269 -0.8391703 0.4944937 0 -1 -2.07023e-6 0 -1 -1.91035e-5 0.3916679 -0.8325818 0.391668 2.19584e-6 -0.8458369 0.5334415 0 -1 5.04867e-6 -1.86193e-6 -0.8458348 -0.533445 0 -1 1.68278e-6 0.4945063 -0.8391641 0.2264229 -0.5245853 -0.8319357 -0.1808131 0 -1 -1.05691e-5 -0.4945054 -0.8391644 -0.2264233 0 -1 8.04521e-6 0 -1 -1.68278e-6 -0.5106843 -0.8098639 0.2886556 0 -1 1.26216e-6 0.5334431 -0.8458361 -3.51361e-6 0.4945045 -0.8391639 -0.226427 0 -1 -3.9185e-6 -0.8714075 -0.2891198 -0.3963067 -0.9572358 -0.2893093 -8.87364e-5 -0.6768672 -0.2892981 -0.6768733 0.8714097 -0.2891204 0.3963011 0.9572383 -0.289301 -6.46602e-6 0.8714072 -0.2891196 -0.3963072 0.6768684 -0.289299 -0.6768717 -6.82058e-6 -0.2893012 -0.9572381 -0.3963059 -0.2891194 -0.8714079 -0.6768696 -0.2892991 0.6768705 -0.3963033 -0.2891201 0.8714089 -0.8714076 -0.2891197 0.3963063 0.3963035 -0.2891206 -0.8714085 0.3963034 -0.2891179 0.8714095 0.6768677 -0.2892966 0.6768735 6.78326e-6 -0.2893012 0.9572381 -0.9572361 -0.2893083 9.17235e-5 0 -1 3.39297e-5 0 -1 1.43463e-5 0 -1 -2.39917e-5 0 -1 2.39917e-5 0 -1 -2.39921e-5 0.41521 0 0.9097257 0.4152163 0 0.9097228 0.7071078 0 0.7071059 0.7071056 0 0.7071079 0.7071076 0 -0.7071061 0.7071055 0 -0.7071081 0.4152101 0 -0.9097256 0.4152165 0 -0.9097228 0.9097251 0 -0.4152111 0.9097223 0 -0.4152174 -0.7071078 0 0.7071059 -0.7071056 0 0.7071079 -0.41521 0 0.9097257 -0.4152163 0 0.9097228 -0.4152101 0 -0.9097256 -0.4152165 0 -0.9097228 -0.7071076 0 -0.7071061 -0.7071055 0 -0.7071081 6.04092e-6 0 -1 -6.04092e-6 0 -1 6.0458e-6 0 1 -6.03605e-6 0 1 -0.9097251 0 -0.4152111 -0.9097223 0 -0.4152174 0.9472345 -0.2296653 -0.2236081 0.9472346 0.2296655 -0.2236081 0.9097223 0 0.4152171 0.9097253 0 0.4152109 0.9472346 0.2296654 0.2236083 0.9472143 -0.2296654 0.223694 -1 0 6.1579e-6 -1 0 -5.97026e-6 -0.9097253 0 0.4152109 -0.9097223 0 0.4152171 0 -1 -5.58737e-6 0 -1 5.55837e-6 0 -1 1.57213e-5 0 -1 5.58737e-6 0 -1 -5.55837e-6 0 -1 7.90173e-6 0 -1 5.58738e-6 0 -1 -1.66751e-5 0 -1 -7.86072e-6 0 -1 7.86063e-6 0 -1 -7.90173e-6 0 -1 -7.86066e-6 0 -1 1.57213e-5 0 -1 1.11747e-5 0 -1 -1.58035e-5 0 -1 1.66751e-5 -5.55583e-7 0 -1 5.6533e-7 0 -1 -0.4152119 0 -0.9097247 -0.4152132 0 -0.9097242 -0.4152086 0 0.9097263 -0.4152101 0 0.9097256 -9.3572e-7 0 1 9.55214e-7 0 1 -0.707108 0 -0.7071056 -0.7071069 0 -0.7071068 -0.9097245 0 -0.4152127 -0.9097252 0 -0.4152112 0.4152113 0 -0.909725 0.4152126 0 -0.9097244 0.9472345 -0.2296655 -0.2236081 0.9472346 0.2296656 -0.223608 0.9097255 0 -0.4152102 0.9097248 0 -0.4152117 0.9097263 0 0.4152085 0.9097259 0 0.4152094 0.9472346 0.2296656 0.223608 0.9472345 -0.2296655 0.2236081 0.7071068 0 0.7071068 0.7071058 0 0.7071079 -1 0 -8.57743e-7 -1 0 8.38249e-7 -0.9097257 0 0.41521 -0.9097263 0 0.4152085 -0.7071068 0 0.7071067 -0.7071058 0 0.7071078 0.4152079 0 0.9097266 0.41521 0 0.9097256 0.707107 0 -0.7071066 0.7071082 0 -0.7071053 0 1 0 0 1 -4.11072e-6 0 1 -3.15718e-6 0 1 1.02769e-5 0 1 4.11073e-6 0 1 -3.15714e-6 0 1 1.23322e-5 0 1 5.81345e-6 0 1 -4.46491e-6 0 1 -1.23321e-5 0 1 4.46491e-6 0 1 1.11623e-6 0 1 2.90672e-6 0 1 -1.11623e-6 0 1 -2.90673e-6 0 1 -3.15716e-6 0 1 6.16609e-6 0 1 5.58114e-6 0 1 -2.90673e-6 0 1 3.15716e-6 0 1 -4.11072e-6 0 1 -1.11623e-6 0 1 -8.72018e-6 0 1 -5.81345e-6 0 1 4.11073e-6 0.707106 0 0.7071076 0.7071068 0 0.7071068 0.9097264 0 0.4152085 0.9097261 0 0.4152089 -0.9097261 0 -0.4152092 -0.9097264 0 -0.4152085 -1 0 -2.72919e-7 -1 0 0 -0.9097261 0 0.4152089 -0.909726 0 0.4152092 -0.7071043 0 0.7071092 -0.7071051 0 0.7071086 2.33931e-7 0 1 -2.43678e-7 0 1 0.4152085 0 0.9097263 0.4152082 0 0.9097265 0.7071074 0 -0.7071062 0.7071064 0 -0.7071072 0.4152081 0 -0.9097265 0.4152089 0 -0.9097262 0.9097265 0 -0.4152082 0.9097262 0 -0.4152087 -0.4152082 0 0.9097265 -0.4152085 0 0.9097263 -0.415208 0 -0.9097265 -0.415209 0 -0.9097262 -0.7071058 0 -0.7071079 -0.7071046 0 -0.7071089 0 0 -1 0 0 -1 0.9472337 -0.2296655 -0.2236112 0.9472337 0.2296655 -0.2236112 0.9472338 0.2296655 0.2236109 0.9472491 -0.2296655 0.2235467 0 1 -2.19378e-5 0 1 -1.55123e-5 0 1 1.67689e-5 0 1 2.19378e-5 0 1 -2.74222e-5 0 1 2.74222e-5 0 1 1.55124e-5 0 1 -2.19379e-5 0 1 1.55124e-5 0 1 -1.67688e-5 0 1 2.19377e-5 0 1 -2.37146e-5 0 1 3.10248e-5 0 1 -1.67688e-5 0 1 -1.55123e-5 0 1 1.67688e-5 0 1 -3.10247e-5 0 1 1.67688e-5 0.7071216 0 -0.707092 0.7071194 0 -0.7070943 0.4152061 0 -0.9097275 0.4152069 0 -0.909727 0.909727 0 -0.4152069 0.909725 0 -0.4152114 -0.7071214 0 0.7070922 -0.7071192 0 0.7070944 -0.415205 0 0.9097279 -0.4152072 0 0.9097269 -0.4152207 0 -0.9097207 -0.4152308 0 -0.9097162 -0.7071102 0 -0.7071033 -0.707102 0 -0.7071117 -1.09279e-5 0 -1 -1.44149e-5 0 -1 2.58546e-6 0 1 -2.58546e-6 0 1 -0.909727 0 -0.4152069 -0.909725 0 -0.4152114 0.9472355 -0.2296663 -0.2236028 0.9472363 0.2296664 -0.2235995 0.9097298 0 0.4152008 0.9097309 0 0.4151985 0.9472312 0.2296642 0.2236233 0.9472305 -0.2296643 0.2236267 0.7070993 0 0.7071143 0.7070972 0 0.7071163 -1 0 1.51094e-5 -1 0 9.94339e-6 -0.9097334 0 0.415193 -0.9097298 0 0.4152008 0.4152072 0 0.9097269 0.415205 0 0.9097279 0 1 8.31098e-5 0 1 -8.31083e-5 0 1 7.02109e-5 0 1 -8.31091e-5 0 1 7.02094e-5 0.3645142 0.4761349 -0.8002656 1.66104e-6 0.3244193 -0.9459135 0.3914686 0.3242083 -0.861186 6.81769e-6 0.4778908 -0.8784193 0.6222836 0.4748806 0.6222954 0.8611751 0.3242191 0.3914837 0.6688478 0.3244166 0.668877 0.8002579 0.4761424 0.3645212 -0.3645117 0.4761374 0.8002653 -3.19216e-6 0.3244217 0.9459126 -0.3914622 0.3242054 0.86119 -6.68316e-6 0.4778953 0.8784168 -0.8770233 0.4770761 -0.05682015 -0.8611791 0.3242194 0.3914747 -0.9459447 0.3243281 7.79182e-5 -0.8002598 0.4761396 0.364521 -0.8002576 0.476142 -0.3645223 -0.9459446 0.3243286 -8.90063e-5 -0.861177 0.3242188 -0.39148 -0.8767839 0.4769732 0.06121104 -0.622288 0.4748777 -0.6222934 -0.6688609 0.3244192 -0.6688627 0.9459134 0.3244193 6.05025e-6 0.8784188 0.4778916 5.84717e-6 0.8002598 0.4761397 -0.3645206 0.6688655 0.3244227 -0.6688564 0.8611788 0.3242194 -0.3914752 0.6222877 0.4748798 -0.622292 -0.3914777 0.3242242 -0.8611759 -0.3645171 0.4761421 -0.8002601 -0.6222848 0.474879 0.6222954 -0.6688619 0.3244207 0.6688609 0.3645124 0.4761447 0.8002607 0.3914743 0.324222 0.8611782 -0.2891431 0.9125761 0.2891387 -0.1670538 0.9164104 0.3637102 -0.3637177 0.9164075 0.1670529 0.2891427 0.9125762 -0.2891388 0.1670554 0.916408 -0.3637155 0.1670523 0.9164077 0.3637177 0.2891424 0.9125755 0.2891414 1.37768e-6 0.9202894 0.3912383 -1.36991e-6 0.9202893 -0.3912389 0.3637168 0.916408 0.1670532 -0.3882915 0.9136208 -0.1205281 -0.3637173 0.9164078 -0.1670529 -0.3891378 0.9155786 0.1014277 -0.2891398 0.9125763 -0.2891412 0.3912411 0.9202883 -1.87359e-6 0.3637182 0.9164074 -0.1670528 -0.1670547 0.9164084 -0.3637148 0 1 2.5577e-6 0 1 3.45519e-6 0 1 -3.45523e-6 0 1 -1.20974e-6 0 1 2.62376e-6 0 1 1.77454e-6 0 1 2.81336e-6 0 1 -1.7746e-6 0 1 -4.71398e-6 0 1 -2.62379e-6 0 1 4.71395e-6 0 1 2.81338e-6 0 1 -2.55774e-6 0 1 2.4194e-6 -0.7070994 0 -0.7071142 -0.7071066 0 -0.7071071 -0.9097263 0 -0.4152085 -0.9097234 0 -0.415215 0.4152092 0 -0.909726 0.4152094 0 -0.909726 -1.10399e-5 0 -1 -9.20617e-6 0 -1 0.9472503 -0.2296205 -0.2235875 0.9472509 0.2296203 -0.2235853 0.9097253 0 -0.4152107 0.9097256 0 -0.41521 0.9097246 0 0.4152122 0.9097276 0 0.4152057 0.9472355 0.2296654 0.2236037 0.9472351 -0.2296653 0.2236059 0.7070995 0 0.7071142 0.7071067 0 0.707107 -1 0 -9.56557e-6 -1 0 -1.13152e-5 -0.9097269 0 0.4152072 -0.9097266 0 0.4152079 -0.7071067 0 0.7071068 -0.707107 0 0.7071067 9.2147e-6 0 1 1.10301e-5 0 1 0.4152172 0 0.9097223 0.41521 0 0.9097257 0.7071068 0 -0.7071068 0.7071067 0 -0.7071069 -0.4152067 0 0.9097272 -0.4152067 0 0.9097271 -0.4152125 0 -0.9097245 -0.4152197 0 -0.9097212 0 1 1.70499e-5 0 1 2.77631e-5 0 1 -2.77624e-5 0 1 1.70491e-5 0 1 -6.02773e-6 0 1 6.028e-6 0 1 -1.70492e-5 0 1 -6.028e-6 0 1 -1.70498e-5 0 1 6.02774e-6 0 1 2.77628e-5 0 1 -2.77634e-5 -0.9097266 0 -0.4152078 -0.9097257 0 -0.41521 -1 0 -1.85194e-6 -1 0 1.86169e-6 -0.9097251 0 0.4152114 -0.9097262 0 0.4152088 -0.7071101 0 0.7071036 -0.7071086 0 0.7071049 1.94941e-6 0 1 -1.94941e-6 0 1 0.4152094 0 0.909726 0.4152119 0 0.9097248 0.7071087 0 0.7071049 0.70711 0 0.7071036 0.707106 0 -0.7071076 0.707107 0 -0.7071067 0.4152092 0 -0.909726 0.4152075 0 -0.9097269 0.9097256 0 -0.4152101 0.9097267 0 -0.4152076 -0.4152119 0 0.9097248 -0.4152094 0 0.909726 -0.4152092 0 -0.909726 -0.4152075 0 -0.9097269 -0.7071061 0 -0.7071076 -0.7071068 0 -0.7071068 -1.64725e-6 0 -1 1.64725e-6 0 -1 0.9472318 -0.2296655 -0.2236192 0.947232 0.2296655 -0.223619 0.9097262 0 0.4152089 0.909725 0 0.4152113 0.9472319 0.2296655 0.223619 0.9472319 -0.2296655 0.2236192 0.8238065 0.4526687 -0.341224 0.6305145 0.4526679 -0.6305104 0.6874172 0.2343524 -0.687413 0.8981525 0.2343513 -0.3720237 0.479977 0.7343302 -0.4799803 0.2597584 0.734335 -0.6271187 0.3412303 0.4526665 -0.8238052 0.3535374 0.3827811 -0.8535163 -1.43803e-6 0.3827175 -0.9238654 -3.77498e-6 0.3827178 -0.9238653 0.3535417 0.3827828 -0.8535137 0.3720288 0.234355 -0.8981494 0.6271194 0.7343334 -0.259761 0.6532695 0.3827291 -0.6532667 0.6532683 0.3827293 -0.6532678 0.08616018 0.181537 0.9796023 0.8916801 0.4526664 2.95586e-6 0.9721515 0.2343533 2.74659e-6 0.339845 0.4096369 0.8465832 0.6787843 0.7343378 -5.50297e-7 0.8535209 0.3827824 -0.3535247 0.8535186 0.3827819 -0.3535308 0.6305101 0.4526679 0.6305147 0.9397537 0.08482843 -0.3311603 0.8326305 0.3715518 -0.4107019 0.687412 0.2343554 0.6874172 0.03378295 0.3399528 0.9398355 0.9238653 0.3827178 1.66082e-6 0.9238653 0.382718 -6.81337e-7 0.341224 0.4526686 0.8238065 0.3720249 0.2343527 0.8981516 0.4799807 0.7343304 0.4799766 0.8378905 0.3921054 -0.3797276 0.8269851 0.5376393 0.1644375 0.9603629 0.2029456 0.1910917 -3.27735e-6 0.4526661 0.8916801 -3.00393e-6 0.2343534 0.9721515 0.259761 0.7343341 0.6271185 0.653266 0.382726 0.653272 0.7010468 0.5376353 0.4684888 0.8141921 0.2029297 0.5439768 0.6532681 0.3827258 0.6532701 -0.34123 0.4526663 0.8238054 -0.3720283 0.234355 0.8981496 5.55082e-7 0.7343378 0.6787842 0.3535238 0.3827847 0.8535203 0.3535304 0.3827843 0.8535177 -0.6305142 0.4526679 0.6305106 -0.6874172 0.2343553 0.687412 -0.2597582 0.734335 0.6271187 2.48111e-6 0.3827154 0.9238663 4.50235e-6 0.3827156 0.9238662 -0.8238065 0.4526687 0.341224 -0.8981517 0.2343527 0.3720246 -0.4799769 0.7343302 0.4799805 -0.3535369 0.3827783 0.8535177 -0.3535434 0.3827804 0.8535141 -0.89168 0.4526664 -2.95586e-6 -0.9721515 0.2343534 -2.749e-6 -0.6271189 0.734334 0.2597606 -0.6532731 0.3827292 0.6532632 -0.6532732 0.3827263 0.6532648 -0.8238053 0.4526665 -0.3412302 -0.8981496 0.234355 -0.3720285 -0.6787843 0.7343378 5.52689e-7 -0.8535502 0.3826994 0.3535438 -0.8535515 0.3826993 0.3535409 -0.6305099 0.4526679 -0.6305149 -0.6874121 0.2343549 -0.6874173 -0.6271196 0.7343342 -0.2597581 -0.9238671 0.3827135 -8.43581e-6 -0.923867 0.3827139 -6.72131e-6 -0.3412238 0.4526684 -0.8238069 -0.3720242 0.2343521 -0.8981521 -0.4799804 0.7343307 -0.4799765 -0.8535465 0.3827024 -0.3535496 -0.853549 0.3827026 -0.3535436 3.119e-6 0.4526663 -0.89168 2.87887e-6 0.2343534 -0.9721515 -0.2597607 0.7343339 -0.6271188 -0.6532675 0.3827235 -0.653272 -0.6532679 0.3827268 -0.6532698 -7.68023e-7 0.734337 -0.6787852 -0.3535229 0.3827824 -0.8535218 -0.3535295 0.3827821 -0.8535191 -0.3808597 0.09741967 -0.9194865 -9.62375e-7 0.09741538 -0.9952439 -0.7037412 0.09741783 -0.7037458 -0.9194855 0.09741675 -0.3808628 -0.9952439 0.09741526 9.59976e-7 -0.9194858 0.09741896 0.3808615 -0.703741 0.09741675 0.7037461 -0.3808607 0.0974161 0.9194864 7.31981e-7 0.0974152 0.9952439 0.3808618 0.0974189 0.9194857 0.703746 0.09741669 0.7037412 0.8587646 0.2977413 -0.4169816 0.9952439 0.09741532 -1.01517e-6 0.359056 0.3370066 0.8703479 0.9194877 0.09742087 -0.3808567 0.7037434 0.09741836 -0.7037435 0.3808578 0.09741508 -0.9194877 -0.3243972 -0.5304856 -0.7831677 2.99624e-6 -0.5304773 -0.8476992 -0.5994097 -0.5304828 -0.5994132 -0.7831729 -0.530472 -0.3244068 -0.8477011 -0.5304741 -1.57572e-6 -0.7831748 -0.5304738 0.3243993 -0.5994123 -0.5304843 0.5994093 -0.3244029 -0.5304854 0.7831653 -3.25403e-6 -0.5304746 0.847701 0.3243979 -0.5304858 0.7831672 0.5994092 -0.5304847 0.5994119 0.786559 0.01309001 -0.6173765 0.8477005 -0.530475 3.56181e-6 0.1445899 0.08103698 0.9861677 0.7831669 -0.5304867 -0.3243972 0.5994153 -0.5304819 -0.5994083 0.3244014 -0.5304809 -0.783169 -0.3723111 0.2313073 -0.8988223 -5.34262e-7 0.2312688 -0.97289 -0.6879435 0.2312638 -0.6879323 -0.8988356 0.2312662 -0.3723043 -0.9728884 0.2312754 5.26274e-6 -0.8988325 0.2312538 0.3723195 -0.6879261 0.23131 0.6879342 -0.3722988 0.231262 0.8988391 4.38672e-7 0.2312662 0.9728905 0.3723152 0.2312338 0.8988395 0.6879506 0.2312309 0.6879362 0.9758821 0.2091189 0.06263798 0.9728979 0.2312356 1.90659e-6 0.5054206 0.1087493 0.8559928 0.8988391 0.2312242 -0.3723222 0.6879416 0.2312251 -0.6879472 0.3722949 0.2312349 -0.8988476 0.2918561 -0.6468025 -0.7046039 -1.2635e-6 -0.6468214 -0.7626415 1.03775e-6 0.4696072 -0.8828755 0.337863 0.4696206 -0.8156624 -0.2918487 -0.6468161 -0.7045944 -0.3378579 0.469618 -0.815666 -0.5392816 -0.6467977 -0.5392848 -0.6242778 0.4696271 -0.6242817 -0.7046023 -0.6468047 -0.291855 -0.8156629 0.4696202 -0.3378622 -0.7626415 -0.6468214 2.527e-7 -0.8828749 0.4696083 -1.74099e-6 -0.7046061 -0.6468015 0.291853 -0.8156669 0.4696172 0.3378569 -0.5392829 -0.6467992 0.5392819 -0.6242817 0.4696266 0.6242783 -0.2918506 -0.6468176 0.7045924 -0.3378621 0.4696208 0.8156626 1.24864e-6 -0.6468204 0.7626425 -1.12596e-6 0.4696081 0.882875 0.2918545 -0.6468014 0.7046056 0.3378586 0.4696185 0.8156655 0.5392837 -0.6467931 0.5392884 0.624278 0.4696267 0.6242819 0.9210514 -0.298473 -0.2501565 0.8616453 0.3600142 -0.3577112 0.5360235 -0.6615974 0.5243738 0.762649 -0.6468126 -5.2027e-7 0.8828749 0.4696083 1.70429e-6 0.4114537 0.5287758 0.7423625 0.7046076 -0.6467995 -0.2918539 0.8156668 0.4696179 -0.3378561 0.5392879 -0.6467917 -0.5392857 0.6242821 0.4696268 -0.6242775 -0.8417422 -0.4056829 0.3562184 -0.6850768 -0.2034637 0.6994801 -0.6401652 -0.402974 0.6540647 -0.9014553 -0.2050302 0.3812361 -0.5100255 -0.6843668 0.5210721 -0.3442831 -0.4003198 0.8492428 -0.2749639 -0.6814832 0.678215 -0.3681764 -0.2019314 0.9075626 -0.6689449 -0.6872977 0.2830808 -0.7047408 -0.4840785 0.5186603 -0.9786169 -0.2056915 -2.81776e-6 -0.9135089 -0.4068189 -4.84496e-6 -0.7590631 -0.1081502 0.6419712 -0.7252119 -0.6885259 1.97464e-7 -0.6401587 -0.4029738 -0.6540712 -0.3070008 0.1137049 -0.9448925 -0.001577258 -0.1977041 -0.9802606 -0.6850716 -0.2034661 -0.6994845 -0.5976276 -0.5713431 0.5625018 -0.3442744 -0.400322 -0.8492453 -0.3681729 -0.2019293 -0.9075645 -0.5100284 -0.6843659 -0.5210704 0.01461899 -0.3732157 -0.9276294 4.50134e-6 -0.3992367 -0.9168479 2.80439e-6 -0.2013036 -0.9795289 -0.2749658 -0.6814821 -0.6782153 0.3442832 -0.4003199 -0.8492426 0.3681763 -0.2019315 -0.9075626 2.15372e-7 -0.6803016 -0.7329323 0.6401649 -0.402974 -0.6540649 0.6850765 -0.2034662 -0.6994796 0.2749637 -0.6814823 -0.678216 0.8417423 -0.4056831 -0.3562181 0.9014547 -0.2050316 -0.3812368 0.5100247 -0.6843663 -0.5210736 0.913509 -0.4068189 4.85935e-6 0.978617 -0.2056915 2.87797e-6 0.6689447 -0.6872978 -0.2830811 0.8417393 -0.4056804 0.3562279 0.9014526 -0.2050337 0.3812409 0.7252118 -0.6885259 2.78843e-7 0.6401582 -0.4029736 0.6540718 0.6850717 -0.2034658 0.6994845 0.6689451 -0.6872976 0.2830804 0.344274 -0.4003216 0.8492456 0.3681721 -0.2019287 0.9075649 0.510028 -0.6843662 0.5210705 -4.46539e-6 -0.3992368 0.9168479 -2.59273e-6 -0.2013036 0.979529 0.2749655 -0.6814819 0.6782156 -2.46481e-7 -0.6803018 0.7329322 0.3745401 -0.0834999 0.9234433 1.1783e-6 -0.08322697 0.9965307 0.697158 -0.08415901 0.7119607 0.9176741 -0.08483397 0.3881722 0.9963709 -0.08511745 -1.36947e-6 0.917674 -0.084836 -0.3881717 0.697157 -0.08415788 -0.7119618 0.3745405 -0.08349663 -0.9234434 -1.1567e-6 -0.08322679 -0.9965307 -0.3745421 -0.08349931 -0.9234425 -0.6971623 -0.084158 -0.7119566 -0.3114837 0.2148848 -0.9256362 -0.9963709 -0.08511757 1.2109e-6 -0.7573767 -0.04382467 0.651506 -0.9176761 -0.08483773 0.3881666 -0.6971595 -0.08415943 0.7119591 -0.3745372 -0.08349585 0.9234449 0.3257839 0.496679 0.8044719 -2.52311e-6 0.4957889 0.8684431 0.6058993 0.4988291 0.6197223 0.7968727 0.5010181 0.3376017 0.8648994 0.5019452 5.18244e-7 0.7968741 0.5010198 -0.3375957 0.6059 0.49883 -0.6197208 0.3257882 0.4966782 -0.8044705 2.86248e-6 0.4957872 -0.8684441 -0.3257851 0.4966791 -0.8044713 -0.6058982 0.4988307 -0.619722 -0.2153437 0.7411624 -0.6358502 -0.8648992 0.5019457 -3.068e-6 -0.6778983 0.2503227 0.6912254 -0.7968657 0.5010331 0.3375958 -0.605903 0.4988281 0.6197194 -0.3257866 0.4966744 0.8044736 0.096951 0.9664133 0.2380039 2.71939e-7 0.9661816 0.2578629 0.178743 0.966963 0.1817513 0.2330091 0.9675104 0.09813511 0.2519598 0.9677378 -1.15847e-6 0.233008 0.9675103 -0.09813845 0.1787399 0.966963 -0.1817545 0.09694504 0.9664145 -0.2380017 0 0.9661806 -0.2578666 -0.09695094 0.9664139 -0.2380018 -0.1787436 0.9669628 -0.1817521 0.01550358 0.6328838 -0.7740916 -0.2519615 0.9677374 5.05604e-7 -0.438944 0.8118084 0.3850913 -0.2329964 0.9675135 0.09813469 -0.1787407 0.9669631 0.1817532 -0.09694492 0.966414 0.2380037 -0.2413484 -0.7669076 0.5946459 -1.12372e-6 -0.4360067 0.8999435 5.91666e-7 -0.7665639 0.6421681 -0.3386122 -0.4366094 0.833495 0.3386088 -0.4366072 0.8334978 0.2413465 -0.7669075 0.5946468 0.6294626 -0.4380448 0.6417895 0.4484632 -0.7677335 0.4576746 0.8274897 -0.4394708 0.3494655 0.5892794 -0.7685722 0.2490917 0.8979712 -0.4400541 1.76504e-6 0.6393471 -0.7689182 0 0.8274927 -0.43947 -0.3494596 0.5892784 -0.7685745 -0.2490869 0.6294652 -0.4380451 -0.6417867 0.448466 -0.7677346 -0.4576702 0.338612 -0.4366085 -0.8334957 0.2413489 -0.7669061 -0.5946476 5.70164e-7 -0.4360066 -0.8999435 -1.08966e-6 -0.7665642 -0.6421677 -0.3386095 -0.4366064 -0.8334977 -0.2413462 -0.7669088 -0.5946452 -0.6294617 -0.438045 -0.6417901 -0.448463 -0.7677335 -0.4576748 -0.06435722 -0.05394148 -0.996468 -0.404277 -0.6745696 -0.6176699 -0.7599837 -0.6422153 0.09992235 -0.8979709 -0.440055 -1.29176e-6 -0.6393458 -0.7689194 -2.54568e-7 -0.6945688 -0.2212445 0.684562 -0.8274924 -0.4394707 0.3494597 -0.5892805 -0.7685718 0.2490901 -0.6294665 -0.4380453 0.6417852 -0.4484688 -0.7677322 0.4576715</float_array>
          <technique_common>
            <accessor source="#meshId0_name-mesh-normals-array" count="3893" stride="3">
              <param name="X" type="float"/>
              <param name="Y" type="float"/>
              <param name="Z" type="float"/>
            </accessor>
          </technique_common>
        </source>
        <source id="meshId0_name-mesh-map-0">
          <float_array id="meshId0_name-mesh-map-0-array" count="24288">0.690329 0.96532 0.693724 0.972229 0.68877 0.973596 0.68877 0.973596 0.687515 0.964513 0.690329 0.96532 0.653121 0.978828 0.653802 0.968032 0.651892 0.969795 0.668431 0.58608 0.672517 0.597346 0.671824 0.586339 0.672517 0.597346 0.668431 0.58608 0.670124 0.596483 0.670124 0.596483 0.668431 0.58608 0.667813 0.597702 0.667813 0.597702 0.672932 0.601058 0.670124 0.596483 0.672932 0.601058 0.667813 0.597702 0.670042 0.601613 0.935902 0.798458 0.938063 0.79226 0.932847 0.799884 0.690329 0.96532 0.689895 0.958483 0.691669 0.962241 0.691669 0.962241 0.689895 0.958483 0.693663 0.954732 0.693663 0.954732 0.693724 0.957387 0.691669 0.962241 0.672517 0.597346 0.670124 0.596483 0.672932 0.601058 0.623734 0.95678 0.624824 0.952907 0.628162 0.953802 0.628162 0.953802 0.626198 0.958027 0.623734 0.95678 0.691047 0.953517 0.693663 0.954732 0.689895 0.958483 0.676948 0.601382 0.672517 0.597346 0.672932 0.601058 0.672517 0.597346 0.676948 0.601382 0.676213 0.598881 0.920863 0.775957 0.92153 0.773143 0.926419 0.776491 0.926419 0.776491 0.926214 0.779957 0.920863 0.775957 0.92563 0.976261 0.928722 0.976711 0.927317 0.972482 0.935765 0.802447 0.934129 0.804788 0.938063 0.804808 0.622264 0.957953 0.623734 0.95678 0.623301 0.966926 0.623301 0.966926 0.622088 0.966542 0.622264 0.957953 0.623301 0.966926 0.623734 0.95678 0.626198 0.958027 0.626198 0.958027 0.626016 0.966615 0.623301 0.966926 0.682263 0.596266 0.676213 0.598881 0.676948 0.601382 0.676213 0.598881 0.682263 0.596266 0.682025 0.592954 0.929186 0.783625 0.926419 0.776491 0.928992 0.775626 0.928992 0.775626 0.93203 0.784399 0.929186 0.783625 0.926419 0.776491 0.929186 0.783625 0.926214 0.779957 0.623301 0.966926 0.626016 0.966615 0.628162 0.974257 0.628162 0.974257 0.626057 0.975809 0.623301 0.966926 0.928722 0.961937 0.924299 0.967138 0.927109 0.966203 0.924299 0.967138 0.928722 0.961937 0.92649 0.961146 0.682025 0.592954 0.682263 0.596266 0.685288 0.588238 0.682025 0.592954 0.680737 0.58468 0.679939 0.590806 0.680737 0.58468 0.682025 0.592954 0.68321 0.584453 0.981393 0.876806 0.981174 0.882566 0.983895 0.877668 0.981174 0.882566 0.981393 0.876806 0.977909 0.88184 0.929186 0.783625 0.929786 0.79113 0.927286 0.788226 0.702049 0.977083 0.699828 0.978263 0.697511 0.971094 0.697511 0.971094 0.700507 0.972511 0.702049 0.977083 0.68321 0.584453 0.685288 0.588238 0.684471 0.581597 0.927286 0.788226 0.929786 0.79113 0.924809 0.797643 0.924809 0.797643 0.924025 0.79544 0.927286 0.788226 0.977498 0.889183 0.981174 0.882566 0.977909 0.88184 0.981174 0.882566 0.977498 0.889183 0.980016 0.889947 0.927607 0.798513 0.924809 0.797643 0.929786 0.79113 0.68054 0.576163 0.68321 0.584453 0.684471 0.581597 0.68321 0.584453 0.68054 0.576163 0.679678 0.578616 0.679678 0.578616 0.680737 0.58468 0.68321 0.584453 0.680737 0.58468 0.679678 0.578616 0.678544 0.580841 0.915074 0.802351 0.924025 0.79544 0.924809 0.797643 0.924809 0.797643 0.917406 0.80384 0.915074 0.802351 0.697511 0.971094 0.699643 0.962273 0.700507 0.972511 0.877152 0.912416 0.872478 0.918372 0.873948 0.91177 0.927607 0.798513 0.919365 0.805571 0.924809 0.797643 0.980016 0.889947 0.977498 0.889183 0.978702 0.900752 0.697511 0.971094 0.697301 0.958529 0.699643 0.962273 0.68054 0.576163 0.671502 0.575431 0.679678 0.578616 0.671502 0.575431 0.68054 0.576163 0.672496 0.572883 0.70049 0.956725 0.697301 0.958529 0.699688 0.95355 0.699688 0.95355 0.702049 0.954264 0.70049 0.956725 0.872478 0.918372 0.869294 0.91911 0.873948 0.91177 0.697301 0.958529 0.70049 0.956725 0.699643 0.962273 0.984552 0.718334 0.98692 0.717495 0.984315 0.70967 0.98116 0.900255 0.978702 0.900752 0.983895 0.907091 0.872478 0.918372 0.870526 0.924086 0.869294 0.91911 0.671502 0.575431 0.665344 0.573781 0.66487 0.576967 0.911753 0.800417 0.909444 0.801406 0.904626 0.794326 0.904626 0.794326 0.907243 0.793678 0.911753 0.800417 0.910823 0.805452 0.909444 0.801406 0.915074 0.802351 0.981734 0.704702 0.984315 0.70967 0.984879 0.699258 0.665344 0.573781 0.659909 0.575715 0.659054 0.581657 0.869502 0.939103 0.867399 0.927143 0.870215 0.92891 0.870215 0.92891 0.872055 0.938493 0.869502 0.939103 0.905049 0.799629 0.904626 0.794326 0.909444 0.801406 0.66487 0.576967 0.659054 0.581657 0.658583 0.587009 0.907243 0.793678 0.904626 0.794326 0.903543 0.782139 0.903543 0.782139 0.90634 0.781704 0.907243 0.793678 0.981734 0.704702 0.984879 0.699258 0.983044 0.695445 0.659054 0.581657 0.659909 0.575715 0.654963 0.584052 0.983044 0.695445 0.984879 0.699258 0.98692 0.691768 0.659054 0.581657 0.654963 0.584052 0.655836 0.590025 0.874649 0.946648 0.869502 0.939103 0.872055 0.938493 0.872055 0.938493 0.877152 0.945685 0.874649 0.946648 0.902097 0.792217 0.903543 0.782139 0.904626 0.794326 0.658583 0.587009 0.655836 0.590025 0.657391 0.599348 0.67652 0.899713 0.6738 0.899319 0.671877 0.891184 0.671877 0.891184 0.673937 0.887723 0.67652 0.899713 0.65322 0.602553 0.655836 0.590025 0.653161 0.591106 0.655836 0.590025 0.65322 0.602553 0.656225 0.606516 0.90634 0.781704 0.903543 0.782139 0.906667 0.766456 0.906667 0.766456 0.909565 0.7664 0.90634 0.781704 0.885146 0.892275 0.885373 0.904217 0.882976 0.903634 0.882976 0.903634 0.882521 0.890692 0.885146 0.892275 0.902476 0.775227 0.906667 0.766456 0.903543 0.782139 0.657391 0.599348 0.656225 0.606516 0.660392 0.612287 0.909565 0.7664 0.906667 0.766456 0.915374 0.737482 0.915374 0.737482 0.918159 0.737804 0.909565 0.7664 0.660392 0.612287 0.656225 0.606516 0.670017 0.638054 0.671712 0.879267 0.675694 0.853729 0.673937 0.887723 0.656225 0.606516 0.656508 0.615314 0.668307 0.639559 0.918159 0.737804 0.915374 0.737482 0.923724 0.706098 0.923724 0.706098 0.926337 0.707026 0.918159 0.737804 0.913623 0.737197 0.915374 0.737482 0.906667 0.766456 0.882521 0.890692 0.879504 0.865002 0.882053 0.865591 0.915374 0.737482 0.913623 0.737197 0.921919 0.706058 0.921919 0.706058 0.923724 0.706098 0.915374 0.737482 0.677275 0.666916 0.670017 0.638054 0.668307 0.639559 0.670017 0.638054 0.677275 0.666916 0.679238 0.666197 0.673669 0.842082 0.67652 0.826473 0.675694 0.853729 0.668307 0.639559 0.669758 0.651397 0.677275 0.666916 0.879603 0.837471 0.882053 0.865591 0.879504 0.865002 0.879504 0.865002 0.87716 0.837981 0.879603 0.837471 0.928967 0.687612 0.926337 0.707026 0.923724 0.706098 0.923724 0.706098 0.926717 0.679969 0.928967 0.687612 0.926717 0.679969 0.923724 0.706098 0.921919 0.706058 0.921919 0.706058 0.924432 0.687495 0.926717 0.679969 0.675234 0.811915 0.67652 0.826473 0.673858 0.823171 0.673858 0.823171 0.671912 0.806931 0.675234 0.811915 0.675523 0.670965 0.679983 0.684144 0.677275 0.666916 0.679983 0.684144 0.675523 0.670965 0.677925 0.690955 0.677275 0.666916 0.682459 0.690651 0.679238 0.666197 0.682459 0.690651 0.677275 0.666916 0.679983 0.684144 0.879603 0.837471 0.87716 0.837981 0.877814 0.82242 0.877814 0.82242 0.880944 0.816849 0.879603 0.837471 0.890551 0.612542 0.911527 0.627169 0.911076 0.629524 0.911076 0.629524 0.889384 0.614408 0.890551 0.612542 0.926717 0.679969 0.929384 0.670429 0.928967 0.687612 0.671912 0.806931 0.672774 0.800339 0.675234 0.811915 0.679983 0.684144 0.677925 0.690955 0.6804 0.700013 0.877814 0.82242 0.880004 0.809769 0.880944 0.816849 0.924835 0.67113 0.925261 0.658326 0.926717 0.679969 0.682459 0.690651 0.6804 0.700013 0.680848 0.712388 0.925261 0.658326 0.927638 0.657501 0.929384 0.670429 0.956178 0.88961 0.956598 0.881288 0.952719 0.894395 0.6804 0.700013 0.676428 0.711315 0.677271 0.718151 0.969151 0.87599 0.96556 0.866976 0.967979 0.867193 0.921979 0.653702 0.919101 0.641502 0.925261 0.658326 0.680848 0.712388 0.677271 0.718151 0.674127 0.731178 0.919101 0.641502 0.918099 0.634603 0.924094 0.646194 0.954306 0.905493 0.952719 0.894395 0.951902 0.919064 0.766857 0.853347 0.766857 0.881004 0.765003 0.866625 0.963319 0.856582 0.962077 0.842986 0.965041 0.850622 0.911236 0.633032 0.911076 0.629524 0.919101 0.641502 0.674127 0.731178 0.665562 0.742432 0.665385 0.745925 0.960985 0.833824 0.962499 0.830874 0.962077 0.842986 0.962077 0.842986 0.962499 0.830874 0.964575 0.834296 0.964575 0.834296 0.962499 0.830874 0.966921 0.797027 0.966921 0.797027 0.969151 0.7993 0.964575 0.834296 0.957917 0.962385 0.961707 0.959149 0.959121 0.958907 0.961707 0.959149 0.957917 0.962385 0.960335 0.962956 0.961707 0.959149 0.951902 0.919064 0.959121 0.958907 0.665562 0.742432 0.636395 0.767857 0.638989 0.768665 0.678142 0.969432 0.678142 0.97361 0.676391 0.971527 0.966921 0.797027 0.968951 0.79585 0.969151 0.7993 0.886814 0.615624 0.886189 0.610685 0.887774 0.611716 0.636395 0.767857 0.638316 0.773733 0.638989 0.768665 0.638316 0.773733 0.636395 0.767857 0.635705 0.773497 0.97935 0.797078 0.982587 0.798682 0.981224 0.79585 0.982587 0.798682 0.97935 0.797078 0.980109 0.798879 0.639993 0.772138 0.638989 0.768665 0.638316 0.773733 0.984258 0.78785 0.981988 0.792037 0.980612 0.785253 0.951033 0.806387 0.948373 0.810622 0.947267 0.806737 0.787773 0.949162 0.785436 0.951956 0.787773 0.953059 0.785436 0.951956 0.787773 0.949162 0.785349 0.949647 0.89085 0.606452 0.890649 0.609513 0.887774 0.611716 0.639993 0.772138 0.64337 0.776124 0.643143 0.773206 0.977343 0.819647 0.982587 0.798682 0.980109 0.798879 0.982587 0.798682 0.977343 0.819647 0.97995 0.818388 0.984258 0.78785 0.984082 0.792861 0.981988 0.792037 0.948373 0.810622 0.94598 0.811816 0.947267 0.806737 0.902645 0.619037 0.890649 0.609513 0.89085 0.606452 0.89085 0.606452 0.905961 0.618066 0.902645 0.619037 0.905961 0.618066 0.89085 0.606452 0.893815 0.605888 0.893815 0.605888 0.907144 0.616383 0.905961 0.618066 0.94598 0.811816 0.948373 0.810622 0.951033 0.835586 0.951033 0.835586 0.948442 0.833957 0.94598 0.811816 0.64337 0.776124 0.656202 0.759367 0.643143 0.773206 0.656202 0.759367 0.64337 0.776124 0.659804 0.759069 0.643143 0.773206 0.655103 0.757062 0.641331 0.771624 0.655103 0.757062 0.643143 0.773206 0.656202 0.759367 0.926579 0.602272 0.917519 0.617478 0.916133 0.615921 0.916133 0.615921 0.924577 0.602166 0.926579 0.602272 0.905961 0.618066 0.908956 0.621068 0.902645 0.619037 0.656202 0.759367 0.659804 0.759069 0.66307 0.755002 0.70989 0.919445 0.707079 0.924088 0.706895 0.919003 0.951033 0.835586 0.947747 0.841399 0.948442 0.833957 0.905961 0.618066 0.916133 0.615921 0.908956 0.621068 0.66307 0.755002 0.659804 0.759069 0.670859 0.757341 0.707079 0.924088 0.705461 0.92967 0.702866 0.929418 0.948392 0.84798 0.946075 0.847016 0.947747 0.841399 0.916133 0.615921 0.917519 0.617478 0.908956 0.621068 0.66307 0.755002 0.670859 0.757341 0.672379 0.755293 0.705461 0.92967 0.706737 0.94653 0.702866 0.929418 0.670859 0.757341 0.668805 0.758592 0.678541 0.769486 0.917519 0.617478 0.926579 0.602272 0.928323 0.605035 0.670859 0.757341 0.682207 0.76677 0.672379 0.755293 0.682207 0.76677 0.670859 0.757341 0.68003 0.767628 0.875391 0.971964 0.87236 0.967623 0.874506 0.96602 0.874506 0.96602 0.877152 0.970199 0.875391 0.971964 0.970873 0.926858 0.972856 0.942321 0.97352 0.925376 0.926579 0.602272 0.930938 0.597765 0.928323 0.605035 0.706737 0.94653 0.706053 0.952975 0.704075 0.945311 0.68003 0.767628 0.678541 0.769486 0.682994 0.77503 0.970873 0.926858 0.97352 0.925376 0.972181 0.92019 0.927316 0.593553 0.92942 0.590598 0.926579 0.602272 0.682207 0.76677 0.682994 0.77503 0.685288 0.777128 0.92942 0.590598 0.93203 0.590008 0.930938 0.597765 0.972181 0.92019 0.976403 0.915802 0.974554 0.914494 0.990888 0.750401 0.990391 0.747461 0.986561 0.754759 0.682994 0.77503 0.680636 0.779234 0.682127 0.784785 0.92942 0.590598 0.930811 0.58214 0.93203 0.590008 0.937289 0.960332 0.934719 0.954696 0.939768 0.959956 0.92942 0.590598 0.927176 0.580046 0.930811 0.58214 0.934719 0.954696 0.936541 0.951601 0.939768 0.959956 0.990888 0.750401 0.986561 0.754759 0.988678 0.758241 0.682127 0.784785 0.680636 0.779234 0.677638 0.788456 0.682127 0.784785 0.677638 0.788456 0.675848 0.794696 0.682827 0.788305 0.682127 0.784785 0.675848 0.794696 0.926099 0.582325 0.920738 0.572883 0.927176 0.580046 0.682827 0.788305 0.675848 0.794696 0.675823 0.79774 0.988678 0.758241 0.986561 0.754759 0.986288 0.766264 0.932446 0.939322 0.934197 0.937326 0.933399 0.945877 0.933399 0.945877 0.934197 0.937326 0.936145 0.939543 0.988823 0.765783 0.986288 0.766264 0.990888 0.773217 0.639483 0.97359 0.641353 0.971898 0.638408 0.966352 0.877152 0.947464 0.87132 0.953407 0.874112 0.947796 0.990888 0.773217 0.986288 0.766264 0.98892 0.774729 0.639483 0.97359 0.638408 0.966352 0.635705 0.965953 0.934197 0.937326 0.93648 0.930018 0.936145 0.939543 0.913088 0.576514 0.912298 0.574307 0.920738 0.572883 0.675823 0.79774 0.667494 0.797068 0.666647 0.799522 0.873383 0.95613 0.874506 0.96602 0.87083 0.959278 0.915656 0.577803 0.912202 0.584482 0.913088 0.576514 0.635705 0.965953 0.638408 0.966352 0.639789 0.958955 0.662602 0.798716 0.666647 0.799522 0.661714 0.792419 0.912202 0.584482 0.909459 0.584126 0.913088 0.576514 0.635705 0.965953 0.639789 0.958955 0.63744 0.957818 0.874506 0.96602 0.87236 0.967623 0.87083 0.959278 0.662602 0.798716 0.661714 0.792419 0.659036 0.791743 0.907869 0.590069 0.907753 0.583311 0.909459 0.584126 0.909459 0.584126 0.909896 0.589851 0.907869 0.590069 0.909896 0.589851 0.909459 0.584126 0.912202 0.584482 0.912202 0.584482 0.91219 0.587765 0.909896 0.589851 0.639789 0.958955 0.64041 0.954706 0.63744 0.957818 0.64041 0.954706 0.639789 0.958955 0.641353 0.956924 0.663565 0.79098 0.661849 0.78576 0.661714 0.792419 0.661849 0.78576 0.663565 0.79098 0.664035 0.785213 0.661714 0.792419 0.659462 0.784352 0.659036 0.791743 0.659462 0.784352 0.661714 0.792419 0.661849 0.78576 0.962523 0.963978 0.964912 0.958679 0.966592 0.960293 0.966592 0.960293 0.965378 0.963044 0.962523 0.963978 0.91219 0.587765 0.914388 0.59082 0.909896 0.589851 0.991623 0.796305 0.989559 0.800019 0.988764 0.79585 0.744242 0.961266 0.741704 0.961059 0.743412 0.96873 0.659462 0.784352 0.661849 0.78576 0.666361 0.779375 0.909896 0.589851 0.918102 0.594094 0.912015 0.594997 0.666361 0.779375 0.664035 0.785213 0.672977 0.777968 0.743412 0.96873 0.741108 0.969826 0.74187 0.97713 0.665075 0.777516 0.666361 0.779375 0.670787 0.774018 0.918102 0.594094 0.917755 0.596697 0.912015 0.594997 0.666361 0.779375 0.672977 0.777968 0.672604 0.775549 0.903206 0.894266 0.912195 0.893438 0.903669 0.897018 0.718127 0.977439 0.720587 0.976928 0.719062 0.968144 0.990503 0.776102 0.988537 0.786801 0.988099 0.775545 0.802109 0.892047 0.801118 0.894222 0.810645 0.894796 0.903669 0.897018 0.914227 0.895784 0.913785 0.897889 0.810645 0.894796 0.80184 0.896694 0.810979 0.897371 0.914227 0.895784 0.921856 0.891714 0.913785 0.897889 0.810645 0.894796 0.810979 0.897371 0.81747 0.901855 0.917697 0.889505 0.919618 0.891167 0.914227 0.895784 0.716524 0.96715 0.720587 0.963193 0.718565 0.962398 0.890337 0.959607 0.89016 0.955686 0.88755 0.960409 0.816653 0.896153 0.81747 0.901855 0.820324 0.902517 0.919618 0.891167 0.92094 0.884788 0.921856 0.891714 0.81747 0.901855 0.815515 0.902713 0.816476 0.910571 0.92094 0.884788 0.923483 0.882834 0.921856 0.891714 0.81747 0.901855 0.816476 0.910571 0.818619 0.912815 0.888618 0.97025 0.88755 0.960409 0.886189 0.97056 0.820324 0.902517 0.818619 0.912815 0.820944 0.912742 0.92094 0.884788 0.916761 0.881237 0.923483 0.882834 0.990144 0.594132 0.987619 0.595255 0.989289 0.588715 0.989289 0.588715 0.991018 0.59079 0.990144 0.594132 0.887875 0.97718 0.888618 0.97025 0.886189 0.97056 0.888618 0.97025 0.887875 0.97718 0.890337 0.976654 0.818619 0.912815 0.816476 0.910571 0.812748 0.915335 0.976403 0.978064 0.971806 0.973247 0.974136 0.978774 0.971806 0.973247 0.976403 0.978064 0.974192 0.972551 0.912671 0.876806 0.919165 0.877071 0.918953 0.879636 0.918953 0.879636 0.911247 0.879669 0.912671 0.876806 0.974192 0.972551 0.971552 0.966554 0.971806 0.973247 0.971552 0.966554 0.974192 0.972551 0.974124 0.964706 0.965378 0.963044 0.965089 0.972046 0.962523 0.963978 0.848502 0.975709 0.851396 0.969691 0.851396 0.977711 0.679073 0.919826 0.685288 0.914677 0.684182 0.912603 0.685288 0.914677 0.679073 0.919826 0.681652 0.920364 0.911247 0.879669 0.904171 0.878651 0.912671 0.876806 0.965089 0.972046 0.963501 0.977665 0.962523 0.963978 0.601051 0.9530001 0.601051 0.967093 0.599177 0.961426 0.971552 0.966554 0.974124 0.964706 0.972697 0.958408 0.902906 0.883945 0.900645 0.883229 0.911247 0.879669 0.807907 0.917747 0.800796 0.913074 0.798805 0.914161 0.900645 0.883229 0.898082 0.881825 0.904171 0.878651 0.972697 0.958408 0.976403 0.954897 0.974768 0.953092 0.902906 0.883945 0.893711 0.892791 0.900645 0.883229 0.801065 0.909734 0.79307 0.902774 0.800796 0.913074 0.79307 0.902774 0.801065 0.909734 0.795621 0.901912 0.849863 0.938797 0.852516 0.931882 0.85443 0.933352 0.85443 0.933352 0.852198 0.939711 0.849863 0.938797 0.798805 0.914161 0.800796 0.913074 0.79307 0.902774 0.893711 0.892791 0.891716 0.892285 0.900645 0.883229 0.798805 0.914161 0.79307 0.902774 0.791322 0.903568 0.891716 0.892285 0.888297 0.900714 0.889477 0.890588 0.681652 0.920364 0.679073 0.919826 0.680074 0.9264 0.79307 0.902774 0.795621 0.901912 0.793619 0.895324 0.769679 0.935058 0.770131 0.924627 0.772242 0.934364 0.893711 0.892791 0.89101 0.899923 0.888297 0.900714 0.788601 0.89332 0.79307 0.902774 0.790936 0.894087 0.76633 0.924593 0.767848 0.912915 0.767628 0.924986 0.679601 0.936208 0.677281 0.928029 0.677348 0.939311 0.718178 0.847507 0.716441 0.856848 0.718178 0.860441 0.767628 0.924986 0.767848 0.912915 0.770131 0.924627 0.892186 0.907893 0.889925 0.909356 0.888297 0.900714 0.788601 0.89332 0.792192 0.884038 0.79027 0.882396 0.679601 0.936208 0.677348 0.939311 0.681658 0.945485 0.746399 0.957849 0.74983 0.958584 0.746708 0.951959 0.770623 0.912104 0.767848 0.912915 0.770394 0.903815 0.770394 0.903815 0.773032 0.904158 0.770623 0.912104 0.848502 0.948709 0.849863 0.938797 0.852198 0.939711 0.852198 0.939711 0.850991 0.948997 0.848502 0.948709 0.892186 0.907893 0.897769 0.911936 0.894899 0.913403 0.794708 0.876941 0.792192 0.884038 0.797157 0.878542 0.773032 0.904158 0.770394 0.903815 0.774853 0.89573 0.774853 0.89573 0.777232 0.896719 0.773032 0.904158 0.68316 0.953537 0.681658 0.945485 0.679841 0.947545 0.681658 0.945485 0.68316 0.953537 0.685288 0.952254 0.897769 0.911936 0.904737 0.913784 0.903206 0.915862 0.746708 0.951959 0.743158 0.943043 0.744016 0.950801 0.743158 0.943043 0.746708 0.951959 0.745669 0.943403 0.849828 0.958513 0.848502 0.948709 0.850991 0.948997 0.850991 0.948997 0.85443 0.968282 0.849828 0.958513 0.801992 0.873202 0.797157 0.878542 0.803262 0.875671 0.801992 0.873202 0.811361 0.872493 0.802651 0.871083 0.811361 0.872493 0.801992 0.873202 0.819455 0.877692 0.904116 0.911053 0.912664 0.909324 0.904737 0.913784 0.743158 0.943043 0.745669 0.943403 0.747261 0.935186 0.670663 0.866464 0.669164 0.864048 0.667542 0.866331 0.669164 0.864048 0.670663 0.866464 0.670663 0.86292 0.904737 0.913784 0.923234 0.90906 0.923483 0.910955 0.819455 0.877692 0.803262 0.875671 0.819165 0.880101 0.912664 0.909324 0.922467 0.906217 0.923234 0.90906 0.747246 0.925591 0.747261 0.935186 0.74983 0.926127 0.979562 0.913332 0.977825 0.91006 0.977498 0.91275 0.977825 0.91006 0.979562 0.913332 0.981872 0.909807 0.607936 0.972792 0.609996 0.975317 0.609996 0.972544 0.609996 0.975317 0.607936 0.972792 0.607042 0.975308 0.98712 0.888014 0.984711 0.887818 0.985566 0.872487 0.985566 0.872487 0.988003 0.871927 0.98712 0.888014 0.965173 0.79226 0.965173 0.794984 0.962575 0.792724 0.817297 0.870267 0.818304 0.866453 0.815765 0.867553 0.609996 0.975317 0.607042 0.975308 0.608018 0.977543 0.839179 0.870237 0.844389 0.863779 0.841086 0.86945 0.814576 0.868936 0.815765 0.867553 0.811003 0.86437 0.839179 0.870237 0.848907 0.849501 0.844389 0.863779 0.811003 0.86437 0.815765 0.867553 0.80582 0.851227 0.844389 0.863779 0.850543 0.850188 0.852821 0.851688 0.985377 0.900058 0.984711 0.887818 0.98712 0.888014 0.80582 0.851227 0.814755 0.86164 0.807985 0.850026 0.616171 0.8253 0.617898 0.837441 0.618574 0.824953 0.798074 0.838643 0.80582 0.851227 0.807985 0.850026 0.80582 0.851227 0.798074 0.838643 0.795433 0.839258 0.852821 0.851688 0.850543 0.850188 0.860656 0.833965 0.860656 0.833965 0.863477 0.834489 0.852821 0.851688 0.617469 0.807857 0.616171 0.8253 0.618574 0.824953 0.616171 0.8253 0.617469 0.807857 0.615045 0.807227 0.858493 0.834234 0.860656 0.833965 0.850543 0.850188 0.804181 0.852672 0.795433 0.839258 0.793216 0.839921 0.988003 0.871927 0.985566 0.872487 0.984733 0.863493 0.984733 0.863493 0.987303 0.864016 0.988003 0.871927 0.79339 0.829464 0.795433 0.839258 0.798074 0.838643 0.795433 0.839258 0.79339 0.829464 0.791285 0.831245 0.863477 0.834489 0.860656 0.833965 0.864197 0.824172 0.864197 0.824172 0.866926 0.824378 0.863477 0.834489 0.618574 0.799566 0.615045 0.807227 0.617469 0.807857 0.615045 0.807227 0.618574 0.799566 0.616328 0.798831 0.862202 0.825134 0.864197 0.824172 0.860656 0.833965 0.793216 0.839921 0.791285 0.831245 0.789211 0.831101 0.866926 0.824378 0.864197 0.824172 0.864304 0.811875 0.864304 0.811875 0.866926 0.811486 0.866926 0.824378 0.862202 0.825134 0.862598 0.814111 0.864197 0.824172 0.789211 0.831101 0.791285 0.831245 0.790436 0.819745 0.66614 0.943596 0.670326 0.952446 0.667924 0.953241 0.667924 0.953241 0.663581 0.943825 0.66614 0.943596 0.862598 0.814111 0.864304 0.811875 0.864197 0.824172 0.789211 0.831101 0.790436 0.819745 0.788601 0.818126 0.866926 0.811486 0.864304 0.811875 0.860812 0.805183 0.860812 0.805183 0.861693 0.802922 0.866926 0.811486 0.862598 0.814111 0.85873 0.80652 0.864304 0.811875 0.788601 0.818126 0.790436 0.819745 0.794069 0.810014 0.665311 0.934416 0.66614 0.943596 0.663581 0.943825 0.663581 0.943825 0.662835 0.931143 0.665311 0.934416 0.85873 0.80652 0.860812 0.805183 0.864304 0.811875 0.788601 0.818126 0.794069 0.810014 0.791892 0.80951 0.843798 0.809667 0.846559 0.810525 0.842393 0.818403 0.842393 0.818403 0.839709 0.817897 0.843798 0.809667 0.765424 0.922616 0.762399 0.926079 0.761713 0.922726 0.985809 0.960975 0.983314 0.962584 0.986699 0.967316 0.794069 0.810014 0.795829 0.812034 0.799498 0.807695 0.662835 0.931143 0.666092 0.92666 0.665311 0.934416 0.85873 0.80652 0.850498 0.804278 0.856342 0.802077 0.796321 0.804267 0.794069 0.810014 0.802375 0.804035 0.762399 0.926079 0.760219 0.934165 0.758737 0.928561 0.986699 0.967316 0.986328 0.974144 0.989007 0.973537 0.791481 0.971437 0.796065 0.975319 0.793857 0.97027 0.664733 0.922069 0.669261 0.91774 0.666092 0.92666 0.760219 0.934165 0.75775 0.93388 0.758737 0.928561 0.664733 0.922069 0.666939 0.917046 0.669261 0.91774 0.851566 0.806664 0.846559 0.810525 0.850498 0.804278 0.791481 0.971437 0.793857 0.97027 0.793733 0.963708 0.846559 0.810525 0.843798 0.809667 0.850498 0.804278 0.791481 0.971437 0.793733 0.963708 0.79143 0.962561 0.760219 0.934165 0.761679 0.944965 0.758182 0.940892 0.810654 0.802006 0.803944 0.801362 0.811695 0.805859 0.761679 0.944965 0.759681 0.947241 0.758182 0.940892 0.810654 0.802006 0.811695 0.805859 0.814852 0.805872 0.796065 0.956234 0.79143 0.962561 0.793733 0.963708 0.79143 0.962561 0.796065 0.956234 0.793981 0.955005 0.759681 0.947241 0.761679 0.944965 0.765424 0.953161 0.765424 0.953161 0.762726 0.953735 0.759681 0.947241 0.816107 0.814297 0.814852 0.805872 0.811695 0.805859 0.814852 0.805872 0.816107 0.814297 0.818304 0.81272 0.839709 0.817897 0.8376 0.819286 0.841563 0.809688 0.811695 0.805859 0.813927 0.813735 0.816107 0.814297 0.840843 0.823535 0.839709 0.817897 0.842393 0.818403 0.842393 0.818403 0.843428 0.823151 0.840843 0.823535 0.839709 0.817897 0.840843 0.823535 0.8376 0.819286 0.755453 0.975215 0.753342 0.976496 0.751133 0.971255 0.751133 0.971255 0.753615 0.970704 0.755453 0.975215 0.840843 0.823535 0.843428 0.823151 0.846274 0.825644 0.846274 0.825644 0.843821 0.826207 0.840843 0.823535 0.816107 0.814297 0.813927 0.813735 0.812992 0.820208 0.94479 0.858904 0.941223 0.863055 0.943315 0.868716 0.817864 0.820116 0.816107 0.814297 0.813234 0.82474 0.943315 0.868716 0.941223 0.863055 0.940966 0.868765 0.817864 0.820116 0.813234 0.82474 0.81549 0.825324 0.753176 0.965413 0.753615 0.970704 0.751133 0.971255 0.751133 0.971255 0.750646 0.965673 0.753176 0.965413 0.851928 0.827374 0.845898 0.830924 0.845156 0.828635 0.845156 0.828635 0.850094 0.825434 0.851928 0.827374 0.943315 0.868716 0.940966 0.868765 0.942048 0.874544 0.747689 0.97814 0.74983 0.977654 0.745545 0.974539 0.843821 0.826207 0.845156 0.828635 0.84077 0.827842 0.813234 0.82474 0.810065 0.82434 0.808798 0.827497 0.843821 0.826207 0.847959 0.824599 0.845156 0.828635 0.808798 0.827497 0.810065 0.82434 0.80578 0.824449 0.747964 0.973328 0.745711 0.966835 0.745545 0.974539 0.745711 0.966835 0.747964 0.973328 0.748272 0.966907 0.990853 0.60604 0.990344 0.611702 0.987909 0.609728 0.752292 0.961496 0.755453 0.961388 0.753176 0.965413 0.856981 0.821812 0.851928 0.827374 0.850094 0.825434 0.850094 0.825434 0.854765 0.820252 0.856981 0.821812 0.847959 0.824599 0.853869 0.818444 0.850094 0.825434 0.803635 0.826268 0.80578 0.824449 0.799506 0.820518 0.748272 0.966907 0.74737 0.9594 0.745711 0.966835 0.74737 0.9594 0.748272 0.966907 0.74983 0.960019 0.990344 0.611702 0.990853 0.6178 0.98843 0.618046 0.799506 0.820518 0.806077 0.822295 0.801563 0.819157 0.940821 0.800394 0.944939 0.79226 0.940827 0.79236 0.944939 0.79226 0.940821 0.800394 0.942574 0.802825 0.906038 0.964109 0.909705 0.971375 0.904725 0.972724 0.904725 0.972724 0.903199 0.963255 0.906038 0.964109 0.944939 0.79226 0.942574 0.802825 0.944939 0.801993 0.965816 0.777647 0.96265 0.778816 0.960855 0.76809 0.960855 0.76809 0.963163 0.767963 0.965816 0.777647 0.963163 0.767963 0.965518 0.766809 0.965816 0.777647 0.903199 0.963255 0.902003 0.963325 0.902883 0.956918 0.902883 0.956918 0.905633 0.957172 0.903199 0.963255 0.990445 0.72545 0.991112 0.71915 0.987824 0.727413 0.906038 0.964109 0.905633 0.957172 0.907488 0.96107 0.907488 0.96107 0.905633 0.957172 0.909627 0.953552 0.909627 0.953552 0.909705 0.956269 0.907488 0.96107 0.960855 0.76809 0.960132 0.764705 0.963163 0.767963 0.671545 0.958509 0.672361 0.954752 0.675575 0.955625 0.675575 0.955625 0.673881 0.959686 0.671545 0.958509 0.907001 0.952296 0.909627 0.953552 0.905633 0.957172 0.95635 0.76597 0.960132 0.764705 0.960855 0.76809 0.960855 0.76809 0.957262 0.768071 0.95635 0.76597 0.723482 0.773453 0.729473 0.775702 0.724202 0.770902 0.729473 0.775702 0.723482 0.773453 0.729249 0.779035 0.863522 0.978605 0.866582 0.979016 0.865127 0.974883 0.960525 0.769084 0.957516 0.771906 0.957262 0.768071 0.724202 0.770902 0.731849 0.774656 0.725462 0.769332 0.731849 0.774656 0.724202 0.770902 0.729473 0.775702 0.67117 0.968066 0.671545 0.958509 0.673881 0.959686 0.673881 0.959686 0.673723 0.967767 0.67117 0.968066 0.951843 0.772941 0.95635 0.76597 0.957262 0.768071 0.957262 0.768071 0.952364 0.776012 0.951843 0.772941 0.732456 0.783564 0.731849 0.774656 0.729473 0.775702 0.731849 0.774656 0.732456 0.783564 0.735125 0.784209 0.729473 0.775702 0.729249 0.779035 0.732456 0.783564 0.67117 0.968066 0.673723 0.967767 0.675575 0.974852 0.675575 0.974852 0.673548 0.97629 0.67117 0.968066 0.866582 0.964471 0.862143 0.969653 0.864912 0.968706 0.862143 0.969653 0.866582 0.964471 0.864413 0.963706 0.952364 0.776012 0.949735 0.781786 0.951843 0.772941 0.952364 0.776012 0.954806 0.778151 0.954608 0.784309 0.954608 0.784309 0.952015 0.784587 0.952364 0.776012 0.984298 0.572883 0.984227 0.578645 0.986802 0.573726 0.984227 0.578645 0.984298 0.572883 0.980922 0.577941 0.732456 0.783564 0.730406 0.787486 0.732935 0.790696 0.668921 0.974462 0.666571 0.975359 0.66513 0.967905 0.66513 0.967905 0.667932 0.969698 0.668921 0.974462 0.952015 0.784587 0.951092 0.787804 0.949735 0.781786 0.730406 0.787486 0.727737 0.795963 0.732935 0.790696 0.727737 0.795963 0.730406 0.787486 0.72689 0.793556 0.980612 0.585283 0.984227 0.578645 0.980922 0.577941 0.984227 0.578645 0.980612 0.585283 0.983132 0.586028 0.730356 0.79669 0.732935 0.790696 0.727737 0.795963 0.95525 0.791444 0.951092 0.787804 0.952015 0.784587 0.952015 0.784587 0.955837 0.788766 0.95525 0.791444 0.668891 0.967411 0.670326 0.974866 0.668921 0.974462 0.668921 0.974462 0.667932 0.969698 0.668891 0.967411 0.717241 0.797563 0.727737 0.795963 0.72689 0.793556 0.727737 0.795963 0.717241 0.797563 0.719756 0.79975 0.66513 0.967905 0.668543 0.95945 0.667932 0.969698 0.987093 0.603994 0.983937 0.610837 0.983857 0.603925 0.589917 0.952144 0.591896 0.950886 0.585448 0.943938 0.983132 0.586028 0.980612 0.585283 0.981752 0.596824 0.66513 0.967905 0.666808 0.955467 0.668543 0.95945 0.95525 0.791444 0.955837 0.788766 0.965224 0.788187 0.965224 0.788187 0.963059 0.791415 0.95525 0.791444 0.983189 0.616969 0.984524 0.613102 0.985062 0.621477 0.985062 0.621477 0.983772 0.621825 0.983189 0.616969 0.983937 0.610837 0.980612 0.61385 0.983857 0.603925 0.666808 0.955467 0.670326 0.954057 0.668543 0.95945 0.585448 0.943938 0.587951 0.943452 0.586377 0.935163 0.984215 0.596311 0.981752 0.596824 0.986802 0.603109 0.983937 0.610837 0.983189 0.616969 0.980612 0.61385 0.981147 0.622225 0.980612 0.61385 0.983189 0.616969 0.983189 0.616969 0.983772 0.621825 0.981147 0.622225 0.712659 0.799291 0.717241 0.797563 0.711171 0.79489 0.965224 0.788187 0.970671 0.782878 0.969659 0.787747 0.713227 0.793583 0.705977 0.786447 0.711171 0.79489 0.705977 0.786447 0.713227 0.793583 0.708404 0.785629 0.584537 0.929766 0.586377 0.935163 0.588575 0.924763 0.969659 0.787747 0.974831 0.777764 0.974867 0.784682 0.984663 0.631923 0.981147 0.622225 0.983772 0.621825 0.983772 0.621825 0.987093 0.630876 0.984663 0.631923 0.706435 0.791784 0.711171 0.79489 0.705977 0.786447 0.970671 0.782878 0.974793 0.772473 0.974831 0.777764 0.708404 0.785629 0.704811 0.77415 0.705977 0.786447 0.704811 0.77415 0.708404 0.785629 0.70743 0.773597 0.584537 0.929766 0.588575 0.924763 0.587352 0.920644 0.974831 0.777764 0.978743 0.774785 0.974867 0.784682 0.587352 0.920644 0.588575 0.924763 0.591896 0.917535 0.974831 0.777764 0.97709 0.768515 0.978743 0.774785 0.634889 0.90202 0.632263 0.910179 0.629993 0.909515 0.629993 0.909515 0.632442 0.9014 0.634889 0.90202 0.703252 0.783593 0.705977 0.786447 0.704811 0.77415 0.974793 0.772473 0.974804 0.760232 0.97709 0.768515 0.771211 0.785587 0.775762 0.794704 0.773951 0.786138 0.775762 0.794704 0.771211 0.785587 0.773643 0.79856 0.978717 0.756448 0.979795 0.767347 0.97709 0.768515 0.97709 0.768515 0.975162 0.752528 0.978717 0.756448 0.70743 0.773597 0.708181 0.759728 0.704811 0.77415 0.708181 0.759728 0.70743 0.773597 0.711101 0.759239 0.63467 0.889949 0.634889 0.90202 0.632442 0.9014 0.632442 0.9014 0.631911 0.887908 0.63467 0.889949 0.703714 0.766583 0.704811 0.77415 0.708181 0.759728 0.974804 0.760232 0.970844 0.749066 0.975162 0.752528 0.76948 0.847257 0.771335 0.864137 0.772342 0.842101 0.771335 0.864137 0.76948 0.847257 0.768936 0.8703 0.970844 0.749066 0.959548 0.72824 0.975162 0.752528 0.703714 0.766583 0.708181 0.759728 0.717561 0.733992 0.772342 0.842101 0.773643 0.79856 0.76948 0.847257 0.975162 0.752528 0.955248 0.714654 0.959939 0.718537 0.720492 0.718789 0.717561 0.733992 0.726566 0.705776 0.959548 0.72824 0.948417 0.705033 0.955248 0.714654 0.951765 0.699938 0.959939 0.718537 0.955248 0.714654 0.955248 0.714654 0.947188 0.694364 0.951765 0.699938 0.731822 0.688262 0.726566 0.705776 0.728808 0.707343 0.726566 0.705776 0.731822 0.688262 0.729793 0.681059 0.629309 0.834399 0.626822 0.835643 0.627449 0.819182 0.627449 0.819182 0.630605 0.813609 0.629309 0.834399 0.771335 0.864137 0.768936 0.8703 0.7729 0.881007 0.947188 0.694364 0.947734 0.681809 0.951765 0.699938 0.690408 0.602669 0.712931 0.626696 0.713022 0.623531 0.712931 0.626696 0.690408 0.602669 0.689546 0.605133 0.729793 0.681059 0.731822 0.688262 0.732272 0.671528 0.7729 0.881007 0.768936 0.8703 0.771937 0.887837 0.947188 0.694364 0.944308 0.673226 0.947734 0.681809 0.627449 0.819182 0.629567 0.806473 0.630605 0.813609 0.727764 0.671799 0.729793 0.681059 0.728224 0.659365 0.943222 0.682968 0.942783 0.661596 0.944308 0.673226 0.728224 0.659365 0.732272 0.671528 0.73039 0.658298 0.725263 0.808807 0.726394 0.800566 0.721485 0.813353 0.944308 0.673226 0.94561 0.654693 0.947312 0.661797 0.976526 0.874653 0.973216 0.866012 0.975624 0.866198 0.724686 0.653809 0.728224 0.659365 0.721583 0.640941 0.942783 0.661596 0.947383 0.641028 0.94561 0.654693 0.721583 0.640941 0.72657 0.646101 0.720106 0.632865 0.722259 0.824431 0.721485 0.813353 0.718995 0.837717 0.94561 0.654693 0.954378 0.626928 0.951645 0.642444 0.971138 0.855921 0.969968 0.842611 0.972892 0.850068 0.713104 0.630189 0.721583 0.640941 0.712931 0.626696 0.947383 0.641028 0.95423 0.623524 0.954378 0.626928 0.712931 0.626696 0.720106 0.632865 0.713022 0.623531 0.969968 0.842611 0.970323 0.83065 0.972425 0.834017 0.972425 0.834017 0.970323 0.83065 0.974286 0.797013 0.974286 0.797013 0.976526 0.799236 0.972425 0.834017 0.722376 0.880839 0.726394 0.877839 0.723859 0.877453 0.726394 0.877839 0.722376 0.880839 0.724713 0.881542 0.726394 0.877839 0.718995 0.837717 0.723859 0.877453 0.954378 0.626928 0.976856 0.59146 0.979656 0.592126 0.689546 0.605133 0.690408 0.602669 0.687807 0.601983 0.974286 0.797013 0.976333 0.79585 0.976526 0.799236 0.686777 0.605531 0.687807 0.601983 0.686104 0.600493 0.979656 0.592126 0.976856 0.59146 0.977031 0.586357 0.977031 0.586357 0.979795 0.586475 0.979656 0.592126 0.947809 0.930515 0.951086 0.932139 0.949648 0.929295 0.951086 0.932139 0.947809 0.930515 0.94861 0.932322 0.97561 0.588549 0.977031 0.586357 0.976856 0.59146 0.648188 0.973712 0.645674 0.977855 0.644609 0.970998 0.783468 0.948345 0.785222 0.943341 0.787245 0.947277 0.988907 0.909797 0.986558 0.91261 0.988907 0.913678 0.986558 0.91261 0.988907 0.909797 0.986475 0.910312 0.691128 0.597782 0.687807 0.601983 0.69091 0.60072 0.97561 0.588549 0.97257 0.588761 0.972095 0.586063 0.945689 0.95307 0.951086 0.932139 0.94861 0.932322 0.951086 0.932139 0.945689 0.95307 0.948302 0.951826 0.648188 0.973712 0.647659 0.97873 0.645674 0.977855 0.785222 0.943341 0.787531 0.941657 0.787245 0.947277 0.703842 0.613788 0.691128 0.597782 0.69091 0.60072 0.691128 0.597782 0.703842 0.613788 0.707417 0.613863 0.707417 0.613863 0.693927 0.59715 0.691128 0.597782 0.693927 0.59715 0.707417 0.613863 0.708297 0.611585 0.787531 0.941657 0.785222 0.943341 0.778048 0.917531 0.778048 0.917531 0.781069 0.918787 0.787531 0.941657 0.972095 0.586063 0.97257 0.588761 0.961607 0.607094 0.961607 0.607094 0.958269 0.608793 0.972095 0.586063 0.97257 0.588761 0.974707 0.590471 0.963144 0.609774 0.963144 0.609774 0.961607 0.607094 0.97257 0.588761 0.729645 0.604757 0.718382 0.614911 0.719878 0.616873 0.718382 0.614911 0.729645 0.604757 0.727486 0.604032 0.707417 0.613863 0.703842 0.613788 0.710646 0.61774 0.961607 0.607094 0.955582 0.613955 0.958269 0.608793 0.796065 0.918992 0.79298 0.923544 0.793024 0.918564 0.778048 0.917531 0.780351 0.910793 0.781069 0.918787 0.707417 0.613863 0.710646 0.61774 0.718382 0.614911 0.955582 0.613955 0.948096 0.614785 0.958269 0.608793 0.79298 0.923544 0.791204 0.929065 0.788601 0.928837 0.778268 0.90392 0.780905 0.904528 0.780351 0.910793 0.718382 0.614911 0.710646 0.61774 0.719878 0.616873 0.955582 0.613955 0.946858 0.617334 0.948096 0.614785 0.791204 0.929065 0.792605 0.945913 0.788601 0.928837 0.778268 0.90392 0.787531 0.897319 0.780905 0.904528 0.719878 0.616873 0.731128 0.607016 0.729645 0.604757 0.948096 0.614785 0.946858 0.617334 0.936651 0.610244 0.936651 0.610244 0.938609 0.608571 0.948096 0.614785 0.662242 0.97752 0.662201 0.968994 0.65968 0.968713 0.662201 0.968994 0.662242 0.97752 0.664314 0.976182 0.895755 0.929195 0.89779 0.944831 0.898425 0.927687 0.729645 0.604757 0.731128 0.607016 0.733948 0.600691 0.792605 0.945913 0.7921 0.952416 0.789929 0.944719 0.938609 0.608571 0.935178 0.602674 0.940137 0.607126 0.895755 0.929195 0.898425 0.927687 0.897007 0.922446 0.730439 0.596427 0.729645 0.604757 0.732708 0.594183 0.936651 0.610244 0.932847 0.601571 0.935178 0.602674 0.732708 0.594183 0.733948 0.600691 0.735125 0.593417 0.897007 0.922446 0.901187 0.917995 0.89928 0.916678 0.618676 0.973272 0.620392 0.966314 0.620392 0.978521 0.935178 0.602674 0.935115 0.593026 0.937308 0.598648 0.732708 0.594183 0.735125 0.593417 0.73381 0.585316 0.864094 0.962889 0.861728 0.9574 0.866582 0.962503 0.732708 0.594183 0.73381 0.585316 0.730288 0.583128 0.861728 0.9574 0.863612 0.954335 0.866582 0.962503 0.664314 0.954057 0.660026 0.958309 0.662053 0.961682 0.935115 0.593026 0.939284 0.588673 0.937308 0.598648 0.935115 0.593026 0.939608 0.581946 0.939284 0.588673 0.934146 0.589942 0.939608 0.581946 0.935115 0.593026 0.729126 0.585028 0.730288 0.583128 0.723348 0.574102 0.934146 0.589942 0.939846 0.578187 0.939608 0.581946 0.662053 0.961682 0.660026 0.958309 0.65968 0.968713 0.859429 0.942046 0.861248 0.940082 0.860513 0.948665 0.860513 0.948665 0.861248 0.940082 0.863248 0.942314 0.72289 0.577124 0.723348 0.574102 0.715342 0.575057 0.943245 0.581849 0.939608 0.581946 0.947444 0.57545 0.947444 0.57545 0.948892 0.577467 0.943245 0.581849 0.874123 0.868663 0.870749 0.864171 0.87288 0.862512 0.87288 0.862512 0.875826 0.866828 0.874123 0.868663 0.939846 0.578187 0.947444 0.57545 0.939608 0.581946 0.875826 0.843809 0.869591 0.849744 0.872699 0.844153 0.861248 0.940082 0.863349 0.932658 0.863248 0.942314 0.715342 0.575057 0.723348 0.574102 0.714249 0.572883 0.939846 0.578187 0.948258 0.572883 0.947444 0.57545 0.871631 0.852462 0.87288 0.862512 0.869046 0.855674 0.717473 0.576359 0.715342 0.575057 0.713749 0.581843 0.98874 0.657227 0.991207 0.656473 0.990412 0.649405 0.952413 0.572978 0.953502 0.577723 0.948258 0.572883 0.713749 0.581843 0.715342 0.575057 0.711188 0.581637 0.98874 0.657227 0.990412 0.649405 0.987965 0.649026 0.87288 0.862512 0.870749 0.864171 0.869046 0.855674 0.869046 0.855674 0.870749 0.864171 0.868995 0.86289 0.709475 0.586978 0.711188 0.581637 0.709349 0.580309 0.711188 0.581637 0.709475 0.586978 0.711658 0.587388 0.711658 0.587388 0.713749 0.581843 0.711188 0.581637 0.713749 0.581843 0.711658 0.587388 0.713737 0.585062 0.990412 0.649405 0.989675 0.645419 0.987965 0.649026 0.989675 0.645419 0.990412 0.649405 0.991207 0.647151 0.951902 0.579824 0.953502 0.577723 0.953972 0.58413 0.953972 0.58413 0.95198 0.585514 0.951902 0.579824 0.953502 0.577723 0.956369 0.57823 0.956631 0.585449 0.956631 0.585449 0.953972 0.58413 0.953502 0.577723 0.982033 0.723983 0.987008 0.72104 0.985664 0.71915 0.987008 0.72104 0.982033 0.723983 0.985152 0.723556 0.713737 0.585062 0.711658 0.587388 0.716106 0.588742 0.991633 0.863938 0.989545 0.867629 0.98882 0.863493 0.670663 0.846231 0.668119 0.846024 0.669786 0.853703 0.956631 0.585449 0.950328 0.591994 0.953972 0.58413 0.711658 0.587388 0.713943 0.5931 0.720506 0.594101 0.950328 0.591994 0.944273 0.595936 0.95198 0.585514 0.669786 0.853703 0.667489 0.854798 0.668294 0.862104 0.951999 0.594176 0.946976 0.599757 0.950328 0.591994 0.720506 0.594101 0.713943 0.5931 0.720132 0.596549 0.950328 0.591994 0.944837 0.598097 0.944273 0.595936 0.599281 0.889509 0.607341 0.889259 0.600093 0.89188 0.989256 0.675988 0.991721 0.675488 0.990275 0.666689 0.685288 0.954946 0.683113 0.965797 0.682844 0.954353 0.770464 0.971305 0.773507 0.969209 0.773507 0.977624 0.600093 0.89188 0.609558 0.891273 0.609165 0.893787 0.942736 0.902488 0.942853 0.905358 0.935219 0.905024 0.609558 0.891273 0.616401 0.886963 0.609165 0.893787 0.942736 0.902488 0.948043 0.910104 0.942853 0.905358 0.612275 0.884943 0.614394 0.886113 0.609558 0.891273 0.987738 0.665683 0.991721 0.661761 0.989672 0.660961 0.811954 0.95904 0.81191 0.955115 0.809153 0.959836 0.948367 0.904416 0.951086 0.911418 0.948043 0.910104 0.614394 0.886113 0.615579 0.878472 0.616401 0.886963 0.948043 0.910104 0.946713 0.919981 0.946354 0.911165 0.615579 0.878472 0.61786 0.876308 0.616401 0.886963 0.948043 0.910104 0.948382 0.922409 0.946713 0.919981 0.810138 0.969684 0.809153 0.959836 0.807715 0.969988 0.951086 0.911418 0.951023 0.92292 0.948382 0.922409 0.615579 0.878472 0.611831 0.873807 0.61786 0.876308 0.815139 0.96438 0.81285 0.966151 0.81277 0.959028 0.81277 0.959028 0.815118 0.960736 0.815139 0.96438 0.809495 0.976611 0.810138 0.969684 0.807715 0.969988 0.810138 0.969684 0.809495 0.976611 0.811954 0.976091 0.948382 0.922409 0.943315 0.925532 0.946713 0.919981 0.702049 0.951555 0.699871 0.952734 0.696562 0.947574 0.696562 0.947574 0.698857 0.946387 0.702049 0.951555 0.607768 0.869088 0.61359 0.869956 0.613797 0.872042 0.613797 0.872042 0.606887 0.871434 0.607768 0.869088 0.698857 0.946387 0.696562 0.947574 0.695021 0.940829 0.695021 0.940829 0.69727 0.938435 0.698857 0.946387 0.985152 0.723556 0.982033 0.723983 0.98318 0.732654 0.81277 0.959028 0.817949 0.955639 0.815118 0.960736 0.984849 0.746645 0.983692 0.73945 0.980612 0.73815 0.983692 0.73945 0.984849 0.746645 0.987008 0.745395 0.606887 0.871434 0.600146 0.870614 0.607768 0.869088 0.98318 0.732654 0.982033 0.723983 0.980612 0.73815 0.768382 0.943501 0.768382 0.957851 0.766542 0.952115 0.695021 0.940829 0.69454 0.932336 0.69727 0.938435 0.599407 0.87593 0.597382 0.874866 0.606887 0.871434 0.939112 0.928479 0.931675 0.924865 0.933411 0.923547 0.597382 0.874866 0.594686 0.87396 0.600146 0.870614 0.69454 0.932336 0.695497 0.926537 0.697556 0.928035 0.599407 0.87593 0.591163 0.885905 0.597382 0.874866 0.93451 0.920468 0.933411 0.923547 0.927512 0.912296 0.927512 0.912296 0.930386 0.911905 0.93451 0.920468 0.737468 0.929603 0.740446 0.922616 0.742342 0.924062 0.742342 0.924062 0.739836 0.930491 0.737468 0.929603 0.931675 0.924865 0.927512 0.912296 0.933411 0.923547 0.591163 0.885905 0.589376 0.885122 0.597382 0.874866 0.931675 0.924865 0.925999 0.913273 0.927512 0.912296 0.589376 0.885122 0.58631 0.895077 0.586971 0.883884 0.651076 0.936066 0.648644 0.935243 0.648758 0.941717 0.927512 0.912296 0.929082 0.90457 0.930386 0.911905 0.823252 0.839552 0.822666 0.829648 0.825615 0.838594 0.591163 0.885905 0.588743 0.894344 0.58631 0.895077 0.924299 0.901844 0.926215 0.9026 0.927512 0.912296 0.58631 0.895077 0.585003 0.904519 0.584023 0.894091 0.64713 0.951153 0.645855 0.942966 0.644609 0.953894 0.926215 0.9026 0.927842 0.891208 0.92978 0.894258 0.820317 0.830278 0.819121 0.81876 0.822666 0.829648 0.589797 0.90413 0.58777 0.905717 0.58631 0.895077 0.924299 0.901844 0.926322 0.889447 0.927842 0.891208 0.64713 0.951153 0.644609 0.953894 0.648153 0.960379 0.927842 0.891208 0.933815 0.886431 0.92978 0.894258 0.821654 0.81766 0.819121 0.81876 0.820282 0.809722 0.820282 0.809722 0.822829 0.80974 0.821654 0.81766 0.735942 0.939662 0.737468 0.929603 0.739836 0.930491 0.739836 0.930491 0.738482 0.939916 0.735942 0.939662 0.589797 0.90413 0.594804 0.909512 0.59223 0.911054 0.930357 0.883086 0.932322 0.884775 0.927842 0.891208 0.822829 0.80974 0.820282 0.809722 0.823218 0.801362 0.823218 0.801362 0.825615 0.802033 0.822829 0.80974 0.648894 0.96836 0.648153 0.960379 0.646198 0.962162 0.648153 0.960379 0.648894 0.96836 0.651076 0.967366 0.594804 0.909512 0.601051 0.912345 0.599679 0.91474 0.987753 0.82468 0.983403 0.816375 0.985006 0.823856 0.983403 0.816375 0.987753 0.82468 0.985899 0.816439 0.73743 0.94966 0.735942 0.939662 0.738482 0.939916 0.738482 0.939916 0.742342 0.959598 0.73743 0.94966 0.936684 0.878524 0.93761 0.881249 0.932322 0.884775 0.936684 0.878524 0.938042 0.876806 0.945273 0.877985 0.945273 0.877985 0.951086 0.882762 0.936684 0.878524 0.600098 0.909986 0.607762 0.908605 0.601051 0.912345 0.983403 0.816375 0.985899 0.816439 0.986515 0.808228 0.982688 0.911576 0.984372 0.908618 0.982768 0.909192 0.984372 0.908618 0.982688 0.911576 0.985659 0.910858 0.601051 0.912345 0.61764 0.908154 0.61786 0.910485 0.951086 0.882762 0.9507 0.885487 0.93761 0.881249 0.607762 0.908605 0.616553 0.905653 0.61764 0.908154 0.985365 0.798854 0.986515 0.808228 0.987947 0.799082 0.903677 0.973541 0.905771 0.976443 0.905771 0.973827 0.905771 0.976443 0.903677 0.973541 0.901852 0.977179 0.871354 0.973004 0.873381 0.975573 0.873381 0.97278 0.873381 0.975573 0.871354 0.973004 0.870414 0.975509 0.857643 0.95654 0.855247 0.956319 0.856167 0.940979 0.856167 0.940979 0.858594 0.940443 0.857643 0.95654 0.985659 0.910858 0.982688 0.911576 0.985659 0.913678 0.761127 0.921799 0.759683 0.919128 0.762466 0.918234 0.873381 0.975573 0.870414 0.975509 0.8713 0.977749 0.614229 0.800517 0.612246 0.800672 0.608671 0.805443 0.758527 0.920867 0.755346 0.917048 0.759683 0.919128 0.614229 0.800517 0.608671 0.805443 0.603572 0.818809 0.755346 0.917048 0.750934 0.904718 0.759683 0.919128 0.608671 0.805443 0.599806 0.816154 0.601911 0.817496 0.855967 0.968662 0.855247 0.956319 0.857643 0.95654 0.750934 0.904718 0.753372 0.903816 0.759311 0.914145 0.620601 0.92588 0.622367 0.937999 0.623008 0.925552 0.744497 0.894538 0.753372 0.903816 0.750934 0.904718 0.750934 0.904718 0.741634 0.894954 0.744497 0.894538 0.599806 0.816154 0.590998 0.830884 0.601911 0.817496 0.590998 0.830884 0.599806 0.816154 0.588304 0.830372 0.62196 0.908472 0.620601 0.92588 0.623008 0.925552 0.620601 0.92588 0.62196 0.908472 0.619533 0.907825 0.59323 0.831383 0.601911 0.817496 0.590998 0.830884 0.74936 0.906645 0.739547 0.896216 0.741634 0.894954 0.858594 0.940443 0.856167 0.940979 0.855267 0.931882 0.855267 0.931882 0.857837 0.932445 0.858594 0.940443 0.740424 0.886202 0.744497 0.894538 0.741634 0.894954 0.741634 0.894954 0.738024 0.887692 0.740424 0.886202 0.588304 0.830372 0.587046 0.839891 0.590998 0.830884 0.587046 0.839891 0.588304 0.830372 0.584434 0.839747 0.623008 0.90022 0.619533 0.907825 0.62196 0.908472 0.619533 0.907825 0.623008 0.90022 0.62075 0.899472 0.589128 0.839603 0.590998 0.830884 0.587046 0.839891 0.739547 0.896216 0.736095 0.888078 0.738024 0.887692 0.584434 0.839747 0.586544 0.852769 0.587046 0.839891 0.586544 0.852769 0.584434 0.839747 0.584023 0.853288 0.589128 0.839603 0.587046 0.839891 0.588369 0.851038 0.736095 0.888078 0.737601 0.875953 0.738024 0.887692 0.630019 0.942572 0.634889 0.951015 0.632492 0.952091 0.632492 0.952091 0.627415 0.943092 0.630019 0.942572 0.588369 0.851038 0.587046 0.839891 0.586544 0.852769 0.736095 0.888078 0.735942 0.874743 0.737601 0.875953 0.584023 0.853288 0.58992 0.86106 0.586544 0.852769 0.58992 0.86106 0.584023 0.853288 0.589129 0.864173 0.588369 0.851038 0.586544 0.852769 0.592102 0.860408 0.735942 0.874743 0.7413 0.864895 0.737601 0.875953 0.628261 0.933283 0.630019 0.942572 0.627415 0.943092 0.627415 0.943092 0.62536 0.9302 0.628261 0.933283 0.592102 0.860408 0.586544 0.852769 0.58992 0.86106 0.735942 0.874743 0.739286 0.864933 0.7413 0.864895 0.607552 0.862493 0.609463 0.854883 0.60493 0.861653 0.609463 0.854883 0.607552 0.862493 0.612018 0.855328 0.58992 0.86106 0.589129 0.864173 0.594415 0.865936 0.612614 0.932036 0.609865 0.933398 0.612816 0.938647 0.7413 0.864895 0.746816 0.861987 0.743255 0.867447 0.62536 0.9302 0.628165 0.92521 0.628261 0.933283 0.592102 0.860408 0.594415 0.865936 0.600494 0.865737 0.743583 0.858337 0.749234 0.856534 0.7413 0.864895 0.885373 0.948649 0.882102 0.956125 0.881439 0.950633 0.612816 0.938647 0.611742 0.945608 0.614571 0.945294 0.702914 0.972008 0.70739 0.975844 0.705299 0.970824 0.626171 0.920606 0.630185 0.915583 0.628165 0.92521 0.882102 0.956125 0.879761 0.955613 0.881439 0.950633 0.626171 0.920606 0.627704 0.91512 0.630185 0.915583 0.614571 0.945294 0.611742 0.945608 0.61786 0.948964 0.702914 0.972008 0.705299 0.970824 0.705181 0.964268 0.61786 0.948964 0.611742 0.945608 0.616232 0.950353 0.702914 0.972008 0.705181 0.964268 0.702866 0.963139 0.882102 0.956125 0.882372 0.966707 0.879389 0.962412 0.630522 0.911165 0.634889 0.910995 0.630185 0.915583 0.882372 0.966707 0.880227 0.968719 0.879389 0.962412 0.879389 0.962412 0.880227 0.968719 0.878678 0.967112 0.70739 0.956772 0.702866 0.963139 0.705181 0.964268 0.702866 0.963139 0.70739 0.956772 0.705282 0.955558 0.880227 0.968719 0.882372 0.966707 0.885373 0.975093 0.885373 0.975093 0.882689 0.975376 0.880227 0.968719 0.761704 0.863654 0.757863 0.856023 0.761188 0.856128 0.761188 0.856128 0.764187 0.862358 0.761704 0.863654 0.612018 0.855328 0.609851 0.863277 0.614229 0.854621 0.757863 0.856023 0.761704 0.863654 0.759693 0.863639 0.611033 0.848994 0.609463 0.854883 0.612018 0.855328 0.609463 0.854883 0.611033 0.848994 0.60855 0.849521 0.612018 0.855328 0.614229 0.854621 0.611033 0.848994 0.726015 0.97628 0.723865 0.977533 0.721848 0.972332 0.721848 0.972332 0.724337 0.971802 0.726015 0.97628 0.611033 0.848994 0.605705 0.845876 0.60855 0.849521 0.605705 0.845876 0.611033 0.848994 0.608057 0.845113 0.761704 0.863654 0.758613 0.870609 0.759693 0.863639 0.589654 0.95468 0.585252 0.95834 0.586424 0.964474 0.763539 0.870163 0.758693 0.875259 0.761704 0.863654 0.586424 0.964474 0.585252 0.95834 0.584023 0.964141 0.763539 0.870163 0.76116 0.876191 0.758693 0.875259 0.723936 0.966502 0.724337 0.971802 0.721848 0.972332 0.721848 0.972332 0.721403 0.966742 0.723936 0.966502 0.587239 0.975613 0.587055 0.970643 0.584231 0.970233 0.587055 0.970643 0.587239 0.975613 0.589654 0.974853 0.586424 0.964474 0.584023 0.964141 0.584231 0.970233 0.76116 0.876191 0.757353 0.880669 0.758693 0.875259 0.608057 0.845113 0.611244 0.844494 0.606761 0.842079 0.758693 0.875259 0.754471 0.879273 0.755753 0.875662 0.608057 0.845113 0.606761 0.842079 0.603751 0.845307 0.754471 0.879273 0.751754 0.876882 0.755753 0.875662 0.990682 0.689779 0.987738 0.684005 0.988551 0.691247 0.987738 0.684005 0.990682 0.689779 0.990155 0.683719 0.990826 0.733626 0.990266 0.739269 0.987824 0.737326 0.722906 0.962501 0.726015 0.962398 0.723936 0.966502 0.594576 0.846033 0.601583 0.843659 0.599948 0.842016 0.601583 0.843659 0.594576 0.846033 0.596617 0.847415 0.603751 0.845307 0.601583 0.843659 0.59748 0.849638 0.749697 0.879328 0.746031 0.874414 0.751754 0.876882 0.990155 0.683719 0.988286 0.676804 0.987738 0.684005 0.988286 0.676804 0.990155 0.683719 0.990682 0.677045 0.990266 0.739269 0.990826 0.745373 0.988398 0.745648 0.909705 0.978125 0.909705 0.973541 0.906588 0.977192 0.936901 0.96752 0.935637 0.975026 0.939768 0.97399 0.935637 0.975026 0.936901 0.96752 0.934146 0.965746 0.855859 0.928469 0.863763 0.922274 0.866582 0.926242 0.866582 0.926242 0.855967 0.931066 0.855859 0.928469 0.863763 0.922274 0.855859 0.928469 0.854006 0.926918 0.616325 0.586504 0.619089 0.598826 0.620118 0.587886 0.619089 0.598826 0.616325 0.586504 0.616581 0.597194 0.925899 0.865221 0.923259 0.865631 0.927798 0.857272 0.923259 0.865631 0.925899 0.865221 0.925875 0.871048 0.925875 0.871048 0.922516 0.871479 0.923259 0.865631 0.62106 0.59606 0.620118 0.587886 0.619089 0.598826 0.855859 0.928469 0.850486 0.929642 0.854006 0.926918 0.854006 0.926918 0.850486 0.929642 0.848502 0.925236 0.848502 0.925236 0.850973 0.924618 0.854006 0.926918 0.619089 0.598826 0.616581 0.597194 0.619494 0.602627 0.925299 0.875885 0.922516 0.871479 0.925875 0.871048 0.925875 0.871048 0.927798 0.875091 0.925299 0.875885 0.594809 0.971676 0.59719 0.9703 0.598361 0.975463 0.623627 0.604248 0.619089 0.598826 0.619494 0.602627 0.619089 0.598826 0.623627 0.604248 0.622878 0.601538 0.850973 0.924618 0.848502 0.925236 0.850368 0.918341 0.850368 0.918341 0.853296 0.916915 0.850973 0.924618 0.935996 0.961149 0.9373 0.96365 0.939768 0.961621 0.961437 0.963772 0.958411 0.964199 0.960065 0.967884 0.59719 0.9703 0.594809 0.971676 0.593891 0.961639 0.593891 0.961639 0.596595 0.961813 0.59719 0.9703 0.593891 0.961639 0.594809 0.971676 0.5933 0.970709 0.5933 0.970709 0.592713 0.962221 0.593891 0.961639 0.629106 0.600911 0.622878 0.601538 0.623627 0.604248 0.622878 0.601538 0.629106 0.600911 0.628872 0.597561 0.598361 0.954371 0.596595 0.961813 0.593891 0.961639 0.593891 0.961639 0.596202 0.9530001 0.598361 0.954371 0.850368 0.918341 0.855779 0.91191 0.853296 0.916915 0.631484 0.601662 0.632207 0.593954 0.629106 0.600911 0.632207 0.593954 0.631484 0.601662 0.634889 0.593114 0.860996 0.914015 0.85616 0.917676 0.853296 0.916915 0.853296 0.916915 0.859969 0.91177 0.860996 0.914015 0.628872 0.597561 0.629106 0.600911 0.632207 0.593954 0.957112 0.973133 0.961437 0.978323 0.959862 0.97406 0.961437 0.978323 0.957112 0.973133 0.959251 0.979118 0.634889 0.593114 0.631365 0.587124 0.632207 0.593954 0.631365 0.587124 0.634889 0.593114 0.634505 0.586197 0.836784 0.970918 0.835742 0.966277 0.832817 0.966278 0.860996 0.914015 0.859969 0.91177 0.866582 0.911827 0.866582 0.911827 0.865285 0.913945 0.860996 0.914015 0.630076 0.58954 0.632207 0.593954 0.631365 0.587124 0.835742 0.966277 0.832877 0.958119 0.832817 0.966278 0.832877 0.958119 0.835742 0.966277 0.834265 0.958749 0.629932 0.579547 0.631365 0.587124 0.634505 0.586197 0.631365 0.587124 0.629932 0.579547 0.627302 0.580479 0.830246 0.958904 0.832817 0.966278 0.832877 0.958119 0.627302 0.580479 0.630076 0.58954 0.631365 0.587124 0.630076 0.58954 0.627302 0.580479 0.626422 0.582626 0.910896 0.960263 0.913477 0.953122 0.915659 0.954372 0.915659 0.954372 0.913942 0.958925 0.910896 0.960263 0.826525 0.798236 0.836784 0.797126 0.835891 0.794674 0.836784 0.797126 0.826525 0.798236 0.829047 0.800546 0.983979 0.660131 0.983874 0.653165 0.987149 0.660144 0.913942 0.958925 0.912963 0.969152 0.910896 0.960263 0.830246 0.958904 0.832877 0.958119 0.83146 0.946804 0.627302 0.580479 0.629932 0.579547 0.620697 0.572883 0.983979 0.660131 0.980612 0.650121 0.983874 0.653165 0.627302 0.580479 0.616392 0.576118 0.626422 0.582626 0.616392 0.576118 0.627302 0.580479 0.619006 0.57463 0.983098 0.647088 0.980612 0.650121 0.981168 0.641952 0.981168 0.641952 0.983703 0.642374 0.983098 0.647088 0.912963 0.969152 0.910635 0.972824 0.910896 0.960263 0.980612 0.650121 0.983098 0.647088 0.983874 0.653165 0.83146 0.946804 0.834029 0.947337 0.836784 0.94017 0.986922 0.661794 0.984555 0.660961 0.98431 0.669517 0.912963 0.969152 0.913896 0.974768 0.910635 0.972824 0.913267 0.977832 0.910635 0.972824 0.913896 0.974768 0.913896 0.974768 0.915659 0.977208 0.913267 0.977832 0.822081 0.799752 0.826525 0.798236 0.82051 0.79527 0.616392 0.576118 0.611629 0.573202 0.610082 0.577145 0.983703 0.642374 0.981168 0.641952 0.984815 0.632739 0.984815 0.632739 0.987149 0.633779 0.983703 0.642374 0.816645 0.797903 0.822081 0.799752 0.815791 0.791934 0.98431 0.669517 0.981729 0.674485 0.984876 0.679953 0.604683 0.584091 0.612126 0.578068 0.610082 0.577145 0.612126 0.578068 0.604683 0.584091 0.607112 0.584631 0.815791 0.791934 0.82051 0.79527 0.815212 0.786563 0.610082 0.577145 0.605158 0.578953 0.604683 0.584091 0.781291 0.786228 0.783544 0.785587 0.786224 0.793701 0.786224 0.793701 0.783791 0.794298 0.781291 0.786228 0.816645 0.797903 0.815791 0.791934 0.81165 0.789601 0.984876 0.679953 0.981729 0.674485 0.983043 0.683796 0.81165 0.789601 0.815791 0.791934 0.812474 0.783574 0.984876 0.679953 0.983043 0.683796 0.986922 0.687527 0.60347 0.595904 0.607112 0.584631 0.604683 0.584091 0.607112 0.584631 0.60347 0.595904 0.6061 0.596234 0.812474 0.783574 0.815212 0.786563 0.813771 0.774181 0.604683 0.584091 0.60185 0.586182 0.60347 0.595904 0.812474 0.783574 0.809533 0.771036 0.809739 0.78254 0.809533 0.771036 0.812474 0.783574 0.812474 0.766996 0.735125 0.899736 0.730745 0.908825 0.73345 0.908237 0.730745 0.908825 0.735125 0.899736 0.732944 0.89633 0.783791 0.794298 0.786224 0.793701 0.785913 0.806931 0.785913 0.806931 0.783343 0.807318 0.783791 0.794298 0.606972 0.611014 0.6061 0.596234 0.60347 0.595904 0.6061 0.596234 0.606972 0.611014 0.609712 0.610978 0.812474 0.766996 0.813771 0.774181 0.816728 0.759885 0.60347 0.595904 0.602274 0.602612 0.606972 0.611014 0.783343 0.807318 0.785913 0.806931 0.7829 0.833182 0.7829 0.833182 0.780368 0.833212 0.783343 0.807318 0.81241 0.758254 0.812474 0.766996 0.823445 0.733613 0.732944 0.89633 0.734733 0.88773 0.729414 0.862129 0.616726 0.638874 0.609712 0.610978 0.606972 0.611014 0.609712 0.610978 0.616726 0.638874 0.619335 0.638457 0.823445 0.733613 0.816728 0.759885 0.825305 0.734526 0.606972 0.611014 0.614772 0.639179 0.616726 0.638874 0.780368 0.833212 0.7829 0.833182 0.780529 0.860955 0.780529 0.860955 0.778048 0.860454 0.780368 0.833212 0.825305 0.734526 0.831531 0.705978 0.823445 0.733613 0.831531 0.705978 0.825305 0.734526 0.833454 0.706669 0.823445 0.733613 0.829045 0.705378 0.821025 0.732811 0.829045 0.705378 0.823445 0.733613 0.831531 0.705978 0.729677 0.834163 0.729414 0.862129 0.731857 0.861452 0.729414 0.862129 0.729677 0.834163 0.72721 0.834628 0.624063 0.669144 0.616726 0.638874 0.614772 0.639179 0.616726 0.638874 0.624063 0.669144 0.626085 0.669071 0.626085 0.669071 0.619335 0.638457 0.616726 0.638874 0.619335 0.638457 0.626085 0.669071 0.628509 0.668083 0.778694 0.876068 0.778048 0.860454 0.780529 0.860955 0.780529 0.860955 0.781852 0.88163 0.778694 0.876068 0.836021 0.682047 0.831531 0.705978 0.833454 0.706669 0.831531 0.705978 0.836021 0.682047 0.833765 0.688623 0.833765 0.688623 0.829045 0.705378 0.831531 0.705978 0.829045 0.705378 0.833765 0.688623 0.831497 0.681822 0.729677 0.834163 0.72789 0.819706 0.72721 0.834628 0.72789 0.819706 0.729677 0.834163 0.731021 0.814387 0.624063 0.669144 0.629439 0.694289 0.626085 0.669071 0.629439 0.694289 0.624063 0.669144 0.626878 0.687054 0.626085 0.669071 0.631456 0.686816 0.628509 0.668083 0.631456 0.686816 0.626085 0.669071 0.629439 0.694289 0.957925 0.87487 0.953419 0.840835 0.955506 0.837387 0.955506 0.837387 0.960169 0.872579 0.957925 0.87487 0.781852 0.88163 0.780856 0.888707 0.778694 0.876068 0.831497 0.681822 0.833765 0.688623 0.833806 0.67267 0.72789 0.819706 0.731021 0.814387 0.729977 0.807647 0.631456 0.686816 0.629439 0.694289 0.631924 0.703432 0.833806 0.67267 0.836021 0.682047 0.833958 0.660228 0.629439 0.694289 0.62733 0.702879 0.627807 0.715258 0.958957 0.805029 0.95652 0.805261 0.960169 0.796644 0.829576 0.661386 0.833806 0.67267 0.830351 0.654492 0.969584 0.957863 0.968635 0.949536 0.964925 0.94499 0.631924 0.703432 0.627807 0.715258 0.629967 0.715975 0.830351 0.654492 0.833958 0.660228 0.826999 0.641448 0.627807 0.715258 0.624129 0.719797 0.620904 0.731658 0.955975 0.821214 0.952987 0.828763 0.954245 0.815376 0.823023 0.643717 0.830351 0.654492 0.818422 0.630271 0.964925 0.94499 0.965766 0.933861 0.962523 0.920587 0.625996 0.726985 0.620904 0.731658 0.619277 0.738318 0.818422 0.630271 0.826999 0.641448 0.818171 0.626762 0.620904 0.731658 0.61209 0.74001 0.61191 0.743407 0.955506 0.837387 0.953419 0.840835 0.952987 0.828763 0.952987 0.828763 0.953419 0.840835 0.951902 0.838005 0.61191 0.743407 0.588405 0.760213 0.611912 0.745642 0.588405 0.760213 0.61191 0.743407 0.587601 0.758465 0.814755 0.629951 0.818422 0.630271 0.789456 0.605342 0.962523 0.920587 0.965175 0.918519 0.969584 0.880679 0.791244 0.599232 0.789456 0.605342 0.792014 0.604315 0.789456 0.605342 0.791244 0.599232 0.788601 0.599521 0.789456 0.605342 0.818422 0.630271 0.792014 0.604315 0.962523 0.920587 0.969584 0.880679 0.967029 0.880946 0.960169 0.872579 0.959967 0.87599 0.957925 0.87487 0.852212 0.971896 0.853971 0.97385 0.853971 0.969691 0.792014 0.604315 0.792908 0.600809 0.791244 0.599232 0.969584 0.880679 0.965621 0.877535 0.967029 0.880946 0.965621 0.877535 0.969584 0.880679 0.967962 0.876806 0.834444 0.973698 0.836784 0.976515 0.836784 0.972621 0.836784 0.976515 0.834444 0.973698 0.83436 0.976004 0.585792 0.761101 0.584722 0.75734 0.584023 0.762131 0.822016 0.959978 0.823132 0.955954 0.825745 0.960442 0.769647 0.970682 0.769647 0.977418 0.766619 0.973816 0.982498 0.952867 0.979248 0.954441 0.981121 0.955642 0.979248 0.954441 0.982498 0.952867 0.980014 0.952672 0.796098 0.596751 0.792908 0.600809 0.795944 0.599688 0.585792 0.761101 0.589246 0.766133 0.589018 0.763175 0.807816 0.61574 0.795944 0.599688 0.794108 0.601317 0.795944 0.599688 0.807816 0.61574 0.808944 0.613396 0.822016 0.959978 0.820751 0.954773 0.823132 0.955954 0.769647 0.977418 0.767878 0.978556 0.766619 0.973816 0.808944 0.613396 0.796098 0.596751 0.795944 0.599688 0.796098 0.596751 0.808944 0.613396 0.812449 0.613639 0.825745 0.931217 0.823132 0.955954 0.820751 0.954773 0.820751 0.954773 0.82317 0.932843 0.825745 0.931217 0.592062 0.766585 0.606178 0.754595 0.589246 0.766133 0.606178 0.754595 0.592062 0.766585 0.6070001 0.756165 0.589246 0.766133 0.602461 0.753722 0.589018 0.763175 0.602461 0.753722 0.589246 0.766133 0.606178 0.754595 0.982498 0.952867 0.977219 0.93184 0.980014 0.952672 0.977219 0.93184 0.982498 0.952867 0.979834 0.9331 0.83403 0.605558 0.823225 0.615206 0.824749 0.617242 0.823225 0.615206 0.83403 0.605558 0.831895 0.604729 0.812449 0.613639 0.808944 0.613396 0.815714 0.617676 0.602461 0.753722 0.606178 0.754595 0.609535 0.751631 0.82317 0.932843 0.822487 0.925328 0.825745 0.931217 0.915073 0.952306 0.91502 0.947317 0.918116 0.95188 0.812449 0.613639 0.815714 0.617676 0.823225 0.615206 0.609535 0.751631 0.606178 0.754595 0.617576 0.756467 0.822487 0.925328 0.820844 0.919549 0.823151 0.918564 0.910635 0.942015 0.913238 0.941788 0.91502 0.947317 0.823225 0.615206 0.815714 0.617676 0.824749 0.617242 0.609535 0.751631 0.617576 0.756467 0.619132 0.754933 0.821088 0.613993 0.823225 0.615206 0.830294 0.602896 0.910635 0.942015 0.914644 0.924943 0.913238 0.941788 0.880917 0.919668 0.879453 0.935447 0.882191 0.936859 0.617576 0.756467 0.629285 0.769464 0.619132 0.754933 0.629285 0.769464 0.617576 0.756467 0.627041 0.769607 0.916137 0.864028 0.921699 0.858481 0.919624 0.857272 0.921699 0.858481 0.916137 0.864028 0.918861 0.864046 0.630734 0.766721 0.619132 0.754933 0.629285 0.769464 0.882191 0.936859 0.879453 0.935447 0.880981 0.942161 0.830294 0.602896 0.831895 0.604729 0.834604 0.597246 0.911968 0.926136 0.914146 0.918446 0.914644 0.924943 0.630734 0.766721 0.629285 0.769464 0.633665 0.773703 0.834604 0.597246 0.83403 0.605558 0.836784 0.595102 0.629285 0.769464 0.630109 0.777885 0.632469 0.780701 0.885373 0.946449 0.880981 0.942161 0.88352 0.947833 0.633665 0.773703 0.632469 0.780701 0.634889 0.781185 0.832104 0.593068 0.834604 0.597246 0.833037 0.585758 0.950355 0.875949 0.950847 0.872933 0.946972 0.86989 0.718126 0.919371 0.713007 0.92442 0.715616 0.919003 0.634889 0.781185 0.632469 0.780701 0.633522 0.788822 0.718126 0.919371 0.714851 0.927457 0.713007 0.92442 0.633522 0.788822 0.632469 0.780701 0.629953 0.790955 0.832104 0.593068 0.833037 0.585758 0.828981 0.583847 0.946972 0.86989 0.950847 0.872933 0.948642 0.865019 0.946972 0.86989 0.948642 0.865019 0.94598 0.859242 0.629953 0.790955 0.629229 0.787249 0.62337 0.794568 0.833037 0.585758 0.834138 0.583908 0.827119 0.574533 0.629953 0.790955 0.62337 0.794568 0.622739 0.798014 0.828981 0.583847 0.833037 0.585758 0.826736 0.577541 0.714449 0.939539 0.712478 0.941829 0.711667 0.933156 0.711667 0.933156 0.712478 0.941829 0.710706 0.939903 0.826736 0.577541 0.827119 0.574533 0.819274 0.575115 0.948787 0.857496 0.948695 0.848796 0.94598 0.859242 0.948695 0.848796 0.948787 0.857496 0.950847 0.850155 0.811424 0.588249 0.81354 0.580096 0.81084 0.580829 0.81354 0.580096 0.811424 0.588249 0.813823 0.586786 0.622739 0.798014 0.62337 0.794568 0.614416 0.794946 0.714449 0.939539 0.714794 0.949397 0.712478 0.941829 0.614812 0.975043 0.611774 0.969587 0.61786 0.975381 0.819274 0.575115 0.827119 0.574533 0.818167 0.572883 0.622739 0.798014 0.614416 0.794946 0.61328 0.796805 0.818167 0.572883 0.814144 0.573767 0.81354 0.580096 0.918861 0.864046 0.916137 0.864028 0.920192 0.871433 0.614416 0.794946 0.616539 0.793321 0.612667 0.786928 0.611241 0.963809 0.61498 0.957151 0.613758 0.966938 0.920192 0.871433 0.916137 0.864028 0.917834 0.872553 0.614416 0.794946 0.612667 0.786928 0.610098 0.787362 0.81354 0.580096 0.814144 0.573767 0.81084 0.580829 0.611241 0.963809 0.612906 0.955535 0.61498 0.957151 0.813823 0.586786 0.815369 0.581514 0.81354 0.580096 0.815369 0.581514 0.813823 0.586786 0.815957 0.587302 0.920697 0.875645 0.920192 0.871433 0.917834 0.872553 0.920192 0.871433 0.920697 0.875645 0.921699 0.873454 0.612667 0.786928 0.610586 0.781814 0.610098 0.787362 0.610586 0.781814 0.612667 0.786928 0.612655 0.783752 0.610098 0.787362 0.608317 0.781644 0.608187 0.788185 0.608317 0.781644 0.610098 0.787362 0.610586 0.781814 0.61498 0.957151 0.612906 0.955535 0.616204 0.95117 0.616204 0.95117 0.61786 0.952956 0.61498 0.957151 0.931598 0.975223 0.929941 0.968527 0.932462 0.969654 0.932462 0.969654 0.93333 0.973077 0.931598 0.975223 0.988764 0.822269 0.989552 0.818168 0.991618 0.821853 0.610586 0.781814 0.612655 0.783752 0.615118 0.780753 0.813823 0.586786 0.811424 0.588249 0.818351 0.593134 0.968007 0.974743 0.970546 0.974541 0.969712 0.967044 0.815957 0.587302 0.818351 0.593134 0.824809 0.594446 0.612962 0.776793 0.610586 0.781814 0.619784 0.777545 0.818351 0.593134 0.817031 0.595034 0.822659 0.59846 0.967408 0.965953 0.969712 0.967044 0.968173 0.958679 0.824809 0.594446 0.818351 0.593134 0.824502 0.596883 0.612962 0.776793 0.619784 0.777545 0.619395 0.775033 0.991638 0.573388 0.989173 0.572883 0.990158 0.582198 0.854902 0.892033 0.864036 0.893343 0.855019 0.89465 0.698459 0.895035 0.707862 0.894152 0.699533 0.897244 0.737906 0.979493 0.738159 0.968314 0.740292 0.978912 0.699171 0.89254 0.708192 0.891568 0.707862 0.894152 0.864862 0.888654 0.86552 0.890773 0.854902 0.892033 0.708192 0.891568 0.714599 0.886873 0.707862 0.894152 0.864862 0.888654 0.873519 0.893234 0.86552 0.890773 0.991638 0.587109 0.987619 0.583199 0.989599 0.587898 0.86552 0.890773 0.871353 0.894355 0.86991 0.896172 0.714599 0.886873 0.717511 0.886186 0.713888 0.892667 0.606062 0.977189 0.606226 0.973185 0.603439 0.972375 0.71267 0.88608 0.713618 0.878192 0.714599 0.886873 0.873519 0.893234 0.873327 0.900791 0.871353 0.894355 0.713618 0.878192 0.715734 0.875878 0.714599 0.886873 0.873519 0.893234 0.876054 0.902245 0.873327 0.900791 0.715734 0.875878 0.718123 0.875942 0.717511 0.886186 0.603439 0.972375 0.604499 0.962498 0.60207 0.962193 0.713618 0.878192 0.709939 0.873549 0.715734 0.875878 0.981458 0.97456 0.979858 0.976132 0.977219 0.970898 0.977219 0.970898 0.980118 0.971842 0.981458 0.97456 0.688172 0.924196 0.691556 0.919003 0.693724 0.92019 0.693724 0.92019 0.690459 0.92539 0.688172 0.924196 0.876054 0.902245 0.869543 0.905567 0.873327 0.900791 0.604499 0.962498 0.603765 0.955652 0.60207 0.962193 0.603765 0.955652 0.604499 0.962498 0.606226 0.956175 0.686595 0.930952 0.688172 0.924196 0.690459 0.92539 0.690459 0.92539 0.688836 0.933353 0.686595 0.930952 0.871885 0.906731 0.872654 0.908986 0.866231 0.910843 0.866231 0.910843 0.864225 0.908568 0.871885 0.906731 0.951086 0.971408 0.951086 0.979277 0.948136 0.973384 0.977219 0.970898 0.979799 0.962837 0.980118 0.971842 0.690515 0.886745 0.698141 0.876196 0.698501 0.879593 0.698501 0.879593 0.693128 0.887589 0.690515 0.886745 0.688836 0.933353 0.686104 0.939443 0.686595 0.930952 0.659478 0.940986 0.661317 0.935243 0.661317 0.949606 0.977219 0.970898 0.9783 0.957165 0.979799 0.962837 0.866231 0.910843 0.857594 0.910954 0.864225 0.908568 0.698141 0.876196 0.696175 0.875173 0.70516 0.871293 0.864225 0.908568 0.853324 0.907374 0.855497 0.906065 0.689128 0.943739 0.687083 0.945224 0.686104 0.939443 0.857594 0.910954 0.851216 0.909071 0.853324 0.907374 0.698141 0.876196 0.690515 0.886745 0.696175 0.875173 0.735125 0.948462 0.728896 0.943173 0.734025 0.950593 0.728896 0.943173 0.735125 0.948462 0.731476 0.942635 0.603364 0.946012 0.602081 0.936626 0.604674 0.937778 0.604674 0.937778 0.605972 0.946015 0.603364 0.946012 0.853324 0.907374 0.845445 0.898929 0.855497 0.906065 0.690515 0.886745 0.68879 0.886007 0.696175 0.875173 0.853324 0.907374 0.843516 0.899949 0.845445 0.898929 0.609049 0.916549 0.605792 0.925526 0.606644 0.915557 0.693128 0.887589 0.691153 0.894242 0.690515 0.886745 0.728896 0.943173 0.731476 0.942635 0.729891 0.93654 0.84176 0.90188 0.839246 0.891852 0.843516 0.899949 0.690515 0.886745 0.688408 0.8955 0.686104 0.896343 0.839246 0.891852 0.842025 0.892031 0.845445 0.898929 0.605792 0.925526 0.602081 0.936626 0.603402 0.924871 0.691362 0.903368 0.689649 0.905507 0.688408 0.8955 0.727097 0.934906 0.729416 0.926719 0.727165 0.923632 0.603402 0.924871 0.602081 0.936626 0.60207 0.925212 0.689649 0.905507 0.687751 0.90721 0.686104 0.896343 0.839246 0.891852 0.83997 0.882303 0.842367 0.883303 0.819934 0.918564 0.816448 0.919213 0.816692 0.925266 0.727165 0.923632 0.729416 0.926719 0.731481 0.917528 0.976681 0.912259 0.974827 0.913678 0.971901 0.90682 0.971901 0.90682 0.974219 0.90595 0.976681 0.912259 0.606606 0.954836 0.603364 0.946012 0.605972 0.946015 0.605972 0.946015 0.609049 0.954156 0.606606 0.954836 0.689649 0.905507 0.69907 0.913549 0.692132 0.912521 0.844492 0.876808 0.847496 0.877665 0.842367 0.883303 0.974219 0.90595 0.971901 0.90682 0.970401 0.896958 0.970401 0.896958 0.972888 0.89671 0.974219 0.90595 0.731481 0.917528 0.732999 0.909641 0.729667 0.9155 0.732999 0.909641 0.731481 0.917528 0.735125 0.910905 0.656037 0.970393 0.653121 0.978828 0.657315 0.978374 0.653121 0.978828 0.656037 0.970393 0.653802 0.968032 0.816692 0.925266 0.81277 0.932448 0.815449 0.933983 0.708665 0.916496 0.700067 0.918187 0.699322 0.916024 0.699322 0.916024 0.716558 0.91097 0.708665 0.916496 0.852492 0.872186 0.854228 0.874015 0.847496 0.877665 0.972888 0.89671 0.970401 0.896958 0.971863 0.887167 0.971863 0.887167 0.976681 0.877438 0.972888 0.89671 0.815449 0.933983 0.81277 0.932448 0.816803 0.942409 0.854228 0.874015 0.862857 0.876402 0.854186 0.876647 0.877152 0.975034 0.875104 0.97756 0.877152 0.977772 0.875104 0.97756 0.877152 0.975034 0.874197 0.975052 0.69907 0.913549 0.716272 0.90857 0.716558 0.91097 0.873145 0.872458 0.87309 0.874529 0.854228 0.874015 0.816803 0.942409 0.81645 0.952178 0.819098 0.951714 0.87309 0.874529 0.872919 0.877312 0.862857 0.876402 0.816075 0.954455 0.819098 0.951714 0.81645 0.952178 0.819098 0.951714 0.816075 0.954455 0.819934 0.954823 0.681067 0.976515 0.682559 0.974046 0.679454 0.974229 0.682559 0.974046 0.681067 0.976515 0.682559 0.977576 0.902127 0.825744 0.895016 0.838662 0.904376 0.826895 0.895016 0.838662 0.902127 0.825744 0.892318 0.838116 0.874197 0.975052 0.877152 0.975034 0.875144 0.97278 0.667658 0.845208 0.667613 0.84285 0.670165 0.843051 0.961759 0.794906 0.961759 0.79226 0.959083 0.792789 0.912076 0.807559 0.910206 0.807643 0.906843 0.812354 0.739829 0.787582 0.743507 0.792882 0.738514 0.788459 0.912076 0.807559 0.906843 0.812354 0.902127 0.825744 0.743507 0.792882 0.748538 0.806511 0.738514 0.788459 0.824606 0.877285 0.822854 0.889387 0.825263 0.889724 0.910676 0.814992 0.902127 0.825744 0.904376 0.826895 0.668433 0.825043 0.670834 0.824823 0.670098 0.83719 0.752404 0.804149 0.750364 0.805719 0.743507 0.792882 0.66992 0.80945 0.670834 0.824823 0.668433 0.825043 0.668433 0.825043 0.667489 0.808913 0.66992 0.80945 0.822854 0.889387 0.824189 0.906806 0.825263 0.889724 0.824189 0.906806 0.822854 0.889387 0.82176 0.907444 0.761631 0.82084 0.750364 0.805719 0.752404 0.804149 0.752404 0.804149 0.764276 0.820186 0.761631 0.82084 0.892318 0.838116 0.900494 0.824341 0.890143 0.837517 0.750364 0.805719 0.761631 0.82084 0.759218 0.820736 0.892318 0.838116 0.890685 0.848047 0.895016 0.838662 0.890685 0.848047 0.892318 0.838116 0.888481 0.84631 0.670834 0.800339 0.66992 0.80945 0.667489 0.808913 0.667489 0.808913 0.668258 0.8009 0.670834 0.800339 0.82176 0.907444 0.825263 0.915046 0.824189 0.906806 0.825263 0.915046 0.82176 0.907444 0.823007 0.915786 0.765576 0.830156 0.761631 0.82084 0.764276 0.820186 0.764276 0.820186 0.768119 0.829818 0.765576 0.830156 0.888481 0.84631 0.890143 0.837517 0.886464 0.84652 0.761631 0.82084 0.765576 0.830156 0.76335 0.829361 0.641352 0.913689 0.643793 0.914476 0.639538 0.923008 0.639538 0.923008 0.636937 0.922779 0.641352 0.913689 0.888481 0.84631 0.886464 0.84652 0.887937 0.857911 0.765576 0.830156 0.763791 0.840107 0.76335 0.829361 0.765696 0.842169 0.765576 0.830156 0.768119 0.829818 0.768119 0.829818 0.768119 0.842417 0.765696 0.842169 0.887937 0.857911 0.886464 0.84652 0.886189 0.859596 0.765576 0.830156 0.765696 0.842169 0.763791 0.840107 0.636937 0.922779 0.639538 0.923008 0.638695 0.932202 0.638695 0.932202 0.636177 0.93552 0.636937 0.922779 0.887937 0.857911 0.886189 0.859596 0.891709 0.86759 0.765696 0.842169 0.759482 0.847809 0.763791 0.840107 0.761804 0.848964 0.765696 0.842169 0.768119 0.842417 0.768119 0.842417 0.762289 0.851167 0.761804 0.848964 0.891709 0.86759 0.886189 0.859596 0.8896 0.868165 0.765696 0.842169 0.761804 0.848964 0.759482 0.847809 0.786053 0.967781 0.790614 0.974112 0.788363 0.966647 0.790614 0.974112 0.786053 0.967781 0.788514 0.975324 0.638695 0.932202 0.639488 0.940116 0.636177 0.93552 0.893484 0.865518 0.891709 0.86759 0.897159 0.869769 0.983314 0.925951 0.985804 0.927557 0.986692 0.921246 0.623008 0.949728 0.618941 0.94931 0.623008 0.94501 0.891709 0.86759 0.894036 0.873305 0.899931 0.873349 0.756824 0.852323 0.750308 0.850597 0.759482 0.847809 0.639488 0.940116 0.642709 0.949436 0.638107 0.944875 0.790614 0.955005 0.786102 0.958896 0.788483 0.960077 0.986324 0.914494 0.986692 0.921246 0.988997 0.915109 0.729117 0.975701 0.729761 0.970305 0.732985 0.977658 0.642709 0.949436 0.64035 0.950166 0.638107 0.944875 0.729117 0.975701 0.727464 0.970806 0.729761 0.970305 0.788483 0.960077 0.786102 0.958896 0.788363 0.966647 0.750308 0.850597 0.745422 0.844837 0.7510001 0.848247 0.788363 0.966647 0.786102 0.958896 0.786053 0.967781 0.750308 0.850597 0.742844 0.845815 0.745422 0.844837 0.90152 0.87599 0.908142 0.875148 0.910852 0.869046 0.727097 0.964128 0.730027 0.959913 0.729761 0.970305 0.910852 0.869046 0.908142 0.875148 0.912131 0.871126 0.727097 0.964128 0.727923 0.957938 0.730027 0.959913 0.74078 0.837439 0.745422 0.844837 0.742844 0.845815 0.742844 0.845815 0.738285 0.838067 0.74078 0.837439 0.732985 0.951685 0.730027 0.959913 0.727923 0.957938 0.727923 0.957938 0.730349 0.951409 0.732985 0.951685 0.910852 0.869046 0.912131 0.871126 0.91532 0.864125 0.740355 0.845955 0.735942 0.83686 0.738285 0.838067 0.918106 0.967421 0.92028 0.962357 0.922393 0.963596 0.922393 0.963596 0.920584 0.967961 0.918106 0.967421 0.910926 0.863227 0.910852 0.869046 0.912578 0.857953 0.910926 0.863227 0.912578 0.857953 0.909858 0.856744 0.74078 0.837439 0.738285 0.838067 0.739549 0.832471 0.739549 0.832471 0.741935 0.832723 0.74078 0.837439 0.912578 0.857953 0.906912 0.852677 0.909858 0.856744 0.906912 0.852677 0.912578 0.857953 0.90774 0.850058 0.735942 0.83686 0.739549 0.832471 0.738285 0.838067 0.80292 0.969207 0.806569 0.973504 0.805059 0.963393 0.912578 0.857953 0.914711 0.856694 0.912275 0.851526 0.80292 0.969207 0.805059 0.963393 0.802658 0.963349 0.918106 0.967421 0.920584 0.967961 0.920151 0.973243 0.920151 0.973243 0.917626 0.972988 0.918106 0.967421 0.745104 0.830081 0.741935 0.832723 0.739549 0.832471 0.739549 0.832471 0.742868 0.829643 0.745104 0.830081 0.902122 0.850144 0.906912 0.852677 0.90774 0.850058 0.906912 0.852677 0.902122 0.850144 0.902743 0.852701 0.801887 0.959726 0.802658 0.963349 0.803766 0.957474 0.802658 0.963349 0.805059 0.963393 0.803766 0.957474 0.739472 0.828265 0.74436 0.827173 0.742868 0.829643 0.847257 0.953105 0.844408 0.953959 0.846283 0.959479 0.74436 0.827173 0.744691 0.824945 0.751409 0.827978 0.751409 0.827978 0.749863 0.829943 0.74436 0.827173 0.74436 0.827173 0.74748 0.830915 0.742868 0.829643 0.920151 0.973243 0.922393 0.977504 0.919246 0.977342 0.765003 0.890144 0.767444 0.888199 0.768006 0.893846 0.895851 0.854529 0.902743 0.852701 0.902122 0.850144 0.902743 0.852701 0.895851 0.854529 0.896738 0.856853 0.846283 0.959479 0.843946 0.961316 0.847257 0.968166 0.749863 0.829943 0.751409 0.827978 0.757039 0.833047 0.757039 0.833047 0.755066 0.834669 0.749863 0.829943 0.749863 0.829943 0.754066 0.836502 0.74748 0.830915 0.9032 0.854868 0.896738 0.856853 0.898887 0.858167 0.765578 0.881821 0.768006 0.882096 0.767444 0.888199 0.948713 0.798504 0.945755 0.805523 0.949944 0.805412 0.945755 0.805523 0.948713 0.798504 0.946483 0.796195 0.649317 0.932093 0.658125 0.928285 0.66018 0.932673 0.66018 0.932673 0.649106 0.934427 0.649317 0.932093 0.658125 0.928285 0.649317 0.932093 0.648441 0.929682 0.867903 0.586137 0.871468 0.586627 0.870398 0.597575 0.870398 0.597575 0.86805 0.596561 0.867903 0.586137 0.932002 0.865106 0.929361 0.865506 0.933895 0.857496 0.929361 0.865506 0.932002 0.865106 0.931978 0.870893 0.931978 0.870893 0.928614 0.871387 0.929361 0.865506 0.872439 0.595134 0.870398 0.597575 0.871468 0.586627 0.649317 0.932093 0.644753 0.931169 0.648441 0.929682 0.648441 0.929682 0.644753 0.931169 0.644609 0.925792 0.644609 0.925792 0.646888 0.926015 0.648441 0.929682 0.870398 0.597575 0.870775 0.601341 0.86805 0.596561 0.931395 0.875885 0.928614 0.871387 0.931978 0.870893 0.931978 0.870893 0.933895 0.875089 0.931395 0.875885 0.894959 0.973287 0.897165 0.972032 0.898252 0.976655 0.87464 0.6019 0.870775 0.601341 0.870398 0.597575 0.870398 0.597575 0.87394 0.599335 0.87464 0.6019 0.646888 0.926015 0.644609 0.925792 0.648951 0.918828 0.648951 0.918828 0.651935 0.918323 0.646888 0.926015 0.646888 0.926015 0.650268 0.924518 0.649017 0.928549 0.956296 0.963772 0.953242 0.964206 0.95488 0.967935 0.897165 0.972032 0.894959 0.973287 0.894107 0.963989 0.894107 0.963989 0.896613 0.964153 0.897165 0.972032 0.882188 0.598095 0.875979 0.603483 0.87464 0.6019 0.87464 0.6019 0.879764 0.597044 0.882188 0.598095 0.879764 0.597044 0.87464 0.6019 0.87394 0.599335 0.87394 0.599335 0.879547 0.59369 0.879764 0.597044 0.898252 0.957046 0.896613 0.964153 0.894107 0.963989 0.894107 0.963989 0.896252 0.955717 0.898252 0.957046 0.648951 0.918828 0.656005 0.913689 0.651935 0.918323 0.882188 0.598095 0.879764 0.597044 0.882664 0.589117 0.882664 0.589117 0.885373 0.588465 0.882188 0.598095 0.66018 0.917361 0.654725 0.91964 0.651935 0.918323 0.651935 0.918323 0.659498 0.915076 0.66018 0.917361 0.879547 0.59369 0.882664 0.589117 0.879764 0.597044 0.951902 0.973175 0.956296 0.978283 0.95467 0.974104 0.956296 0.978283 0.951902 0.973175 0.954109 0.979047 0.885373 0.588465 0.882664 0.589117 0.881877 0.582369 0.881877 0.582369 0.88513 0.582035 0.885373 0.588465 0.983874 0.868634 0.982838 0.863945 0.979917 0.863844 0.633392 0.954004 0.634889 0.953592 0.632802 0.961003 0.632802 0.961003 0.631987 0.958727 0.633392 0.954004 0.880672 0.585178 0.881877 0.582369 0.882664 0.589117 0.982838 0.863945 0.979988 0.855642 0.979917 0.863844 0.979988 0.855642 0.982838 0.863945 0.981369 0.856348 0.880737 0.575924 0.88513 0.582035 0.881877 0.582369 0.881877 0.582369 0.878077 0.576658 0.880737 0.575924 0.977343 0.856426 0.979917 0.863844 0.979988 0.855642 0.878077 0.576658 0.881877 0.582369 0.880672 0.585178 0.880672 0.585178 0.877254 0.579085 0.878077 0.576658 0.628979 0.960318 0.631071 0.952907 0.633392 0.954004 0.633392 0.954004 0.631987 0.958727 0.628979 0.960318 0.772039 0.575912 0.76092 0.573183 0.761572 0.575747 0.76092 0.573183 0.772039 0.575912 0.769625 0.572883 0.822611 0.867567 0.822428 0.860912 0.825822 0.867552 0.631987 0.958727 0.631686 0.969382 0.628979 0.960318 0.977343 0.856426 0.979988 0.855642 0.97855 0.844415 0.600403 0.916833 0.598402 0.915557 0.594088 0.923811 0.822611 0.867567 0.819121 0.857933 0.822428 0.860912 0.878077 0.576658 0.877254 0.579085 0.867874 0.575095 0.867874 0.575095 0.870318 0.572883 0.878077 0.576658 0.821624 0.854957 0.819121 0.857933 0.819697 0.849796 0.819697 0.849796 0.822251 0.850239 0.821624 0.854957 0.631686 0.969382 0.629544 0.973418 0.628979 0.960318 0.819121 0.857933 0.821624 0.854957 0.822428 0.860912 0.97855 0.844415 0.981135 0.844944 0.983874 0.837944 0.596594 0.92431 0.594088 0.923811 0.595075 0.932622 0.631686 0.969382 0.63298 0.975255 0.629544 0.973418 0.632483 0.978683 0.629544 0.973418 0.63298 0.975255 0.63298 0.975255 0.634889 0.977827 0.632483 0.978683 0.776984 0.576151 0.772039 0.575912 0.778112 0.580816 0.867874 0.575095 0.861973 0.577813 0.863419 0.573376 0.822251 0.850239 0.819697 0.849796 0.823478 0.840368 0.823478 0.840368 0.825822 0.841439 0.822251 0.850239 0.78229 0.578901 0.776984 0.576151 0.782752 0.585587 0.595075 0.932622 0.593209 0.938008 0.597197 0.943017 0.856923 0.586335 0.861973 0.577813 0.864084 0.579128 0.864084 0.579128 0.859395 0.587156 0.856923 0.586335 0.782752 0.585587 0.778112 0.580816 0.782707 0.590702 0.861973 0.577813 0.856923 0.586335 0.857367 0.580961 0.680458 0.801021 0.682708 0.800339 0.685288 0.80859 0.685288 0.80859 0.682864 0.809223 0.680458 0.801021 0.78229 0.578901 0.782752 0.585587 0.786611 0.588306 0.597197 0.943017 0.593209 0.938008 0.595926 0.947117 0.786611 0.588306 0.782752 0.585587 0.785269 0.594432 0.597197 0.943017 0.595926 0.947117 0.600403 0.950225 0.855789 0.598718 0.856923 0.586335 0.859395 0.587156 0.859395 0.587156 0.858449 0.599272 0.855789 0.598718 0.785269 0.594432 0.782707 0.590702 0.782719 0.602535 0.856923 0.586335 0.855789 0.598718 0.854273 0.589219 0.785269 0.594432 0.786583 0.606034 0.787785 0.595452 0.786583 0.606034 0.785269 0.594432 0.783219 0.609571 0.621099 0.807441 0.623236 0.799287 0.626005 0.798831 0.626005 0.798831 0.623135 0.810851 0.621099 0.807441 0.682864 0.809223 0.685288 0.80859 0.684988 0.82188 0.684988 0.82188 0.682433 0.822299 0.682864 0.809223 0.859064 0.613218 0.855789 0.598718 0.858449 0.599272 0.858449 0.599272 0.861826 0.613371 0.859064 0.613218 0.783219 0.609571 0.782719 0.602535 0.777788 0.614512 0.855789 0.598718 0.859064 0.613218 0.85467 0.605883 0.682433 0.822299 0.684988 0.82188 0.682078 0.848165 0.682078 0.848165 0.679569 0.848245 0.682433 0.822299 0.781887 0.616733 0.783219 0.609571 0.767351 0.636064 0.623135 0.810851 0.625092 0.845034 0.620914 0.819414 0.868184 0.639085 0.859064 0.613218 0.861826 0.613371 0.861826 0.613371 0.870829 0.638894 0.868184 0.639085 0.767351 0.636064 0.777788 0.614512 0.765467 0.634521 0.859064 0.613218 0.868184 0.639085 0.866362 0.639911 0.679569 0.848245 0.682078 0.848165 0.679805 0.876022 0.679805 0.876022 0.677336 0.875549 0.679569 0.848245 0.765467 0.634521 0.755273 0.658341 0.767351 0.636064 0.755273 0.658341 0.765467 0.634521 0.7533 0.657008 0.875048 0.668052 0.866362 0.639911 0.868184 0.639085 0.868184 0.639085 0.876939 0.667442 0.875048 0.668052 0.764491 0.645643 0.767351 0.636064 0.755273 0.658341 0.625092 0.845034 0.626005 0.872432 0.623087 0.856807 0.876939 0.667442 0.868184 0.639085 0.870829 0.638894 0.870829 0.638894 0.879406 0.666707 0.876939 0.667442 0.677959 0.891273 0.677336 0.875549 0.679805 0.876022 0.679805 0.876022 0.681079 0.896857 0.677959 0.891273 0.747508 0.678558 0.755273 0.658341 0.7533 0.657008 0.755273 0.658341 0.747508 0.678558 0.750736 0.673375 0.750736 0.673375 0.756533 0.661798 0.755273 0.658341 0.756533 0.661798 0.750736 0.673375 0.752039 0.679493 0.6233 0.875814 0.626005 0.872432 0.624576 0.887051 0.624576 0.887051 0.621137 0.892111 0.6233 0.875814 0.875048 0.668052 0.876939 0.667442 0.880076 0.692306 0.880076 0.692306 0.877681 0.685598 0.875048 0.668052 0.876939 0.667442 0.879406 0.666707 0.882162 0.685055 0.882162 0.685055 0.880076 0.692306 0.876939 0.667442 0.723811 0.960419 0.719415 0.926952 0.721465 0.923566 0.721465 0.923566 0.726015 0.958171 0.723811 0.960419 0.681079 0.896857 0.680039 0.904056 0.677959 0.891273 0.752039 0.679493 0.750736 0.673375 0.74872 0.68793 0.624576 0.887051 0.621843 0.898655 0.621137 0.892111 0.882162 0.685055 0.882599 0.701897 0.880076 0.692306 0.74872 0.68793 0.747508 0.678558 0.747019 0.699237 0.880076 0.692306 0.87855 0.714149 0.878103 0.701635 0.724841 0.891048 0.722449 0.891264 0.726015 0.882358 0.751568 0.698858 0.74872 0.68793 0.750171 0.705792 0.831609 0.882956 0.831114 0.874669 0.827629 0.869883 0.882599 0.701897 0.88077 0.715222 0.87855 0.714149 0.750171 0.705792 0.747019 0.699237 0.752147 0.718928 0.87855 0.714149 0.872093 0.732723 0.87511 0.719758 0.721926 0.907427 0.718995 0.914977 0.720226 0.901537 0.756399 0.717386 0.750171 0.705792 0.759946 0.732265 0.827629 0.869883 0.829191 0.858811 0.826785 0.845265 0.877055 0.727516 0.870771 0.740868 0.872093 0.732723 0.759946 0.732265 0.752147 0.718928 0.759782 0.735562 0.872093 0.732723 0.863683 0.7471 0.863864 0.743561 0.721465 0.923566 0.719415 0.926952 0.718995 0.914977 0.870771 0.740868 0.863884 0.750295 0.863683 0.7471 0.863683 0.7471 0.863884 0.750295 0.841899 0.771396 0.841899 0.771396 0.840948 0.768911 0.863683 0.7471 0.763548 0.732975 0.759946 0.732265 0.787589 0.764683 0.826785 0.845265 0.829618 0.843337 0.836784 0.8053 0.785205 0.770536 0.787589 0.764683 0.785008 0.76561 0.787589 0.764683 0.785205 0.770536 0.787785 0.770311 0.787589 0.764683 0.759946 0.732265 0.785008 0.76561 0.826785 0.845265 0.836784 0.8053 0.834157 0.805232 0.726015 0.958171 0.725817 0.961582 0.723811 0.960419 0.841899 0.771396 0.839258 0.772089 0.840948 0.768911 0.785008 0.76561 0.783615 0.768476 0.785205 0.770536 0.836784 0.8053 0.832941 0.80192 0.834157 0.805232 0.832941 0.80192 0.836784 0.8053 0.835356 0.801362 0.756354 0.974409 0.758713 0.977193 0.758713 0.973328 0.758713 0.977193 0.756354 0.974409 0.756269 0.976695 0.839258 0.772089 0.8376 0.773596 0.838193 0.768693 0.836468 0.889394 0.834513 0.893257 0.832577 0.888248 0.671712 0.908371 0.672902 0.901469 0.675301 0.905703 0.676464 0.951076 0.673216 0.9527 0.675076 0.953935 0.673216 0.9527 0.676464 0.951076 0.67399 0.950884 0.779702 0.771027 0.783615 0.768476 0.780229 0.768399 0.839258 0.772089 0.842273 0.773346 0.842485 0.776303 0.769219 0.748486 0.780229 0.768399 0.782112 0.766661 0.780229 0.768399 0.769219 0.748486 0.768006 0.751136 0.836468 0.889394 0.836784 0.895005 0.834513 0.893257 0.672902 0.901469 0.674923 0.900529 0.675301 0.905703 0.768006 0.751136 0.779702 0.771027 0.780229 0.768399 0.779702 0.771027 0.768006 0.751136 0.764284 0.749634 0.826589 0.918949 0.834513 0.893257 0.836784 0.895005 0.836784 0.895005 0.829647 0.917769 0.826589 0.918949 0.845319 0.776935 0.842485 0.776303 0.858321 0.760042 0.858321 0.760042 0.85929 0.762341 0.845319 0.776935 0.842485 0.776303 0.842273 0.773346 0.854845 0.760134 0.854845 0.760134 0.858321 0.760042 0.842485 0.776303 0.676464 0.951076 0.67117 0.930153 0.67399 0.950884 0.67117 0.930153 0.676464 0.951076 0.673778 0.931407 0.740182 0.749139 0.752941 0.744269 0.751563 0.741857 0.752941 0.744269 0.740182 0.749139 0.742365 0.750674 0.764284 0.749634 0.768006 0.751136 0.761289 0.744757 0.854845 0.760134 0.86146 0.756126 0.858321 0.760042 0.829647 0.917769 0.828854 0.92574 0.826589 0.918949 0.808935 0.954299 0.80893 0.94905 0.811954 0.953907 0.764284 0.749634 0.761289 0.744757 0.752941 0.744269 0.86146 0.756126 0.868982 0.758938 0.858321 0.760042 0.828854 0.92574 0.829465 0.931997 0.826832 0.932534 0.8046 0.943572 0.80719 0.943341 0.80893 0.94905 0.752941 0.744269 0.761289 0.744757 0.751563 0.741857 0.86146 0.756126 0.870436 0.756957 0.868982 0.758938 0.829465 0.931997 0.836784 0.939251 0.826832 0.932534 0.8046 0.943572 0.808563 0.926553 0.80719 0.943341 0.889869 0.926593 0.887834 0.942231 0.890509 0.943741 0.868982 0.758938 0.870436 0.756957 0.879931 0.769108 0.879931 0.769108 0.877833 0.769848 0.868982 0.758938 0.752214 0.782323 0.747033 0.776319 0.744526 0.777387 0.747033 0.776319 0.752214 0.782323 0.75333 0.780317 0.881487 0.766837 0.879931 0.769108 0.870436 0.756957 0.890509 0.943741 0.887834 0.942231 0.889095 0.949021 0.694693 0.977101 0.69642 0.968806 0.69642 0.978534 0.805902 0.927748 0.808029 0.92022 0.808563 0.926553 0.881487 0.766837 0.884228 0.77319 0.879931 0.769108 0.73854 0.75652 0.740182 0.749139 0.735942 0.757685 0.879931 0.769108 0.882909 0.779738 0.880703 0.777489 0.893291 0.953529 0.889095 0.949021 0.891385 0.954869 0.884228 0.77319 0.885373 0.780507 0.882909 0.779738 0.740415 0.760327 0.73854 0.75652 0.738796 0.767581 0.989182 0.862676 0.989633 0.859764 0.985711 0.856779 0.93163 0.929671 0.926571 0.934926 0.929152 0.929295 0.885373 0.780507 0.884094 0.788667 0.882909 0.779738 0.93163 0.929671 0.928389 0.938018 0.926571 0.934926 0.884094 0.788667 0.880556 0.790876 0.882909 0.779738 0.740415 0.760327 0.738796 0.767581 0.742618 0.769888 0.985711 0.856779 0.989633 0.859764 0.98737 0.851947 0.985711 0.856779 0.98737 0.851947 0.984711 0.845232 0.880556 0.790876 0.87384 0.796923 0.879879 0.787284 0.738796 0.767581 0.73739 0.768871 0.743745 0.779996 0.880556 0.790876 0.873809 0.799992 0.87384 0.796923 0.742618 0.769888 0.738796 0.767581 0.744526 0.777387 0.927992 0.950076 0.926047 0.952294 0.925245 0.943742 0.925245 0.943742 0.926047 0.952294 0.924299 0.9503 0.744526 0.777387 0.743745 0.779996 0.752214 0.782323 0.761958 0.772276 0.75897 0.779871 0.761666 0.779266 0.75897 0.779871 0.761958 0.772276 0.759494 0.773658 0.984711 0.845232 0.987519 0.844401 0.989633 0.836939 0.927992 0.950076 0.928339 0.959607 0.926047 0.952294 0.984711 0.845232 0.989633 0.836939 0.987676 0.835416 0.774116 0.968011 0.771054 0.962098 0.777232 0.968392 0.752214 0.782323 0.743745 0.779996 0.753124 0.784771 0.873809 0.799992 0.864963 0.801261 0.865791 0.798834 0.753124 0.784771 0.757256 0.784509 0.75897 0.779871 0.991195 0.633491 0.988736 0.632739 0.990404 0.64054 0.865791 0.798834 0.86459 0.792253 0.868211 0.797756 0.770517 0.956085 0.774329 0.949311 0.773098 0.959298 0.990404 0.64054 0.988736 0.632739 0.987965 0.640924 0.865791 0.798834 0.861987 0.792463 0.86459 0.792253 0.770432 0.949082 0.772195 0.9477 0.770517 0.956085 0.770517 0.956085 0.772195 0.9477 0.774329 0.949311 0.759494 0.773658 0.757186 0.777907 0.75897 0.779871 0.757186 0.777907 0.759494 0.773658 0.757271 0.772403 0.989667 0.644602 0.990404 0.64054 0.987965 0.640924 0.990404 0.64054 0.989667 0.644602 0.991195 0.642829 0.86459 0.792253 0.861987 0.792463 0.862445 0.786672 0.862445 0.786672 0.864579 0.789013 0.86459 0.792253 0.861987 0.792463 0.8602 0.793807 0.860322 0.787095 0.860322 0.787095 0.862445 0.786672 0.861987 0.792463 0.774329 0.949311 0.772195 0.9477 0.775519 0.943501 0.775519 0.943501 0.777232 0.945248 0.774329 0.949311 0.934712 0.871869 0.9348 0.864774 0.937053 0.866605 0.937053 0.866605 0.937029 0.870235 0.934712 0.871869 0.826569 0.95298 0.827367 0.948812 0.82943 0.952526 0.862445 0.786672 0.866882 0.785299 0.864579 0.789013 0.759494 0.773658 0.761958 0.772276 0.755431 0.766208 0.607651 0.971727 0.610192 0.971519 0.609343 0.964066 0.757271 0.772403 0.755431 0.766208 0.74868 0.762652 0.864666 0.780912 0.871046 0.779875 0.862445 0.786672 0.755431 0.766208 0.756794 0.764033 0.751193 0.75885 0.607042 0.962968 0.609343 0.964066 0.60782 0.955652 0.74868 0.762652 0.755431 0.766208 0.749309 0.760539 0.864666 0.780912 0.870683 0.777413 0.871046 0.779875 0.991712 0.703769 0.989252 0.703271 0.990269 0.712523 0.651769 0.890496 0.658998 0.89292 0.651044 0.892947 0.777232 0.970643 0.777232 0.979411 0.774437 0.969209 0.762967 0.973291 0.763217 0.961719 0.765424 0.972686 0.928108 0.828847 0.936452 0.829377 0.936268 0.832186 0.660572 0.8883 0.661131 0.890776 0.651769 0.890496 0.936452 0.829377 0.942185 0.825328 0.936268 0.832186 0.660572 0.8883 0.668164 0.894809 0.661131 0.890776 0.991712 0.717515 0.987736 0.713529 0.989667 0.718334 0.661131 0.890776 0.666245 0.895719 0.664151 0.897025 0.942185 0.825328 0.945086 0.824134 0.942027 0.830664 0.784532 0.975387 0.784061 0.971355 0.781055 0.970966 0.940353 0.824103 0.940856 0.815537 0.942185 0.825328 0.668164 0.894809 0.667932 0.903242 0.666245 0.895719 0.940856 0.815537 0.942712 0.813355 0.942185 0.825328 0.668164 0.894809 0.670326 0.905307 0.667932 0.903242 0.942712 0.813355 0.945163 0.812899 0.945086 0.824134 0.781055 0.970966 0.780602 0.960662 0.778048 0.960719 0.940856 0.815537 0.937212 0.809736 0.942712 0.813355 0.801071 0.975588 0.799464 0.977253 0.796881 0.971776 0.796881 0.971776 0.799759 0.972747 0.801071 0.975588 0.710949 0.958889 0.715466 0.954194 0.71318 0.953483 0.715466 0.954194 0.710949 0.958889 0.713349 0.959591 0.670326 0.905307 0.664559 0.907987 0.667932 0.903242 0.780602 0.960662 0.778793 0.953585 0.778048 0.960719 0.778793 0.953585 0.780602 0.960662 0.781415 0.953746 0.710706 0.96555 0.713349 0.959591 0.710949 0.958889 0.713349 0.959591 0.710706 0.96555 0.713284 0.96741 0.781415 0.953746 0.781328 0.949339 0.778793 0.953585 0.781328 0.949339 0.781415 0.953746 0.784532 0.949162 0.937029 0.870235 0.94015 0.875344 0.934712 0.871869 0.796881 0.971776 0.799447 0.963707 0.799759 0.972747 0.919779 0.820882 0.926366 0.810561 0.927089 0.813437 0.927089 0.813437 0.922475 0.821333 0.919779 0.820882 0.713284 0.96741 0.710706 0.96555 0.711803 0.973724 0.618676 0.956977 0.620519 0.965498 0.620519 0.95117 0.796881 0.971776 0.797939 0.958132 0.799447 0.963707 0.660794 0.912872 0.653184 0.91162 0.659853 0.910504 0.926366 0.810561 0.924488 0.80908 0.932658 0.806387 0.659853 0.910504 0.650258 0.907429 0.65218 0.906307 0.715466 0.977292 0.711803 0.973724 0.713785 0.979117 0.653184 0.91162 0.647579 0.908494 0.650258 0.907429 0.926366 0.810561 0.919779 0.820882 0.924488 0.80908 0.875866 0.840941 0.869573 0.835846 0.874793 0.842993 0.869573 0.835846 0.875866 0.840941 0.872152 0.835308 0.798161 0.948386 0.796881 0.939397 0.799419 0.94052 0.799419 0.94052 0.800714 0.948394 0.798161 0.948386 0.650258 0.907429 0.643382 0.896714 0.65218 0.906307 0.919779 0.820882 0.918139 0.819757 0.924488 0.80908 0.650258 0.907429 0.641675 0.897549 0.643382 0.896714 0.803784 0.919548 0.800535 0.92854 0.801433 0.918564 0.922475 0.821333 0.920956 0.828346 0.919779 0.820882 0.869573 0.835846 0.872152 0.835308 0.87054 0.829296 0.639305 0.898933 0.637977 0.887799 0.641675 0.897549 0.919779 0.820882 0.918239 0.830201 0.916137 0.830723 0.637977 0.887799 0.640424 0.888442 0.643382 0.896714 0.800535 0.92854 0.796881 0.939397 0.798199 0.927882 0.921589 0.838491 0.919873 0.841504 0.918239 0.830201 0.867743 0.827671 0.870056 0.819496 0.867812 0.816388 0.635705 0.888929 0.63596 0.878574 0.637977 0.887799 0.919873 0.841504 0.91819 0.843052 0.916137 0.830723 0.637977 0.887799 0.63869 0.877218 0.640794 0.87872 0.921589 0.838491 0.925899 0.846585 0.919873 0.841504 0.867812 0.816388 0.870056 0.819496 0.872158 0.810189 0.756933 0.959041 0.755035 0.960572 0.752134 0.953263 0.752134 0.953263 0.754492 0.952337 0.756933 0.959041 0.801396 0.956658 0.798161 0.948386 0.800714 0.948394 0.800714 0.948394 0.803784 0.956017 0.801396 0.956658 0.919873 0.841504 0.929022 0.85209 0.922519 0.849716 0.642718 0.871784 0.645358 0.873222 0.640794 0.87872 0.754492 0.952337 0.752134 0.953263 0.750646 0.942987 0.750646 0.942987 0.753172 0.942716 0.754492 0.952337 0.872158 0.810189 0.873749 0.802077 0.870358 0.808118 0.873749 0.802077 0.872158 0.810189 0.875866 0.803367 0.98516 0.753281 0.980612 0.759848 0.983105 0.761619 0.938311 0.856118 0.930396 0.856456 0.929374 0.854879 0.929374 0.854879 0.945163 0.85236 0.938311 0.856118 0.649803 0.867881 0.651317 0.870206 0.645358 0.873222 0.753172 0.942716 0.750646 0.942987 0.752096 0.933045 0.752096 0.933045 0.756933 0.923226 0.753172 0.942716 0.983105 0.761619 0.980612 0.759848 0.983605 0.770066 0.651317 0.870206 0.658095 0.873757 0.650452 0.872649 0.833204 0.974816 0.831152 0.977355 0.833204 0.97761 0.831152 0.977355 0.833204 0.974816 0.830246 0.974842 0.929022 0.85209 0.94478 0.849659 0.945163 0.85236 0.667997 0.871477 0.667938 0.873792 0.651317 0.870206 0.983605 0.770066 0.982275 0.779706 0.984933 0.779515 0.667938 0.873792 0.666952 0.87638 0.658095 0.873757 0.981689 0.781877 0.984933 0.779515 0.982275 0.779706 0.984933 0.779515 0.981689 0.781877 0.985472 0.782582 0.617397 0.866674 0.615607 0.863707 0.615882 0.86637 0.615607 0.863707 0.617397 0.866674 0.618574 0.864263 0.652844 0.817437 0.645008 0.827245 0.655053 0.81825 0.645008 0.827245 0.652844 0.817437 0.642317 0.826903 0.830246 0.974842 0.833204 0.974816 0.831196 0.972621 0.941661 0.973758 0.941619 0.971473 0.944194 0.971675 0.615607 0.863707 0.618574 0.864263 0.618574 0.861572 0.663539 0.802271 0.661535 0.801806 0.657924 0.80551 0.714481 0.868595 0.710927 0.863811 0.715616 0.867298 0.663539 0.802271 0.657924 0.80551 0.652844 0.817437 0.710927 0.863811 0.705766 0.850375 0.715616 0.867298 0.921756 0.922886 0.919994 0.935063 0.922393 0.935388 0.661824 0.80825 0.652844 0.817437 0.655053 0.81825 0.942451 0.953854 0.944873 0.953624 0.944126 0.965844 0.702022 0.853082 0.704166 0.851707 0.710927 0.863811 0.943945 0.938266 0.944873 0.953624 0.942451 0.953854 0.942451 0.953854 0.941494 0.937739 0.943945 0.938266 0.919994 0.935063 0.921351 0.952468 0.922393 0.935388 0.921351 0.952468 0.919994 0.935063 0.918932 0.95312 0.693341 0.83828 0.704166 0.851707 0.702022 0.853082 0.702022 0.853082 0.690611 0.838822 0.693341 0.83828 0.642317 0.826903 0.6511 0.815582 0.639991 0.825691 0.704166 0.851707 0.693341 0.83828 0.69551 0.837765 0.642317 0.826903 0.64035 0.835313 0.645008 0.827245 0.64035 0.835313 0.642317 0.826903 0.63819 0.83393 0.944873 0.929295 0.943945 0.938266 0.941494 0.937739 0.941494 0.937739 0.942273 0.929848 0.944873 0.929295 0.918932 0.95312 0.922393 0.960778 0.921351 0.952468 0.922393 0.960778 0.918932 0.95312 0.920142 0.961541 0.689358 0.829227 0.693341 0.83828 0.690611 0.838822 0.690611 0.838822 0.686705 0.8294 0.689358 0.829227 0.63819 0.83393 0.639991 0.825691 0.636032 0.833565 0.693341 0.83828 0.689358 0.829227 0.691393 0.829507 0.845343 0.91177 0.847686 0.912857 0.842399 0.921333 0.842399 0.921333 0.83983 0.920803 0.845343 0.91177 0.63819 0.83393 0.636032 0.833565 0.63758 0.845272 0.689358 0.829227 0.690484 0.817993 0.691393 0.829507 0.688679 0.816259 0.689358 0.829227 0.686705 0.8294 0.686705 0.8294 0.686104 0.815766 0.688679 0.816259 0.63758 0.845272 0.636032 0.833565 0.635705 0.846447 0.689358 0.829227 0.688679 0.816259 0.690484 0.817993 0.83983 0.920803 0.842399 0.921333 0.840492 0.930542 0.840492 0.930542 0.8376 0.933575 0.83983 0.920803 0.63758 0.845272 0.635705 0.846447 0.641592 0.855941 0.688679 0.816259 0.693981 0.808537 0.690484 0.817993 0.691844 0.807891 0.688679 0.816259 0.686104 0.815766 0.686104 0.815766 0.690915 0.804778 0.691844 0.807891 0.641592 0.855941 0.635705 0.846447 0.639335 0.855911 0.688679 0.816259 0.691844 0.807891 0.693981 0.808537 0.615105 0.853017 0.618574 0.859878 0.617511 0.852256 0.618574 0.859878 0.615105 0.853017 0.616357 0.860756 0.840492 0.930542 0.840387 0.9385 0.8376 0.933575 0.643301 0.853425 0.641592 0.855941 0.647224 0.858687 0.902003 0.933737 0.904748 0.9351 0.904944 0.928486 0.690915 0.804778 0.69615 0.802958 0.691844 0.807891 0.641592 0.855941 0.644069 0.862269 0.650376 0.86399 0.69615 0.802958 0.702075 0.803127 0.693981 0.808537 0.840387 0.9385 0.842579 0.947921 0.838481 0.943003 0.977343 0.874085 0.983386 0.871754 0.983386 0.874653 0.903818 0.921496 0.904944 0.928486 0.90664 0.921811 0.654688 0.96045 0.655388 0.954644 0.658662 0.962608 0.842579 0.947921 0.840145 0.948359 0.838481 0.943003 0.654688 0.96045 0.653009 0.955194 0.655388 0.954644 0.618574 0.845963 0.616435 0.844486 0.617511 0.852256 0.903818 0.921496 0.90664 0.921811 0.909819 0.91809 0.617511 0.852256 0.616435 0.844486 0.615105 0.853017 0.903818 0.921496 0.909819 0.91809 0.908159 0.916678 0.842579 0.947921 0.847686 0.952289 0.843204 0.952166 0.652636 0.948199 0.655658 0.943837 0.655388 0.954644 0.651892 0.943572 0.653475 0.941823 0.652636 0.948199 0.652636 0.948199 0.653475 0.941823 0.655658 0.943837 0.710859 0.81403 0.706344 0.807234 0.708998 0.806358 0.708998 0.806358 0.713454 0.813553 0.710859 0.81403 0.663242 0.8643 0.66442 0.857071 0.660029 0.864456 0.66442 0.857071 0.663242 0.8643 0.666673 0.85827 0.658662 0.935534 0.655658 0.943837 0.653475 0.941823 0.653475 0.941823 0.655939 0.935243 0.658662 0.935534 0.662167 0.857092 0.660029 0.864456 0.66442 0.857071 0.711223 0.805557 0.715616 0.814254 0.713454 0.813553 0.821239 0.966492 0.823456 0.961258 0.825565 0.962536 0.825565 0.962536 0.823721 0.967042 0.821239 0.966492 0.662167 0.857092 0.66442 0.857071 0.66104 0.850364 0.710859 0.81403 0.713454 0.813553 0.712588 0.81994 0.712588 0.81994 0.710049 0.819434 0.710859 0.81403 0.821239 0.966492 0.823721 0.967042 0.82328 0.972333 0.82328 0.972333 0.820751 0.972071 0.821239 0.966492 0.715616 0.814254 0.712588 0.81994 0.713454 0.813553 0.66442 0.857071 0.666039 0.850731 0.661183 0.845872 0.838787 0.970424 0.84313 0.974085 0.84001 0.964306 0.661183 0.845872 0.666039 0.850731 0.663445 0.844915 0.838787 0.970424 0.84001 0.964306 0.8376 0.964628 0.707332 0.82312 0.710049 0.819434 0.712588 0.81994 0.712588 0.81994 0.709747 0.823864 0.707332 0.82312 0.826382 0.968454 0.829338 0.962709 0.827204 0.961258 0.829338 0.962709 0.826382 0.968454 0.828805 0.968736 0.661183 0.845872 0.663445 0.844915 0.659235 0.840602 0.8376 0.964628 0.84001 0.964306 0.837801 0.958525 0.657898 0.845493 0.661183 0.845872 0.656502 0.842011 0.712858 0.824472 0.708527 0.826927 0.709747 0.823864 0.657898 0.845493 0.656502 0.842011 0.653436 0.844329 0.708527 0.826927 0.705551 0.823691 0.709747 0.823864 0.840619 0.958119 0.840707 0.953105 0.837801 0.958525 0.840707 0.953105 0.840619 0.958119 0.84313 0.953876 0.82328 0.972333 0.825565 0.976366 0.822402 0.976254 0.987909 0.627171 0.990336 0.625208 0.990883 0.630929 0.826936 0.97566 0.828805 0.968736 0.826382 0.968454 0.828805 0.968736 0.826936 0.97566 0.829338 0.975415 0.653436 0.844329 0.651159 0.841974 0.647 0.846733 0.703459 0.825362 0.699378 0.819361 0.705551 0.823691 0.703459 0.825362 0.701778 0.827037 0.696487 0.823019 0.696487 0.823019 0.698568 0.821604 0.703459 0.825362 0.82943 0.953797 0.826598 0.957344 0.82943 0.958844 0.988469 0.618863 0.990883 0.619128 0.990336 0.625208 0.656037 0.970393 0.657315 0.966958 0.653802 0.968032 0.690329 0.96532 0.687515 0.964513 0.689895 0.958483 0.935902 0.798458 0.932847 0.799884 0.935765 0.802447 0.928278 0.979036 0.928722 0.976711 0.92563 0.976261 0.932847 0.799884 0.934129 0.804788 0.935765 0.802447 0.92563 0.976261 0.927317 0.972482 0.924299 0.967138 0.601051 0.978139 0.601051 0.967909 0.599294 0.974333 0.927317 0.972482 0.927109 0.966203 0.924299 0.967138 0.676546 0.595954 0.682025 0.592954 0.679939 0.590806 0.926214 0.779957 0.929186 0.783625 0.927286 0.788226 0.682025 0.592954 0.685288 0.588238 0.68321 0.584453 0.929186 0.783625 0.93203 0.784399 0.929786 0.79113 0.924809 0.797643 0.919365 0.805571 0.917406 0.80384 0.980016 0.889947 0.978702 0.900752 0.98116 0.900255 0.917406 0.80384 0.910823 0.805452 0.915074 0.802351 0.672496 0.572883 0.665344 0.573781 0.671502 0.575431 0.984552 0.718334 0.984315 0.70967 0.982239 0.711564 0.978702 0.900752 0.981039 0.906771 0.983895 0.907091 0.869294 0.91911 0.870526 0.924086 0.867399 0.927143 0.870526 0.924086 0.870215 0.92891 0.867399 0.927143 0.982239 0.711564 0.984315 0.70967 0.981734 0.704702 0.982239 0.711564 0.981734 0.704702 0.980612 0.709743 0.910823 0.805452 0.905049 0.799629 0.909444 0.801406 0.665344 0.573781 0.659054 0.581657 0.66487 0.576967 0.905049 0.799629 0.902097 0.792217 0.904626 0.794326 0.659054 0.581657 0.655836 0.590025 0.658583 0.587009 0.983044 0.695445 0.98692 0.691768 0.985142 0.690071 0.654963 0.584052 0.653161 0.591106 0.655836 0.590025 0.902097 0.792217 0.902476 0.775227 0.903543 0.782139 0.655836 0.590025 0.656225 0.606516 0.657391 0.599348 0.671877 0.891184 0.671712 0.879267 0.673937 0.887723 0.65322 0.602553 0.656508 0.615314 0.656225 0.606516 0.885146 0.892275 0.882521 0.890692 0.882053 0.865591 0.902476 0.775227 0.913623 0.737197 0.906667 0.766456 0.656225 0.606516 0.668307 0.639559 0.670017 0.638054 0.671712 0.879267 0.673669 0.842082 0.675694 0.853729 0.656508 0.615314 0.669758 0.651397 0.668307 0.639559 0.673669 0.842082 0.673858 0.823171 0.67652 0.826473 0.669758 0.651397 0.675523 0.670965 0.677275 0.666916 0.924432 0.687495 0.924835 0.67113 0.926717 0.679969 0.679983 0.684144 0.6804 0.700013 0.682459 0.690651 0.926717 0.679969 0.925261 0.658326 0.929384 0.670429 0.961707 0.876806 0.956598 0.881288 0.956178 0.88961 0.677925 0.690955 0.676428 0.711315 0.6804 0.700013 0.880944 0.816849 0.880004 0.809769 0.885373 0.802077 0.924835 0.67113 0.921979 0.653702 0.925261 0.658326 0.6804 0.700013 0.677271 0.718151 0.680848 0.712388 0.927638 0.657501 0.925261 0.658326 0.924094 0.646194 0.96556 0.866976 0.963319 0.856582 0.967979 0.867193 0.925261 0.658326 0.919101 0.641502 0.924094 0.646194 0.956178 0.88961 0.952719 0.894395 0.954306 0.905493 0.676428 0.711315 0.670097 0.728994 0.677271 0.718151 0.967979 0.867193 0.963319 0.856582 0.965041 0.850622 0.921979 0.653702 0.911236 0.633032 0.919101 0.641502 0.677271 0.718151 0.665562 0.742432 0.674127 0.731178 0.919101 0.641502 0.911076 0.629524 0.918099 0.634603 0.954306 0.905493 0.951902 0.919064 0.954719 0.920855 0.670097 0.728994 0.661978 0.742712 0.665562 0.742432 0.965041 0.850622 0.962077 0.842986 0.964575 0.834296 0.911076 0.629524 0.911236 0.633032 0.889384 0.614408 0.665385 0.745925 0.665562 0.742432 0.641776 0.76889 0.954719 0.920855 0.951902 0.919064 0.961707 0.959149 0.661978 0.742712 0.636395 0.767857 0.665562 0.742432 0.911236 0.633032 0.886814 0.615624 0.889384 0.614408 0.665562 0.742432 0.638989 0.768665 0.641776 0.76889 0.889384 0.614408 0.886814 0.615624 0.887774 0.611716 0.641776 0.76889 0.638989 0.768665 0.639993 0.772138 0.982406 0.783398 0.984258 0.78785 0.980612 0.785253 0.982406 0.783398 0.984258 0.783788 0.984258 0.78785 0.886189 0.610685 0.89085 0.606452 0.887774 0.611716 0.638316 0.773733 0.64337 0.776124 0.639993 0.772138 0.97995 0.818388 0.977343 0.819647 0.97988 0.827486 0.656202 0.759367 0.66307 0.755002 0.655103 0.757062 0.977343 0.819647 0.977575 0.827817 0.97988 0.827486 0.655103 0.757062 0.66307 0.755002 0.661485 0.753667 0.977575 0.827817 0.979139 0.835371 0.97988 0.827486 0.706895 0.919003 0.707079 0.924088 0.702866 0.929418 0.951033 0.835586 0.948392 0.84798 0.947747 0.841399 0.974163 0.952275 0.976403 0.951691 0.971155 0.945955 0.97988 0.827486 0.979139 0.835371 0.982587 0.837128 0.976403 0.951691 0.972856 0.942321 0.971155 0.945955 0.917178 0.620904 0.917519 0.617478 0.921362 0.61662 0.971155 0.945955 0.972856 0.942321 0.970401 0.939817 0.921362 0.61662 0.917519 0.617478 0.928323 0.605035 0.970401 0.939817 0.972856 0.942321 0.970873 0.926858 0.702866 0.929418 0.706737 0.94653 0.704075 0.945311 0.670859 0.757341 0.678541 0.769486 0.68003 0.767628 0.924577 0.602166 0.927316 0.593553 0.926579 0.602272 0.68003 0.767628 0.682994 0.77503 0.682207 0.76677 0.926579 0.602272 0.92942 0.590598 0.930938 0.597765 0.97352 0.925376 0.976403 0.915802 0.972181 0.92019 0.706737 0.94653 0.70989 0.954742 0.706053 0.952975 0.678541 0.769486 0.680636 0.779234 0.682994 0.77503 0.927316 0.593553 0.926099 0.582325 0.92942 0.590598 0.682994 0.77503 0.682127 0.784785 0.685288 0.777128 0.92942 0.590598 0.926099 0.582325 0.927176 0.580046 0.685288 0.777128 0.682127 0.784785 0.682827 0.788305 0.930811 0.58214 0.927176 0.580046 0.926876 0.57495 0.934719 0.954696 0.933399 0.945877 0.936541 0.951601 0.927176 0.580046 0.920738 0.572883 0.926876 0.57495 0.936541 0.951601 0.933399 0.945877 0.936145 0.939543 0.926099 0.582325 0.919827 0.575818 0.920738 0.572883 0.988678 0.758241 0.986288 0.766264 0.988823 0.765783 0.677638 0.788456 0.672901 0.793658 0.675848 0.794696 0.919827 0.575818 0.913088 0.576514 0.920738 0.572883 0.675848 0.794696 0.667494 0.797068 0.675823 0.79774 0.877152 0.947464 0.873383 0.95613 0.87132 0.953407 0.936145 0.939543 0.93648 0.930018 0.939768 0.929295 0.87132 0.953407 0.873383 0.95613 0.87083 0.959278 0.87132 0.953407 0.87083 0.959278 0.869429 0.956421 0.912298 0.574307 0.913088 0.576514 0.907753 0.583311 0.666647 0.799522 0.667494 0.797068 0.661714 0.792419 0.913088 0.576514 0.909459 0.584126 0.907753 0.583311 0.667494 0.797068 0.663565 0.79098 0.661714 0.792419 0.907869 0.590069 0.909896 0.589851 0.912015 0.594997 0.661849 0.78576 0.664035 0.785213 0.666361 0.779375 0.741704 0.961059 0.741108 0.969826 0.743412 0.96873 0.659462 0.784352 0.666361 0.779375 0.665075 0.777516 0.718181 0.831065 0.716437 0.826802 0.718181 0.816234 0.991623 0.796305 0.991623 0.808658 0.989559 0.800019 0.99113 0.831472 0.988764 0.825249 0.99113 0.823086 0.989559 0.800019 0.991623 0.808658 0.989197 0.808322 0.743412 0.96873 0.74187 0.97713 0.744242 0.976716 0.666361 0.779375 0.672604 0.775549 0.670787 0.774018 0.902769 0.899056 0.903669 0.897018 0.913785 0.897889 0.801118 0.894222 0.80184 0.896694 0.810645 0.894796 0.988099 0.775545 0.988537 0.786801 0.986288 0.785122 0.802109 0.892047 0.810645 0.894796 0.810633 0.892463 0.903669 0.897018 0.912195 0.893438 0.914227 0.895784 0.718127 0.977439 0.719062 0.968144 0.716524 0.96715 0.986288 0.785122 0.988537 0.786801 0.986735 0.791599 0.810633 0.892463 0.810645 0.894796 0.816653 0.896153 0.912195 0.893438 0.917697 0.889505 0.914227 0.895784 0.719062 0.968144 0.720587 0.963193 0.716524 0.96715 0.988537 0.786801 0.990503 0.793899 0.986735 0.791599 0.810645 0.894796 0.81747 0.901855 0.816653 0.896153 0.914227 0.895784 0.919618 0.891167 0.921856 0.891714 0.810979 0.897371 0.815515 0.902713 0.81747 0.901855 0.919618 0.891167 0.917697 0.889505 0.92094 0.884788 0.988777 0.60275 0.987619 0.595255 0.991018 0.602207 0.890337 0.959607 0.88755 0.960409 0.888618 0.97025 0.81747 0.901855 0.818619 0.912815 0.820324 0.902517 0.917697 0.889505 0.918377 0.882914 0.92094 0.884788 0.991018 0.602207 0.987619 0.595255 0.990144 0.594132 0.923483 0.882834 0.916761 0.881237 0.918953 0.879636 0.818619 0.912815 0.812748 0.915335 0.814597 0.917167 0.918953 0.879636 0.916761 0.881237 0.911247 0.879669 0.814597 0.917167 0.812748 0.915335 0.807907 0.917747 0.916761 0.881237 0.902906 0.883945 0.911247 0.879669 0.812748 0.915335 0.800796 0.913074 0.807907 0.917747 0.911247 0.879669 0.900645 0.883229 0.904171 0.878651 0.974124 0.964706 0.976403 0.954897 0.972697 0.958408 0.965089 0.972046 0.966592 0.978372 0.963501 0.977665 0.806928 0.912914 0.801065 0.909734 0.800796 0.913074 0.898082 0.881825 0.900645 0.883229 0.889477 0.890588 0.774488 0.942684 0.769679 0.935058 0.777232 0.942233 0.900645 0.883229 0.891716 0.892285 0.889477 0.890588 0.777232 0.942233 0.769679 0.935058 0.772242 0.934364 0.891716 0.892285 0.893711 0.892791 0.888297 0.900714 0.791322 0.903568 0.79307 0.902774 0.788601 0.89332 0.889477 0.890588 0.888297 0.900714 0.886189 0.899215 0.679073 0.919826 0.677281 0.928029 0.680074 0.9264 0.79307 0.902774 0.793619 0.895324 0.790936 0.894087 0.769679 0.935058 0.767628 0.924986 0.770131 0.924627 0.680074 0.9264 0.677281 0.928029 0.679601 0.936208 0.793619 0.895324 0.793831 0.886189 0.790936 0.894087 0.89101 0.899923 0.892186 0.907893 0.888297 0.900714 0.790936 0.894087 0.792192 0.884038 0.788601 0.89332 0.888297 0.900714 0.889925 0.909356 0.887281 0.90772 0.770131 0.924627 0.767848 0.912915 0.770623 0.912104 0.889925 0.909356 0.892186 0.907893 0.894899 0.913403 0.79027 0.882396 0.792192 0.884038 0.794708 0.876941 0.677348 0.939311 0.679841 0.947545 0.681658 0.945485 0.746399 0.957849 0.746708 0.951959 0.744016 0.950801 0.894899 0.913403 0.897769 0.911936 0.903206 0.915862 0.794708 0.876941 0.797157 0.878542 0.801992 0.873202 0.903206 0.915862 0.904737 0.913784 0.923483 0.910955 0.801992 0.873202 0.803262 0.875671 0.819455 0.877692 0.904737 0.913784 0.912664 0.909324 0.923234 0.90906 0.743158 0.943043 0.747261 0.935186 0.747246 0.925591 0.849828 0.958513 0.85443 0.968282 0.852191 0.968874 0.811361 0.872493 0.819455 0.877692 0.820944 0.875965 0.747246 0.925591 0.74983 0.926127 0.7481 0.922616 0.981872 0.909807 0.979562 0.913332 0.981872 0.913678 0.817297 0.870267 0.815765 0.867553 0.814576 0.868936 0.841086 0.86945 0.844389 0.863779 0.843547 0.87137 0.985311 0.905886 0.985377 0.900058 0.988003 0.907091 0.818304 0.866453 0.814755 0.86164 0.815765 0.867553 0.618128 0.843223 0.617898 0.837441 0.615443 0.843669 0.843547 0.87137 0.844389 0.863779 0.852821 0.851688 0.988003 0.907091 0.985377 0.900058 0.98712 0.888014 0.815765 0.867553 0.814755 0.86164 0.80582 0.851227 0.615443 0.843669 0.617898 0.837441 0.616171 0.8253 0.844389 0.863779 0.848907 0.849501 0.850543 0.850188 0.811003 0.86437 0.80582 0.851227 0.804181 0.852672 0.848907 0.849501 0.858493 0.834234 0.850543 0.850188 0.80582 0.851227 0.795433 0.839258 0.804181 0.852672 0.858493 0.834234 0.862202 0.825134 0.860656 0.833965 0.795433 0.839258 0.791285 0.831245 0.793216 0.839921 0.987311 0.944765 0.983849 0.952365 0.989007 0.946212 0.791285 0.831245 0.79339 0.829464 0.790436 0.819745 0.989007 0.946212 0.983849 0.952365 0.986017 0.954723 0.79339 0.829464 0.793468 0.817821 0.790436 0.819745 0.983849 0.952365 0.983314 0.962584 0.986017 0.954723 0.790436 0.819745 0.793468 0.817821 0.794069 0.810014 0.986017 0.954723 0.983314 0.962584 0.985809 0.960975 0.793468 0.817821 0.795829 0.812034 0.794069 0.810014 0.860812 0.805183 0.85873 0.80652 0.856342 0.802077 0.791892 0.80951 0.794069 0.810014 0.796321 0.804267 0.983314 0.962584 0.986328 0.974144 0.986699 0.967316 0.900866 0.955717 0.900866 0.969321 0.899069 0.961188 0.761713 0.922726 0.762399 0.926079 0.758737 0.928561 0.662835 0.931143 0.664733 0.922069 0.666092 0.92666 0.856342 0.802077 0.850498 0.804278 0.848873 0.802419 0.796321 0.804267 0.802375 0.804035 0.803944 0.801362 0.75775 0.93388 0.760219 0.934165 0.758182 0.940892 0.666939 0.917046 0.670326 0.913689 0.669261 0.91774 0.850498 0.804278 0.843798 0.809667 0.848873 0.802419 0.802375 0.804035 0.809417 0.806812 0.803944 0.801362 0.848873 0.802419 0.843798 0.809667 0.841563 0.809688 0.803944 0.801362 0.809417 0.806812 0.811695 0.805859 0.843798 0.809667 0.839709 0.817897 0.841563 0.809688 0.809417 0.806812 0.813927 0.813735 0.811695 0.805859 0.943073 0.857496 0.941223 0.863055 0.94479 0.858904 0.818304 0.81272 0.816107 0.814297 0.817864 0.820116 0.8376 0.819286 0.840843 0.823535 0.84077 0.827842 0.816107 0.814297 0.812992 0.820208 0.813234 0.82474 0.840843 0.823535 0.843821 0.826207 0.84077 0.827842 0.812992 0.820208 0.810065 0.82434 0.813234 0.82474 0.943315 0.868716 0.942048 0.874544 0.94479 0.874505 0.74983 0.977654 0.747964 0.973328 0.745545 0.974539 0.988757 0.605059 0.990853 0.60604 0.987909 0.609728 0.750646 0.965673 0.752292 0.961496 0.753176 0.965413 0.845156 0.828635 0.847959 0.824599 0.850094 0.825434 0.808798 0.827497 0.80578 0.824449 0.803635 0.826268 0.987909 0.609728 0.990344 0.611702 0.98843 0.618046 0.80578 0.824449 0.806077 0.822295 0.799506 0.820518 0.850094 0.825434 0.853869 0.818444 0.854765 0.820252 0.803635 0.826268 0.799506 0.820518 0.798666 0.822825 0.940821 0.800394 0.938879 0.803164 0.942574 0.802825 0.906038 0.964109 0.903199 0.963255 0.905633 0.957172 0.990445 0.72545 0.987824 0.727413 0.991112 0.729288 0.768382 0.958667 0.766592 0.961213 0.768382 0.964272 0.987824 0.727413 0.989957 0.731865 0.991112 0.729288 0.863522 0.978605 0.865127 0.974883 0.862143 0.969653 0.957262 0.768071 0.957516 0.771906 0.952364 0.776012 0.865127 0.974883 0.864912 0.968706 0.862143 0.969653 0.957516 0.771906 0.954806 0.778151 0.952364 0.776012 0.729249 0.779035 0.730406 0.787486 0.732456 0.783564 0.952364 0.776012 0.952015 0.784587 0.949735 0.781786 0.732456 0.783564 0.732935 0.790696 0.735125 0.784209 0.591896 0.950886 0.587951 0.943452 0.585448 0.943938 0.983132 0.586028 0.981752 0.596824 0.984215 0.596311 0.719756 0.79975 0.717241 0.797563 0.712659 0.799291 0.963059 0.791415 0.965224 0.788187 0.969659 0.787747 0.585448 0.943938 0.586377 0.935163 0.584023 0.936757 0.981752 0.596824 0.983963 0.602812 0.986802 0.603109 0.584023 0.936757 0.586377 0.935163 0.584537 0.929766 0.970672 0.79015 0.969659 0.787747 0.974867 0.784682 0.712659 0.799291 0.711171 0.79489 0.706435 0.791784 0.969659 0.787747 0.970671 0.782878 0.974831 0.777764 0.706435 0.791784 0.705977 0.786447 0.703252 0.783593 0.974831 0.777764 0.974793 0.772473 0.97709 0.768515 0.587352 0.920644 0.591896 0.917535 0.59041 0.915557 0.978743 0.774785 0.97709 0.768515 0.979795 0.767347 0.703252 0.783593 0.704811 0.77415 0.703714 0.766583 0.97709 0.768515 0.974804 0.760232 0.975162 0.752528 0.775762 0.794704 0.773643 0.79856 0.775547 0.806841 0.775762 0.794704 0.775547 0.806841 0.777232 0.799534 0.63467 0.889949 0.631911 0.887908 0.631682 0.862873 0.708181 0.759728 0.711101 0.759239 0.717561 0.733992 0.775547 0.806841 0.773643 0.79856 0.772342 0.842101 0.974539 0.74564 0.975162 0.752528 0.959939 0.718537 0.703714 0.766583 0.717561 0.733992 0.720492 0.718789 0.975162 0.752528 0.959548 0.72824 0.955248 0.714654 0.711101 0.759239 0.728808 0.707343 0.717561 0.733992 0.631911 0.887908 0.626822 0.835643 0.631682 0.862873 0.717561 0.733992 0.728808 0.707343 0.726566 0.705776 0.631682 0.862873 0.626822 0.835643 0.629309 0.834399 0.720492 0.718789 0.726566 0.705776 0.726817 0.694451 0.955248 0.714654 0.948417 0.705033 0.947188 0.694364 0.726566 0.705776 0.729793 0.681059 0.726817 0.694451 0.948417 0.705033 0.943222 0.682968 0.947188 0.694364 0.726817 0.694451 0.729793 0.681059 0.727764 0.671799 0.947188 0.694364 0.943222 0.682968 0.944308 0.673226 0.729793 0.681059 0.732272 0.671528 0.728224 0.659365 0.7729 0.881007 0.771937 0.887837 0.777232 0.894914 0.947734 0.681809 0.944308 0.673226 0.947312 0.661797 0.630605 0.813609 0.629567 0.806473 0.634889 0.798831 0.727764 0.671799 0.728224 0.659365 0.724686 0.653809 0.944308 0.673226 0.942783 0.661596 0.94561 0.654693 0.73039 0.658298 0.72657 0.646101 0.728224 0.659365 0.973216 0.866012 0.971138 0.855921 0.975624 0.866198 0.728224 0.659365 0.72657 0.646101 0.721583 0.640941 0.725263 0.808807 0.721485 0.813353 0.722259 0.824431 0.947312 0.661797 0.94561 0.654693 0.951645 0.642444 0.975624 0.866198 0.971138 0.855921 0.972892 0.850068 0.724686 0.653809 0.721583 0.640941 0.713104 0.630189 0.94561 0.654693 0.947383 0.641028 0.954378 0.626928 0.721583 0.640941 0.720106 0.632865 0.712931 0.626696 0.722259 0.824431 0.718995 0.837717 0.721668 0.839644 0.951645 0.642444 0.954378 0.626928 0.958004 0.626166 0.972892 0.850068 0.969968 0.842611 0.972425 0.834017 0.712931 0.626696 0.689546 0.605133 0.713104 0.630189 0.95423 0.623524 0.974232 0.592342 0.954378 0.626928 0.721668 0.839644 0.718995 0.837717 0.726394 0.877839 0.958004 0.626166 0.954378 0.626928 0.979656 0.592126 0.713104 0.630189 0.689546 0.605133 0.686777 0.605531 0.954378 0.626928 0.974232 0.592342 0.976856 0.59146 0.689546 0.605133 0.687807 0.601983 0.686777 0.605531 0.974232 0.592342 0.97561 0.588549 0.976856 0.59146 0.646442 0.969176 0.648188 0.973712 0.644609 0.970998 0.646442 0.969176 0.648188 0.969607 0.648188 0.973712 0.686104 0.600493 0.687807 0.601983 0.691128 0.597782 0.977031 0.586357 0.97561 0.588549 0.972095 0.586063 0.948302 0.951826 0.945689 0.95307 0.948227 0.960926 0.961607 0.607094 0.963144 0.609774 0.955582 0.613955 0.945689 0.95307 0.945934 0.961244 0.948227 0.960926 0.963144 0.609774 0.957484 0.61552 0.955582 0.613955 0.945934 0.961244 0.947586 0.968812 0.948227 0.960926 0.793024 0.918564 0.79298 0.923544 0.788601 0.928837 0.778048 0.917531 0.778268 0.90392 0.780351 0.910793 0.898905 0.9549 0.901187 0.954301 0.896024 0.948514 0.948227 0.960926 0.947586 0.968812 0.951086 0.970592 0.901187 0.954301 0.89779 0.944831 0.896024 0.948514 0.896024 0.948514 0.895302 0.942306 0.894107 0.94462 0.896024 0.948514 0.89779 0.944831 0.895302 0.942306 0.723625 0.616227 0.731128 0.607016 0.719878 0.616873 0.895302 0.942306 0.89779 0.944831 0.895755 0.929195 0.788601 0.928837 0.792605 0.945913 0.789929 0.944719 0.778268 0.90392 0.784519 0.897143 0.787531 0.897319 0.727486 0.604032 0.729645 0.604757 0.730439 0.596427 0.938609 0.608571 0.936651 0.610244 0.935178 0.602674 0.729645 0.604757 0.733948 0.600691 0.732708 0.594183 0.898425 0.927687 0.901187 0.917995 0.897007 0.922446 0.792605 0.945913 0.796065 0.954189 0.7921 0.952416 0.940137 0.607126 0.935178 0.602674 0.937308 0.598648 0.730439 0.596427 0.732708 0.594183 0.729126 0.585028 0.935178 0.602674 0.932847 0.601571 0.935115 0.593026 0.732708 0.594183 0.730288 0.583128 0.729126 0.585028 0.932847 0.601571 0.934146 0.589942 0.935115 0.593026 0.73381 0.585316 0.729569 0.577039 0.730288 0.583128 0.861728 0.9574 0.860513 0.948665 0.863612 0.954335 0.730288 0.583128 0.729569 0.577039 0.723348 0.574102 0.863612 0.954335 0.860513 0.948665 0.863248 0.942314 0.729126 0.585028 0.723348 0.574102 0.72289 0.577124 0.662053 0.961682 0.65968 0.968713 0.662201 0.968994 0.939284 0.588673 0.939608 0.581946 0.943245 0.581849 0.875826 0.843809 0.871631 0.852462 0.869591 0.849744 0.863248 0.942314 0.863349 0.932658 0.866582 0.931882 0.869591 0.849744 0.871631 0.852462 0.869046 0.855674 0.869591 0.849744 0.869046 0.855674 0.867743 0.852841 0.714249 0.572883 0.709349 0.580309 0.715342 0.575057 0.948258 0.572883 0.953502 0.577723 0.947444 0.57545 0.715342 0.575057 0.709349 0.580309 0.711188 0.581637 0.947444 0.57545 0.953502 0.577723 0.951902 0.579824 0.709475 0.586978 0.713943 0.5931 0.711658 0.587388 0.953972 0.58413 0.950328 0.591994 0.95198 0.585514 0.668119 0.846024 0.667489 0.854798 0.669786 0.853703 0.956631 0.585449 0.951999 0.594176 0.950328 0.591994 0.696484 0.967989 0.696484 0.95355 0.694693 0.963788 0.991633 0.863938 0.991633 0.876283 0.989545 0.867629 0.991272 0.877099 0.98882 0.884343 0.991272 0.885192 0.989545 0.867629 0.991633 0.876283 0.989214 0.875939 0.669786 0.853703 0.668294 0.862104 0.670663 0.86169 0.950328 0.591994 0.946976 0.599757 0.944837 0.598097 0.599286 0.89428 0.600093 0.89188 0.609165 0.893787 0.682844 0.954353 0.683113 0.965797 0.680842 0.964063 0.770624 0.978912 0.770464 0.971305 0.773507 0.977624 0.934747 0.902232 0.942736 0.902488 0.935219 0.905024 0.600093 0.89188 0.607341 0.889259 0.609558 0.891273 0.989256 0.675988 0.990275 0.666689 0.987738 0.665683 0.680842 0.964063 0.683113 0.965797 0.681336 0.970748 0.680842 0.964063 0.681336 0.970748 0.679454 0.965355 0.607341 0.889259 0.612275 0.884943 0.609558 0.891273 0.990275 0.666689 0.991721 0.661761 0.987738 0.665683 0.683113 0.965797 0.685288 0.97323 0.681336 0.970748 0.942736 0.902488 0.948367 0.904416 0.948043 0.910104 0.609558 0.891273 0.614394 0.886113 0.616401 0.886963 0.942853 0.905358 0.948043 0.910104 0.946354 0.911165 0.614394 0.886113 0.612275 0.884943 0.615579 0.878472 0.815777 0.973489 0.81285 0.966151 0.817949 0.972387 0.811954 0.95904 0.809153 0.959836 0.810138 0.969684 0.948043 0.910104 0.951086 0.911418 0.948382 0.922409 0.612275 0.884943 0.612885 0.876991 0.615579 0.878472 0.817949 0.972387 0.81285 0.966151 0.815139 0.96438 0.61786 0.876308 0.611831 0.873807 0.613797 0.872042 0.948382 0.922409 0.944759 0.927509 0.943315 0.925532 0.613797 0.872042 0.611831 0.873807 0.606887 0.871434 0.944759 0.927509 0.939112 0.928479 0.943315 0.925532 0.611831 0.873807 0.599407 0.87593 0.606887 0.871434 0.943315 0.925532 0.939112 0.928479 0.933411 0.923547 0.606887 0.871434 0.597382 0.874866 0.600146 0.870614 0.69727 0.938435 0.69454 0.932336 0.697556 0.928035 0.98318 0.732654 0.980612 0.73815 0.983692 0.73945 0.93925 0.923777 0.933411 0.923547 0.93451 0.920468 0.594686 0.87396 0.597382 0.874866 0.586971 0.883884 0.695497 0.926537 0.699852 0.919003 0.697556 0.928035 0.597382 0.874866 0.589376 0.885122 0.586971 0.883884 0.697556 0.928035 0.699852 0.919003 0.702049 0.920213 0.589376 0.885122 0.591163 0.885905 0.58631 0.895077 0.925999 0.913273 0.924299 0.901844 0.927512 0.912296 0.586971 0.883884 0.58631 0.895077 0.584023 0.894091 0.648644 0.935243 0.645855 0.942966 0.648758 0.941717 0.927512 0.912296 0.926215 0.9026 0.929082 0.90457 0.823252 0.839552 0.820317 0.830278 0.822666 0.829648 0.648758 0.941717 0.645855 0.942966 0.64713 0.951153 0.929082 0.90457 0.926215 0.9026 0.92978 0.894258 0.588743 0.894344 0.589797 0.90413 0.58631 0.895077 0.926215 0.9026 0.924299 0.901844 0.927842 0.891208 0.58631 0.895077 0.58777 0.905717 0.585003 0.904519 0.822666 0.829648 0.819121 0.81876 0.821654 0.81766 0.58777 0.905717 0.589797 0.90413 0.59223 0.911054 0.926322 0.889447 0.930357 0.883086 0.927842 0.891208 0.644609 0.953894 0.646198 0.962162 0.648153 0.960379 0.987947 0.830468 0.987753 0.82468 0.985006 0.823856 0.59223 0.911054 0.594804 0.909512 0.599679 0.91474 0.930357 0.883086 0.936684 0.878524 0.932322 0.884775 0.599679 0.91474 0.601051 0.912345 0.61786 0.910485 0.936684 0.878524 0.951086 0.882762 0.93761 0.881249 0.601051 0.912345 0.607762 0.908605 0.61764 0.908154 0.983403 0.816375 0.986515 0.808228 0.985365 0.798854 0.73743 0.94966 0.742342 0.959598 0.740081 0.960243 0.73743 0.94966 0.740081 0.960243 0.738667 0.960229 0.985365 0.798854 0.987947 0.799082 0.985882 0.79585 0.761127 0.921799 0.762466 0.918234 0.764187 0.921058 0.761127 0.921799 0.758527 0.920867 0.759683 0.919128 0.612246 0.800672 0.609967 0.798831 0.608671 0.805443 0.855897 0.974514 0.855967 0.968662 0.858594 0.975765 0.762466 0.918234 0.759683 0.919128 0.759311 0.914145 0.622586 0.943772 0.622367 0.937999 0.61991 0.944194 0.609967 0.798831 0.599806 0.816154 0.608671 0.805443 0.858594 0.975765 0.855967 0.968662 0.857643 0.95654 0.759683 0.919128 0.750934 0.904718 0.759311 0.914145 0.61991 0.944194 0.622367 0.937999 0.620601 0.92588 0.608671 0.805443 0.601911 0.817496 0.603572 0.818809 0.755346 0.917048 0.74936 0.906645 0.750934 0.904718 0.603572 0.818809 0.601911 0.817496 0.59323 0.831383 0.750934 0.904718 0.74936 0.906645 0.741634 0.894954 0.59323 0.831383 0.590998 0.830884 0.589128 0.839603 0.741634 0.894954 0.739547 0.896216 0.738024 0.887692 0.616344 0.915557 0.611676 0.922968 0.61786 0.91724 0.738024 0.887692 0.737601 0.875953 0.740424 0.886202 0.61786 0.91724 0.611676 0.922968 0.613593 0.92564 0.740424 0.886202 0.737601 0.875953 0.740869 0.874075 0.611676 0.922968 0.609865 0.933398 0.613593 0.92564 0.737601 0.875953 0.7413 0.864895 0.740869 0.874075 0.613593 0.92564 0.609865 0.933398 0.612614 0.932036 0.740869 0.874075 0.7413 0.864895 0.743255 0.867447 0.58992 0.86106 0.594415 0.865936 0.592102 0.860408 0.739286 0.864933 0.743583 0.858337 0.7413 0.864895 0.609865 0.933398 0.611742 0.945608 0.612816 0.938647 0.678155 0.954752 0.678155 0.968616 0.676391 0.960318 0.62536 0.9302 0.624204 0.925412 0.626171 0.920606 0.62536 0.9302 0.626171 0.920606 0.628165 0.92521 0.594415 0.865936 0.602104 0.868272 0.600494 0.865737 0.743583 0.858337 0.750782 0.853347 0.749234 0.856534 0.879761 0.955613 0.882102 0.956125 0.879389 0.962412 0.627704 0.91512 0.630522 0.911165 0.630185 0.915583 0.600494 0.865737 0.602104 0.868272 0.607552 0.862493 0.749234 0.856534 0.750782 0.853347 0.755709 0.857603 0.602104 0.868272 0.609851 0.863277 0.607552 0.862493 0.750782 0.853347 0.757863 0.856023 0.755709 0.857603 0.607552 0.862493 0.609851 0.863277 0.612018 0.855328 0.755709 0.857603 0.757863 0.856023 0.759693 0.863639 0.588179 0.95296 0.585252 0.95834 0.589654 0.95468 0.764187 0.862358 0.763539 0.870163 0.761704 0.863654 0.614229 0.854621 0.611244 0.844494 0.611033 0.848994 0.761704 0.863654 0.758693 0.875259 0.758613 0.870609 0.611033 0.848994 0.611244 0.844494 0.608057 0.845113 0.758613 0.870609 0.758693 0.875259 0.755753 0.875662 0.586424 0.964474 0.584231 0.970233 0.587055 0.970643 0.758693 0.875259 0.757353 0.880669 0.754471 0.879273 0.988757 0.732681 0.990826 0.733626 0.987824 0.737326 0.721403 0.966742 0.722906 0.962501 0.723936 0.966502 0.606761 0.842079 0.601583 0.843659 0.603751 0.845307 0.754471 0.879273 0.749697 0.879328 0.751754 0.876882 0.987824 0.737326 0.990266 0.739269 0.988398 0.745648 0.70989 0.955558 0.708223 0.958688 0.70989 0.966676 0.601583 0.843659 0.596617 0.847415 0.59748 0.849638 0.749697 0.879328 0.745175 0.87703 0.746031 0.874414 0.936901 0.96752 0.9373 0.96365 0.934146 0.965746 0.855859 0.928469 0.855967 0.931066 0.850486 0.929642 0.62106 0.59606 0.619089 0.598826 0.622982 0.599521 0.934146 0.965746 0.9373 0.96365 0.935996 0.961149 0.718058 0.959135 0.718058 0.953483 0.716282 0.956551 0.625578 0.899472 0.625578 0.909714 0.623824 0.903328 0.958411 0.964199 0.957112 0.973133 0.960065 0.967884 0.853369 0.922999 0.853296 0.916915 0.85616 0.917676 0.960065 0.967884 0.957112 0.973133 0.959862 0.97406 0.853296 0.916915 0.855779 0.91191 0.859969 0.91177 0.628872 0.597561 0.632207 0.593954 0.630076 0.58954 0.836784 0.970918 0.832817 0.966278 0.83417 0.971804 0.832877 0.958119 0.834029 0.947337 0.83146 0.946804 0.627302 0.580479 0.620697 0.572883 0.619006 0.57463 0.829047 0.800546 0.826525 0.798236 0.822081 0.799752 0.619006 0.57463 0.611629 0.573202 0.616392 0.576118 0.83146 0.946804 0.836784 0.94017 0.833814 0.940495 0.984555 0.660961 0.982236 0.667641 0.98431 0.669517 0.982236 0.667641 0.980612 0.669499 0.981729 0.674485 0.982236 0.667641 0.981729 0.674485 0.98431 0.669517 0.822081 0.799752 0.82051 0.79527 0.815791 0.791934 0.611629 0.573202 0.605158 0.578953 0.610082 0.577145 0.815791 0.791934 0.815212 0.786563 0.812474 0.783574 0.605158 0.578953 0.60185 0.586182 0.604683 0.584091 0.81165 0.789601 0.812474 0.783574 0.809739 0.78254 0.983043 0.683796 0.985146 0.689254 0.986922 0.687527 0.812474 0.783574 0.813771 0.774181 0.812474 0.766996 0.60185 0.586182 0.602274 0.602612 0.60347 0.595904 0.809533 0.771036 0.812474 0.766996 0.81241 0.758254 0.735125 0.899736 0.734733 0.88773 0.732944 0.89633 0.812474 0.766996 0.816728 0.759885 0.823445 0.733613 0.602274 0.602612 0.614772 0.639179 0.606972 0.611014 0.81241 0.758254 0.823445 0.733613 0.821025 0.732811 0.734733 0.88773 0.731857 0.861452 0.729414 0.862129 0.833765 0.688623 0.836021 0.682047 0.833806 0.67267 0.626878 0.687054 0.62733 0.702879 0.629439 0.694289 0.781852 0.88163 0.786224 0.896327 0.780856 0.888707 0.831497 0.681822 0.833806 0.67267 0.829576 0.661386 0.731021 0.814387 0.735125 0.800566 0.729977 0.807647 0.629439 0.694289 0.627807 0.715258 0.631924 0.703432 0.833806 0.67267 0.833958 0.660228 0.830351 0.654492 0.62733 0.702879 0.624129 0.719797 0.627807 0.715258 0.95652 0.805261 0.958957 0.805029 0.954245 0.815376 0.629967 0.715975 0.627807 0.715258 0.625996 0.726985 0.958957 0.805029 0.955975 0.821214 0.954245 0.815376 0.829576 0.661386 0.830351 0.654492 0.823023 0.643717 0.968635 0.949536 0.965766 0.933861 0.964925 0.94499 0.627807 0.715258 0.620904 0.731658 0.625996 0.726985 0.830351 0.654492 0.826999 0.641448 0.818422 0.630271 0.624129 0.719797 0.61209 0.74001 0.620904 0.731658 0.955975 0.821214 0.955506 0.837387 0.952987 0.828763 0.823023 0.643717 0.818422 0.630271 0.814755 0.629951 0.965766 0.933861 0.965175 0.918519 0.962523 0.920587 0.620904 0.731658 0.61191 0.743407 0.619277 0.738318 0.818171 0.626762 0.794716 0.604046 0.818422 0.630271 0.61191 0.743407 0.61209 0.74001 0.587601 0.758465 0.818422 0.630271 0.794716 0.604046 0.792014 0.604315 0.61209 0.74001 0.584722 0.75734 0.587601 0.758465 0.794716 0.604046 0.792908 0.600809 0.792014 0.604315 0.587601 0.758465 0.584722 0.75734 0.585792 0.761101 0.788601 0.599521 0.791244 0.599232 0.791013 0.596197 0.767621 0.969209 0.769647 0.970682 0.766619 0.973816 0.791244 0.599232 0.792908 0.600809 0.796098 0.596751 0.584023 0.762131 0.589246 0.766133 0.585792 0.761101 0.808944 0.613396 0.807816 0.61574 0.815714 0.617676 0.979834 0.9331 0.979763 0.924016 0.977219 0.93184 0.885373 0.905033 0.881746 0.909448 0.884053 0.909969 0.977219 0.93184 0.979763 0.924016 0.977454 0.923695 0.881746 0.909448 0.879027 0.916021 0.884053 0.909969 0.825745 0.931217 0.822487 0.925328 0.823151 0.918564 0.915073 0.952306 0.910635 0.942015 0.91502 0.947317 0.977454 0.923695 0.979763 0.924016 0.979034 0.916214 0.884053 0.909969 0.879027 0.916021 0.880917 0.919668 0.979763 0.924016 0.982498 0.914494 0.979034 0.916214 0.879027 0.916021 0.878513 0.922297 0.880917 0.919668 0.618244 0.751591 0.619132 0.754933 0.622934 0.755652 0.878513 0.922297 0.879453 0.935447 0.880917 0.919668 0.622934 0.755652 0.619132 0.754933 0.630734 0.766721 0.823225 0.615206 0.831895 0.604729 0.830294 0.602896 0.910635 0.942015 0.911968 0.926136 0.914644 0.924943 0.831895 0.604729 0.83403 0.605558 0.834604 0.597246 0.627041 0.769607 0.630109 0.777885 0.629285 0.769464 0.882191 0.936859 0.880981 0.942161 0.885373 0.946449 0.629285 0.769464 0.632469 0.780701 0.633665 0.773703 0.830294 0.602896 0.834604 0.597246 0.832104 0.593068 0.914644 0.924943 0.914146 0.918446 0.918116 0.916678 0.834604 0.597246 0.836784 0.595102 0.833037 0.585758 0.630109 0.777885 0.629229 0.787249 0.632469 0.780701 0.836784 0.595102 0.834138 0.583908 0.833037 0.585758 0.632469 0.780701 0.629229 0.787249 0.629953 0.790955 0.713007 0.92442 0.714851 0.927457 0.711667 0.933156 0.633522 0.788822 0.629953 0.790955 0.629113 0.795856 0.714851 0.927457 0.714449 0.939539 0.711667 0.933156 0.629953 0.790955 0.622739 0.798014 0.629113 0.795856 0.833037 0.585758 0.827119 0.574533 0.826736 0.577541 0.828981 0.583847 0.826736 0.577541 0.824261 0.578692 0.948642 0.865019 0.948787 0.857496 0.94598 0.859242 0.714449 0.939539 0.718126 0.950191 0.714794 0.949397 0.61786 0.975381 0.611774 0.969587 0.613758 0.966938 0.714794 0.949397 0.718126 0.950191 0.717661 0.952667 0.611774 0.969587 0.611241 0.963809 0.613758 0.966938 0.818167 0.572883 0.81354 0.580096 0.819274 0.575115 0.61328 0.796805 0.614416 0.794946 0.608187 0.788185 0.819274 0.575115 0.81354 0.580096 0.815369 0.581514 0.614416 0.794946 0.610098 0.787362 0.608187 0.788185 0.813823 0.586786 0.818351 0.593134 0.815957 0.587302 0.608317 0.781644 0.610586 0.781814 0.612962 0.776793 0.811424 0.588249 0.817031 0.595034 0.818351 0.593134 0.968007 0.974743 0.969712 0.967044 0.967408 0.965953 0.991618 0.821853 0.989552 0.818168 0.991618 0.809475 0.718181 0.831882 0.716435 0.836253 0.718181 0.846691 0.989552 0.818168 0.989193 0.809815 0.991618 0.809475 0.989998 0.693681 0.989998 0.702455 0.987736 0.700214 0.818351 0.593134 0.822659 0.59846 0.824502 0.596883 0.969712 0.967044 0.970546 0.959092 0.968173 0.958679 0.698459 0.895035 0.699171 0.89254 0.707862 0.894152 0.853796 0.890093 0.864862 0.888654 0.854902 0.892033 0.699533 0.897244 0.707862 0.894152 0.707945 0.896552 0.737906 0.979493 0.735942 0.970009 0.738159 0.968314 0.989173 0.572883 0.987619 0.583199 0.990158 0.582198 0.854902 0.892033 0.86552 0.890773 0.864036 0.893343 0.707945 0.896552 0.707862 0.894152 0.713888 0.892667 0.735942 0.970009 0.736426 0.963481 0.738159 0.968314 0.990158 0.582198 0.987619 0.583199 0.991638 0.587109 0.864036 0.893343 0.86552 0.890773 0.86991 0.896172 0.707862 0.894152 0.714599 0.886873 0.713888 0.892667 0.738159 0.968314 0.736426 0.963481 0.740292 0.961059 0.708192 0.891568 0.71267 0.88608 0.714599 0.886873 0.86552 0.890773 0.873519 0.893234 0.871353 0.894355 0.93109 0.961149 0.93333 0.961668 0.929941 0.968527 0.871353 0.894355 0.873327 0.900791 0.86991 0.896172 0.714599 0.886873 0.715734 0.875878 0.717511 0.886186 0.606226 0.973185 0.604499 0.962498 0.603439 0.972375 0.93333 0.961668 0.932462 0.969654 0.929941 0.968527 0.86991 0.896172 0.873327 0.900791 0.871267 0.902988 0.715734 0.875878 0.709939 0.873549 0.711763 0.871656 0.876054 0.902245 0.871885 0.906731 0.869543 0.905567 0.711763 0.871656 0.709939 0.873549 0.70516 0.871293 0.871885 0.906731 0.864225 0.908568 0.869543 0.905567 0.709939 0.873549 0.698141 0.876196 0.70516 0.871293 0.869543 0.905567 0.864225 0.908568 0.855497 0.906065 0.688836 0.933353 0.689128 0.943739 0.686104 0.939443 0.864225 0.908568 0.857594 0.910954 0.853324 0.907374 0.704289 0.876223 0.698501 0.879593 0.698141 0.876196 0.979799 0.962837 0.9783 0.957165 0.981458 0.956459 0.687083 0.945224 0.689128 0.943739 0.691536 0.952701 0.851216 0.909071 0.84176 0.90188 0.853324 0.907374 0.689128 0.943739 0.693724 0.951501 0.691536 0.952701 0.853324 0.907374 0.84176 0.90188 0.843516 0.899949 0.68879 0.886007 0.690515 0.886745 0.686104 0.896343 0.843516 0.899949 0.839246 0.891852 0.845445 0.898929 0.606644 0.915557 0.605792 0.925526 0.603402 0.924871 0.690515 0.886745 0.691153 0.894242 0.688408 0.8955 0.728896 0.943173 0.729891 0.93654 0.727097 0.934906 0.84176 0.90188 0.8376 0.893541 0.839246 0.891852 0.691153 0.894242 0.691362 0.903368 0.688408 0.8955 0.729891 0.93654 0.729416 0.926719 0.727097 0.934906 0.688408 0.8955 0.689649 0.905507 0.686104 0.896343 0.842025 0.892031 0.839246 0.891852 0.842367 0.883303 0.605792 0.925526 0.604674 0.937778 0.602081 0.936626 0.839246 0.891852 0.837806 0.884267 0.83997 0.882303 0.687751 0.90721 0.689649 0.905507 0.692132 0.912521 0.83997 0.882303 0.844492 0.876808 0.842367 0.883303 0.816448 0.919213 0.81277 0.932448 0.816692 0.925266 0.727165 0.923632 0.731481 0.917528 0.729667 0.9155 0.692132 0.912521 0.69907 0.913549 0.699322 0.916024 0.844492 0.876808 0.852492 0.872186 0.847496 0.877665 0.699322 0.916024 0.69907 0.913549 0.716558 0.91097 0.852492 0.872186 0.873145 0.872458 0.854228 0.874015 0.81277 0.932448 0.81645 0.952178 0.816803 0.942409 0.854228 0.874015 0.87309 0.874529 0.862857 0.876402 0.708665 0.916496 0.716558 0.91097 0.718123 0.912715 0.971863 0.887167 0.974469 0.876806 0.976681 0.877438 0.87309 0.874529 0.876054 0.874533 0.872919 0.877312 0.91532 0.806387 0.912076 0.807559 0.91401 0.810038 0.659478 0.951776 0.661717 0.950422 0.661717 0.952746 0.824828 0.871511 0.822146 0.871083 0.824606 0.877285 0.91401 0.810038 0.912076 0.807559 0.910676 0.814992 0.670165 0.843051 0.667613 0.84285 0.670098 0.83719 0.739829 0.787582 0.742072 0.785587 0.743507 0.792882 0.822146 0.871083 0.822854 0.889387 0.824606 0.877285 0.912076 0.807559 0.902127 0.825744 0.910676 0.814992 0.667613 0.84285 0.668433 0.825043 0.670098 0.83719 0.742072 0.785587 0.752404 0.804149 0.743507 0.792882 0.906843 0.812354 0.900494 0.824341 0.902127 0.825744 0.743507 0.792882 0.750364 0.805719 0.748538 0.806511 0.902127 0.825744 0.900494 0.824341 0.892318 0.838116 0.748538 0.806511 0.750364 0.805719 0.759218 0.820736 0.892318 0.838116 0.890143 0.837517 0.888481 0.84631 0.759218 0.820736 0.761631 0.82084 0.76335 0.829361 0.888481 0.84631 0.887937 0.857911 0.890685 0.848047 0.987305 0.943949 0.988997 0.942464 0.983849 0.936203 0.890685 0.848047 0.887937 0.857911 0.891046 0.859765 0.988997 0.942464 0.986012 0.933825 0.983849 0.936203 0.887937 0.857911 0.891709 0.86759 0.891046 0.859765 0.983849 0.936203 0.986012 0.933825 0.983314 0.925951 0.891046 0.859765 0.891709 0.86759 0.893484 0.865518 0.986012 0.933825 0.985804 0.927557 0.983314 0.925951 0.8896 0.868165 0.894036 0.873305 0.891709 0.86759 0.761804 0.848964 0.756824 0.852323 0.759482 0.847809 0.861327 0.977296 0.861327 0.963706 0.859528 0.971876 0.983314 0.925951 0.986692 0.921246 0.986324 0.914494 0.636177 0.93552 0.639488 0.940116 0.638107 0.944875 0.636177 0.93552 0.638107 0.944875 0.635705 0.940414 0.894036 0.873305 0.90152 0.87599 0.899931 0.873349 0.756824 0.852323 0.748502 0.852531 0.750308 0.850597 0.64035 0.950166 0.642709 0.949436 0.643793 0.95389 0.727464 0.970806 0.727097 0.964128 0.729761 0.970305 0.899931 0.873349 0.90152 0.87599 0.90671 0.870334 0.750308 0.850597 0.748502 0.852531 0.742844 0.845815 0.90152 0.87599 0.910852 0.869046 0.90671 0.870334 0.748502 0.852531 0.740355 0.845955 0.742844 0.845815 0.90671 0.870334 0.910852 0.869046 0.910926 0.863227 0.742844 0.845815 0.740355 0.845955 0.738285 0.838067 0.910852 0.869046 0.91532 0.864125 0.912578 0.857953 0.91532 0.864125 0.914711 0.856694 0.912578 0.857953 0.804816 0.974975 0.806569 0.973504 0.80292 0.969207 0.735942 0.83686 0.739472 0.828265 0.739549 0.832471 0.912578 0.857953 0.912275 0.851526 0.90774 0.850058 0.739549 0.832471 0.739472 0.828265 0.742868 0.829643 0.805059 0.963393 0.806569 0.957521 0.803766 0.957474 0.917626 0.972988 0.920151 0.973243 0.919246 0.977342 0.765939 0.894793 0.765003 0.890144 0.768006 0.893846 0.844408 0.953959 0.843946 0.961316 0.846283 0.959479 0.74436 0.827173 0.749863 0.829943 0.74748 0.830915 0.902743 0.852701 0.896738 0.856853 0.9032 0.854868 0.765003 0.890144 0.765578 0.881821 0.767444 0.888199 0.843946 0.961316 0.844877 0.968534 0.847257 0.968166 0.749863 0.829943 0.755066 0.834669 0.754066 0.836502 0.948713 0.798504 0.949944 0.794891 0.946483 0.796195 0.649317 0.932093 0.649106 0.934427 0.644753 0.931169 0.872439 0.595134 0.874237 0.598159 0.870398 0.597575 0.946483 0.796195 0.949944 0.794891 0.949211 0.79226 0.651076 0.974781 0.651076 0.969176 0.649285 0.972287 0.646888 0.926015 0.651935 0.918323 0.650268 0.924518 0.953242 0.964206 0.951902 0.973175 0.95488 0.967935 0.650268 0.924518 0.651935 0.918323 0.654725 0.91964 0.95488 0.967935 0.951902 0.973175 0.95467 0.974104 0.651935 0.918323 0.656005 0.913689 0.659498 0.915076 0.879547 0.59369 0.880672 0.585178 0.882664 0.589117 0.983874 0.868634 0.979917 0.863844 0.981246 0.86952 0.979988 0.855642 0.981135 0.844944 0.97855 0.844415 0.600403 0.916833 0.594088 0.923811 0.596594 0.92431 0.769625 0.572883 0.772039 0.575912 0.776984 0.576151 0.870318 0.572883 0.867874 0.575095 0.863419 0.573376 0.97855 0.844415 0.983874 0.837944 0.980891 0.838248 0.594088 0.923811 0.592713 0.931013 0.595075 0.932622 0.777613 0.57379 0.776984 0.576151 0.78229 0.578901 0.592713 0.931013 0.593209 0.938008 0.595075 0.932622 0.776984 0.576151 0.778112 0.580816 0.782752 0.585587 0.863419 0.573376 0.861973 0.577813 0.857367 0.580961 0.782752 0.585587 0.782707 0.590702 0.785269 0.594432 0.857367 0.580961 0.856923 0.586335 0.854273 0.589219 0.786611 0.588306 0.785269 0.594432 0.787785 0.595452 0.595926 0.947117 0.598879 0.952184 0.600403 0.950225 0.785269 0.594432 0.782719 0.602535 0.783219 0.609571 0.854273 0.589219 0.855789 0.598718 0.85467 0.605883 0.621099 0.807441 0.620914 0.819414 0.619533 0.811865 0.621099 0.807441 0.623135 0.810851 0.620914 0.819414 0.783219 0.609571 0.777788 0.614512 0.767351 0.636064 0.85467 0.605883 0.859064 0.613218 0.866362 0.639911 0.781887 0.616733 0.767351 0.636064 0.764491 0.645643 0.620914 0.819414 0.625092 0.845034 0.623087 0.856807 0.764491 0.645643 0.755273 0.658341 0.756533 0.661798 0.623087 0.856807 0.626005 0.872432 0.6233 0.875814 0.750736 0.673375 0.747508 0.678558 0.74872 0.68793 0.877681 0.685598 0.880076 0.692306 0.878103 0.701635 0.681079 0.896857 0.685288 0.911787 0.680039 0.904056 0.752039 0.679493 0.74872 0.68793 0.751568 0.698858 0.836784 0.887431 0.831114 0.874669 0.831609 0.882956 0.880076 0.692306 0.882599 0.701897 0.87855 0.714149 0.74872 0.68793 0.747019 0.699237 0.750171 0.705792 0.878103 0.701635 0.87855 0.714149 0.87511 0.719758 0.722449 0.891264 0.724841 0.891048 0.720226 0.901537 0.88077 0.715222 0.877055 0.727516 0.87855 0.714149 0.724841 0.891048 0.721926 0.907427 0.720226 0.901537 0.751568 0.698858 0.750171 0.705792 0.756399 0.717386 0.831114 0.874669 0.829191 0.858811 0.827629 0.869883 0.87855 0.714149 0.877055 0.727516 0.872093 0.732723 0.750171 0.705792 0.752147 0.718928 0.759946 0.732265 0.87511 0.719758 0.872093 0.732723 0.863864 0.743561 0.721926 0.907427 0.721465 0.923566 0.718995 0.914977 0.756399 0.717386 0.759946 0.732265 0.763548 0.732975 0.829191 0.858811 0.829618 0.843337 0.826785 0.845265 0.872093 0.732723 0.870771 0.740868 0.863683 0.7471 0.759782 0.735562 0.782083 0.764868 0.759946 0.732265 0.863683 0.7471 0.840948 0.768911 0.863864 0.743561 0.759946 0.732265 0.782083 0.764868 0.785008 0.76561 0.863864 0.743561 0.840948 0.768911 0.838193 0.768693 0.782083 0.764868 0.783615 0.768476 0.785008 0.76561 0.840948 0.768911 0.839258 0.772089 0.838193 0.768693 0.673518 0.910171 0.675301 0.905703 0.675301 0.909662 0.673518 0.910171 0.671712 0.908371 0.675301 0.905703 0.785205 0.770536 0.783615 0.768476 0.779702 0.771027 0.8376 0.773596 0.839258 0.772089 0.842485 0.776303 0.768006 0.751136 0.769219 0.748486 0.761289 0.744757 0.673778 0.931407 0.673706 0.922303 0.67117 0.930153 0.769219 0.748486 0.76291 0.743169 0.761289 0.744757 0.67117 0.930153 0.673706 0.922303 0.671407 0.921973 0.891008 0.916678 0.888105 0.922945 0.893291 0.917266 0.826589 0.918949 0.828854 0.92574 0.826832 0.932534 0.808935 0.954299 0.8046 0.943572 0.80893 0.94905 0.671407 0.921973 0.673706 0.922303 0.673001 0.914384 0.893291 0.917266 0.888105 0.922945 0.889869 0.926593 0.673706 0.922303 0.676464 0.912603 0.673001 0.914384 0.888105 0.922945 0.887378 0.929118 0.889869 0.926593 0.888105 0.922945 0.886189 0.92686 0.887378 0.929118 0.887378 0.929118 0.887834 0.942231 0.889869 0.926593 0.874192 0.757599 0.881487 0.766837 0.870436 0.756957 0.826832 0.932534 0.836784 0.939251 0.833736 0.939354 0.8046 0.943572 0.805902 0.927748 0.808563 0.926553 0.742365 0.750674 0.740182 0.749139 0.73854 0.75652 0.877833 0.769848 0.879931 0.769108 0.880703 0.777489 0.890509 0.943741 0.889095 0.949021 0.893291 0.953529 0.879931 0.769108 0.884228 0.77319 0.882909 0.779738 0.743568 0.752012 0.73854 0.75652 0.740415 0.760327 0.808563 0.926553 0.808029 0.92022 0.811954 0.918564 0.73854 0.75652 0.735942 0.757685 0.738796 0.767581 0.880703 0.777489 0.882909 0.779738 0.879879 0.787284 0.735942 0.757685 0.73739 0.768871 0.738796 0.767581 0.882909 0.779738 0.880556 0.790876 0.879879 0.787284 0.926571 0.934926 0.928389 0.938018 0.925245 0.943742 0.884094 0.788667 0.879971 0.797017 0.880556 0.790876 0.928389 0.938018 0.927992 0.950076 0.925245 0.943742 0.880556 0.790876 0.879971 0.797017 0.873809 0.799992 0.738796 0.767581 0.743745 0.779996 0.744526 0.777387 0.742618 0.769888 0.744526 0.777387 0.747033 0.776319 0.98737 0.851947 0.987519 0.844401 0.984711 0.845232 0.87384 0.796923 0.873809 0.799992 0.865791 0.798834 0.927992 0.950076 0.93163 0.96033 0.928339 0.959607 0.777232 0.968392 0.771054 0.962098 0.773098 0.959298 0.771054 0.962098 0.769198 0.959069 0.770517 0.956085 0.771054 0.962098 0.770517 0.956085 0.773098 0.959298 0.753124 0.784771 0.75897 0.779871 0.752214 0.782323 0.864963 0.801261 0.8602 0.793807 0.865791 0.798834 0.752214 0.782323 0.75897 0.779871 0.757186 0.777907 0.865791 0.798834 0.8602 0.793807 0.861987 0.792463 0.759494 0.773658 0.755431 0.766208 0.757271 0.772403 0.860322 0.787095 0.864666 0.780912 0.862445 0.786672 0.761958 0.772276 0.756794 0.764033 0.755431 0.766208 0.607651 0.971727 0.609343 0.964066 0.607042 0.962968 0.82943 0.952526 0.827367 0.948812 0.82943 0.94017 0.718178 0.800566 0.716437 0.804839 0.718178 0.815418 0.827367 0.948812 0.827004 0.940507 0.82943 0.94017 0.950761 0.792356 0.958267 0.79226 0.958267 0.794904 0.755431 0.766208 0.751193 0.75885 0.749309 0.760539 0.609343 0.964066 0.610192 0.956068 0.60782 0.955652 0.927565 0.831481 0.928108 0.828847 0.936268 0.832186 0.65081 0.888148 0.660572 0.8883 0.651769 0.890496 0.774437 0.969209 0.777232 0.979411 0.774323 0.977117 0.762967 0.973291 0.760935 0.963472 0.763217 0.961719 0.989252 0.703271 0.987736 0.713529 0.990269 0.712523 0.651769 0.890496 0.661131 0.890776 0.658998 0.89292 0.760935 0.963472 0.759546 0.962336 0.761436 0.956888 0.760935 0.963472 0.761436 0.956888 0.763217 0.961719 0.990269 0.712523 0.987736 0.713529 0.991712 0.717515 0.658998 0.89292 0.661131 0.890776 0.664151 0.897025 0.936268 0.832186 0.942185 0.825328 0.942027 0.830664 0.763217 0.961719 0.761436 0.956888 0.765424 0.954551 0.936452 0.829377 0.940353 0.824103 0.942185 0.825328 0.661131 0.890776 0.668164 0.894809 0.666245 0.895719 0.938027 0.857496 0.94015 0.858659 0.9348 0.864774 0.666245 0.895719 0.667932 0.903242 0.664151 0.897025 0.942185 0.825328 0.942712 0.813355 0.945086 0.824134 0.784061 0.971355 0.780602 0.960662 0.781055 0.970966 0.94015 0.858659 0.937053 0.866605 0.9348 0.864774 0.664151 0.897025 0.667932 0.903242 0.665294 0.904876 0.942712 0.813355 0.937212 0.809736 0.938817 0.807969 0.670326 0.905307 0.666616 0.909667 0.664559 0.907987 0.938817 0.807969 0.937212 0.809736 0.932658 0.806387 0.666616 0.909667 0.659853 0.910504 0.664559 0.907987 0.937212 0.809736 0.926366 0.810561 0.932658 0.806387 0.664559 0.907987 0.659853 0.910504 0.65218 0.906307 0.713284 0.96741 0.711803 0.973724 0.715466 0.977292 0.659853 0.910504 0.653184 0.91162 0.650258 0.907429 0.93231 0.810739 0.927089 0.813437 0.926366 0.810561 0.799447 0.963707 0.797939 0.958132 0.801071 0.957474 0.756269 0.963186 0.758631 0.972511 0.758631 0.961388 0.647579 0.908494 0.639305 0.898933 0.650258 0.907429 0.846664 0.969351 0.843946 0.979275 0.846664 0.97928 0.650258 0.907429 0.639305 0.898933 0.641675 0.897549 0.918139 0.819757 0.919779 0.820882 0.916137 0.830723 0.641675 0.897549 0.637977 0.887799 0.643382 0.896714 0.801433 0.918564 0.800535 0.92854 0.798199 0.927882 0.919779 0.820882 0.920956 0.828346 0.918239 0.830201 0.869573 0.835846 0.87054 0.829296 0.867743 0.827671 0.639305 0.898933 0.635705 0.888929 0.637977 0.887799 0.920956 0.828346 0.921589 0.838491 0.918239 0.830201 0.87054 0.829296 0.870056 0.819496 0.867743 0.827671 0.918239 0.830201 0.919873 0.841504 0.916137 0.830723 0.640424 0.888442 0.637977 0.887799 0.640794 0.87872 0.800535 0.92854 0.799419 0.94052 0.796881 0.939397 0.637977 0.887799 0.63596 0.878574 0.63869 0.877218 0.91819 0.843052 0.919873 0.841504 0.922519 0.849716 0.63869 0.877218 0.642718 0.871784 0.640794 0.87872 0.985472 0.747461 0.980612 0.759848 0.98516 0.753281 0.867812 0.816388 0.872158 0.810189 0.870358 0.808118 0.922519 0.849716 0.929022 0.85209 0.929374 0.854879 0.642718 0.871784 0.649803 0.867881 0.645358 0.873222 0.929374 0.854879 0.929022 0.85209 0.945163 0.85236 0.649803 0.867881 0.667997 0.871477 0.651317 0.870206 0.980612 0.759848 0.982275 0.779706 0.983605 0.770066 0.651317 0.870206 0.667938 0.873792 0.658095 0.873757 0.752096 0.933045 0.753251 0.922745 0.75468 0.922616 0.752096 0.933045 0.75468 0.922616 0.756933 0.923226 0.667938 0.873792 0.670326 0.87413 0.666952 0.87638 0.666673 0.800339 0.663539 0.802271 0.665403 0.804289 0.965989 0.794096 0.968235 0.792668 0.968235 0.794984 0.921971 0.917105 0.919306 0.916678 0.921756 0.922886 0.665403 0.804289 0.663539 0.802271 0.661824 0.80825 0.944194 0.971675 0.941619 0.971473 0.944126 0.965844 0.714481 0.868595 0.712173 0.870477 0.710927 0.863811 0.919306 0.916678 0.919994 0.935063 0.921756 0.922886 0.663539 0.802271 0.652844 0.817437 0.661824 0.80825 0.941619 0.971473 0.942451 0.953854 0.944126 0.965844 0.712173 0.870477 0.702022 0.853082 0.710927 0.863811 0.657924 0.80551 0.6511 0.815582 0.652844 0.817437 0.710927 0.863811 0.704166 0.851707 0.705766 0.850375 0.652844 0.817437 0.6511 0.815582 0.642317 0.826903 0.705766 0.850375 0.704166 0.851707 0.69551 0.837765 0.642317 0.826903 0.639991 0.825691 0.63819 0.83393 0.69551 0.837765 0.693341 0.83828 0.691393 0.829507 0.63819 0.83393 0.63758 0.845272 0.64035 0.835313 0.908267 0.95148 0.909819 0.949814 0.903753 0.944141 0.64035 0.835313 0.63758 0.845272 0.640707 0.847029 0.909819 0.949814 0.905694 0.94148 0.903753 0.944141 0.63758 0.845272 0.641592 0.855941 0.640707 0.847029 0.903753 0.944141 0.905694 0.94148 0.902003 0.933737 0.640707 0.847029 0.641592 0.855941 0.643301 0.853425 0.905694 0.94148 0.904748 0.9351 0.902003 0.933737 0.639335 0.855911 0.644069 0.862269 0.641592 0.855941 0.691844 0.807891 0.69615 0.802958 0.693981 0.808537 0.892938 0.96938 0.892938 0.955686 0.891153 0.963857 0.902003 0.933737 0.904944 0.928486 0.903818 0.921496 0.8376 0.933575 0.840387 0.9385 0.838481 0.943003 0.65854 0.966141 0.654688 0.96045 0.658662 0.962608 0.644069 0.862269 0.652071 0.867065 0.650376 0.86399 0.69615 0.802958 0.703603 0.800566 0.702075 0.803127 0.840145 0.948359 0.842579 0.947921 0.843204 0.952166 0.653009 0.955194 0.652636 0.948199 0.655388 0.954644 0.650376 0.86399 0.652071 0.867065 0.657639 0.862936 0.702075 0.803127 0.703603 0.800566 0.708998 0.806358 0.652071 0.867065 0.660029 0.864456 0.657639 0.862936 0.703603 0.800566 0.711223 0.805557 0.708998 0.806358 0.657639 0.862936 0.660029 0.864456 0.662167 0.857092 0.708998 0.806358 0.711223 0.805557 0.713454 0.813553 0.666673 0.85827 0.666039 0.850731 0.66442 0.857071 0.841615 0.975783 0.84313 0.974085 0.838787 0.970424 0.66442 0.857071 0.661183 0.845872 0.66104 0.850364 0.715616 0.814254 0.712858 0.824472 0.712588 0.81994 0.66104 0.850364 0.661183 0.845872 0.657898 0.845493 0.712588 0.81994 0.712858 0.824472 0.709747 0.823864 0.661183 0.845872 0.659235 0.840602 0.656502 0.842011 0.84001 0.964306 0.840619 0.958119 0.837801 0.958525 0.820751 0.972071 0.82328 0.972333 0.822402 0.976254 0.988821 0.631923 0.987909 0.627171 0.990883 0.630929 0.656502 0.842011 0.651159 0.841974 0.653436 0.844329 0.708527 0.826927 0.703459 0.825362 0.705551 0.823691 0.70989 0.978566 0.70989 0.967492 0.708217 0.975605 0.987909 0.627171 0.988469 0.618863 0.990336 0.625208 0.651159 0.841974 0.646069 0.844208 0.647 0.846733 0.703459 0.825362 0.698568 0.821604 0.699378 0.819361 0.460137 0.895615 0.460137 0.9109 0.118176 0.9109 0.118176 0.9109 0.118176 0.895616 0.460137 0.895615 0.511943 0.516958 0.57308 0.516958 0.57308 0.892461 0.57308 0.892461 0.511943 0.892461 0.511943 0.516958 0.101447 0.481861 0.101447 0.420724 0.47695 0.420724 0.47695 0.420724 0.47695 0.481861 0.101447 0.481861 0.476908 0.927671 0.476908 0.988808 0.101405 0.988808 0.101405 0.988808 0.101405 0.927671 0.476908 0.927671 0.06632429 0.892493 0.005187749 0.892493 0.005187749 0.51699 0.005187749 0.51699 0.06632435 0.51699 0.06632429 0.892493 0.101405 0.927671 0.460137 0.9109 0.118176 0.9109 0.460137 0.9109 0.101405 0.927671 0.476908 0.927671 0.511943 0.892461 0.495172 0.533729 0.495172 0.87569 0.495172 0.533729 0.511943 0.892461 0.511943 0.516958 0.47695 0.481861 0.118218 0.498632 0.460178 0.498632 0.118218 0.498632 0.47695 0.481861 0.101447 0.481861 0.06632435 0.51699 0.08309549 0.875722 0.08309561 0.533762 0.08309549 0.875722 0.06632435 0.51699 0.06632429 0.892493 0.175896 0.817811 0.165114 0.817811 0.165114 0.591672 0.165114 0.591672 0.175895 0.591672 0.175896 0.817811 0.0983805 0.875722 0.08309549 0.875722 0.08309561 0.533762 0.08309561 0.533762 0.09837979 0.533761 0.0983805 0.875722 0.479887 0.533729 0.495172 0.533729 0.495172 0.87569 0.495172 0.87569 0.479888 0.87569 0.479887 0.533729 0.118218 0.513917 0.118218 0.498632 0.460178 0.498632 0.460178 0.498632 0.460178 0.513916 0.118218 0.513917 0.118176 0.895616 0.411594 0.838249 0.166719 0.838249 0.411594 0.838249 0.118176 0.895616 0.460137 0.895615 0.479888 0.87569 0.422521 0.582273 0.422522 0.827147 0.422521 0.582273 0.479888 0.87569 0.479887 0.533729 0.460178 0.513916 0.166761 0.571283 0.411635 0.571283 0.166761 0.571283 0.460178 0.513916 0.118218 0.513917 0.09837979 0.533761 0.1557469 0.827179 0.155746 0.582304 0.1557469 0.827179 0.09837979 0.533761 0.0983805 0.875722 0.166719 0.838249 0.402226 0.828881 0.176087 0.828882 0.402226 0.828881 0.166719 0.838249 0.411594 0.838249 0.422522 0.827147 0.413153 0.591641 0.413154 0.817779 0.413153 0.591641 0.422522 0.827147 0.422521 0.582273 0.411635 0.571283 0.176129 0.580651 0.402268 0.580651 0.176129 0.580651 0.411635 0.571283 0.166761 0.571283 0.155746 0.582304 0.165114 0.817811 0.165114 0.591672 0.165114 0.817811 0.155746 0.582304 0.1557469 0.827179 0.402372 0.591641 0.413153 0.591641 0.413154 0.817779 0.413154 0.817779 0.402372 0.81778 0.402372 0.591641 0.176129 0.591432 0.176129 0.580651 0.402268 0.580651 0.402268 0.580651 0.402268 0.591432 0.176129 0.591432 0.402226 0.8181 0.402226 0.828881 0.176087 0.828882 0.176087 0.828882 0.176087 0.8181 0.402226 0.8181 0.176087 0.8181 0.274642 0.7219 0.266207 0.72798 0.176087 0.8181 0.289156 0.718474 0.274642 0.7219 0.176087 0.8181 0.303671 0.7219 0.289156 0.718474 0.303671 0.7219 0.402226 0.8181 0.312106 0.72798 0.303671 0.7219 0.176087 0.8181 0.402226 0.8181 0.402372 0.81778 0.306173 0.719225 0.312252 0.727659 0.402372 0.81778 0.302746 0.70471 0.306173 0.719225 0.402372 0.81778 0.306173 0.690196 0.302746 0.70471 0.306173 0.690196 0.402372 0.591641 0.312252 0.681761 0.306173 0.690196 0.402372 0.81778 0.402372 0.591641 0.402268 0.591432 0.303713 0.687632 0.312148 0.681552 0.402268 0.591432 0.289199 0.691058 0.303713 0.687632 0.402268 0.591432 0.274684 0.687632 0.289199 0.691058 0.274684 0.687632 0.176129 0.591432 0.266249 0.681552 0.274684 0.687632 0.402268 0.591432 0.176129 0.591432 0.175895 0.591672 0.272095 0.690227 0.266015 0.681792 0.175895 0.591672 0.275521 0.704741 0.272095 0.690227 0.175895 0.591672 0.272095 0.719256 0.275521 0.704741 0.272095 0.719256 0.175896 0.817811 0.266015 0.727691 0.272095 0.719256 0.175895 0.591672 0.175896 0.817811 0.006555438 0.341083 5.30647e-4 0.341083 5.30647e-4 0.339359 5.30647e-4 0.339359 0.006555438 0.339359 0.006555438 0.341083 0.006555438 0.34282 5.30647e-4 0.34282 5.30647e-4 0.341083 5.30647e-4 0.341083 0.006555438 0.341083 0.006555438 0.34282 0.006555438 0.353576 5.30647e-4 0.353576 5.30647e-4 0.351352 5.30647e-4 0.351352 0.006555438 0.351352 0.006555438 0.353576 0.006555438 0.339359 5.30647e-4 0.339359 5.30647e-4 0.336899 5.30647e-4 0.336899 0.006555438 0.336899 0.006555438 0.339359 0.006555438 0.334444 5.30647e-4 0.334444 5.30647e-4 0.332743 5.30647e-4 0.332743 0.006555438 0.332743 0.006555438 0.334444 0.006555438 0.349589 5.30647e-4 0.349589 5.30647e-4 0.347819 5.30647e-4 0.347819 0.006555438 0.347819 0.006555438 0.349589 0.006555438 0.355669 5.30647e-4 0.355669 5.30647e-4 0.353576 5.30647e-4 0.353576 0.006555438 0.353576 0.006555438 0.355669 0.006555438 0.358459 5.30647e-4 0.358459 5.30647e-4 0.357199 5.30647e-4 0.357199 0.006555438 0.357199 0.006555438 0.358459 0.006555438 0.360123 5.30647e-4 0.360123 5.30647e-4 0.358459 5.30647e-4 0.358459 0.006555438 0.358459 0.006555438 0.360123 0.006555438 0.331078 5.30647e-4 0.331078 5.30647e-4 0.328818 5.30647e-4 0.328818 0.006555438 0.328818 0.006555438 0.331078 0.006555438 0.351352 5.30647e-4 0.351352 5.30647e-4 0.349589 5.30647e-4 0.349589 0.006555438 0.349589 0.006555438 0.351352 0.006555438 0.332743 5.30647e-4 0.332743 5.30647e-4 0.331078 5.30647e-4 0.331078 0.006555438 0.331078 0.006555438 0.332743 0.006555438 0.347819 5.30647e-4 0.347819 5.30647e-4 0.345315 5.30647e-4 0.345315 0.006555438 0.345315 0.006555438 0.347819 0.006555438 0.345315 5.30647e-4 0.345315 5.30647e-4 0.34282 5.30647e-4 0.34282 0.006555438 0.34282 0.006555438 0.345315 0.006555438 0.336899 5.30647e-4 0.336899 5.30647e-4 0.334444 5.30647e-4 0.334444 0.006555438 0.334444 0.006555438 0.336899 0.006555438 0.357199 5.30647e-4 0.357199 5.30647e-4 0.355669 5.30647e-4 0.355669 0.006555438 0.355669 0.006555438 0.357199 0.008684396 0.334444 0.006555438 0.332743 0.006555438 0.334444 0.006555438 0.332743 0.008684396 0.334444 0.008684396 0.332743 0.008684396 0.357199 0.006555438 0.355669 0.006555438 0.357199 0.006555438 0.355669 0.008684396 0.357199 0.008684396 0.355669 0.008684396 0.358459 0.006555438 0.357199 0.006555438 0.358459 0.006555438 0.357199 0.008684396 0.358459 0.008684396 0.357199 0.008684396 0.341083 0.006555438 0.339359 0.006555438 0.341083 0.006555438 0.339359 0.008684396 0.341083 0.008684396 0.339359 0.008684396 0.351352 0.006555438 0.349589 0.006555438 0.351352 0.006555438 0.349589 0.008684396 0.351352 0.008684396 0.349589 0.008684396 0.353576 0.006555438 0.351352 0.006555438 0.353576 0.006555438 0.351352 0.008684396 0.353576 0.008684396 0.351352 0.008684396 0.339359 0.006555438 0.336899 0.006555438 0.339359 0.006555438 0.336899 0.008684396 0.339359 0.008684396 0.336899 0.008684396 0.349589 0.006555438 0.347819 0.006555438 0.349589 0.006555438 0.347819 0.008684396 0.349589 0.008684396 0.347819 0.008684396 0.355669 0.006555438 0.353576 0.006555438 0.355669 0.006555438 0.353576 0.008684396 0.355669 0.008684396 0.353576 0.008684396 0.360123 0.006555438 0.358459 0.006555438 0.360123 0.006555438 0.358459 0.008684396 0.360123 0.008684396 0.358459 0.008684396 0.331078 0.006555438 0.328818 0.006555438 0.331078 0.006555438 0.328818 0.008684396 0.331078 0.008684396 0.328818 0.008684396 0.332743 0.006555438 0.331078 0.006555438 0.332743 0.006555438 0.331078 0.008684396 0.332743 0.008684396 0.331078 0.008684396 0.347819 0.006555438 0.345315 0.006555438 0.347819 0.006555438 0.345315 0.008684396 0.347819 0.008684396 0.345315 0.008684396 0.34282 0.006555438 0.341083 0.006555438 0.34282 0.006555438 0.341083 0.008684396 0.34282 0.008684396 0.341083 0.008684396 0.345315 0.006555438 0.34282 0.006555438 0.345315 0.006555438 0.34282 0.008684396 0.345315 0.008684396 0.34282 0.008684396 0.336899 0.006555438 0.334444 0.006555438 0.336899 0.006555438 0.334444 0.008684396 0.336899 0.008684396 0.334444 0.02289646 0.331078 0.008684396 0.328818 0.008684396 0.331078 0.008684396 0.328818 0.02289646 0.331078 0.02289646 0.328818 0.02289646 0.332743 0.008684396 0.331078 0.008684396 0.332743 0.008684396 0.331078 0.02289646 0.332743 0.02289646 0.331078 0.02289646 0.347819 0.008684396 0.345315 0.008684396 0.347819 0.008684396 0.345315 0.02289646 0.347819 0.02289646 0.345315 0.02289646 0.34282 0.008684396 0.341083 0.008684396 0.34282 0.008684396 0.341083 0.02289646 0.34282 0.02289646 0.341083 0.02289646 0.345315 0.008684396 0.34282 0.008684396 0.345315 0.008684396 0.34282 0.02289646 0.345315 0.02289646 0.34282 0.02289646 0.336899 0.008684396 0.334444 0.008684396 0.336899 0.008684396 0.334444 0.02289646 0.336899 0.02289646 0.334444 0.02289646 0.334444 0.008684396 0.332743 0.008684396 0.334444 0.008684396 0.332743 0.02289646 0.334444 0.02289646 0.332743 0.02289646 0.357199 0.008684396 0.355669 0.008684396 0.357199 0.008684396 0.355669 0.02289646 0.357199 0.02289646 0.355669 0.02289646 0.358459 0.008684396 0.357199 0.008684396 0.358459 0.008684396 0.357199 0.02289646 0.358459 0.02289646 0.357199 0.02289646 0.341083 0.008684396 0.339359 0.008684396 0.341083 0.008684396 0.339359 0.02289646 0.341083 0.02289646 0.339359 0.02289646 0.351352 0.008684396 0.349589 0.008684396 0.351352 0.008684396 0.349589 0.02289646 0.351352 0.02289646 0.349589 0.02289646 0.353576 0.008684396 0.351352 0.008684396 0.353576 0.008684396 0.351352 0.02289646 0.353576 0.02289646 0.351352 0.02289646 0.339359 0.008684396 0.336899 0.008684396 0.339359 0.008684396 0.336899 0.02289646 0.339359 0.02289646 0.336899 0.02289646 0.349589 0.008684396 0.347819 0.008684396 0.349589 0.008684396 0.347819 0.02289646 0.349589 0.02289646 0.347819 0.02289646 0.355669 0.008684396 0.353576 0.008684396 0.355669 0.008684396 0.353576 0.02289646 0.355669 0.02289646 0.353576 0.02289646 0.360123 0.008684396 0.358459 0.008684396 0.360123 0.008684396 0.358459 0.02289646 0.360123 0.02289646 0.358459 0.02684015 0.353576 0.02289646 0.353576 0.02289646 0.351352 0.02289646 0.351352 0.02684015 0.351352 0.02684015 0.353576 0.02684015 0.339359 0.02289646 0.339359 0.02289646 0.336899 0.02289646 0.336899 0.02684015 0.336899 0.02684015 0.339359 0.02684015 0.349589 0.02289646 0.349589 0.02289646 0.347819 0.02289646 0.347819 0.02684015 0.347819 0.02684015 0.349589 0.02684015 0.355669 0.02289646 0.355669 0.02289646 0.353576 0.02289646 0.353576 0.02684015 0.353576 0.02684015 0.355669 0.02684015 0.360123 0.02289646 0.360123 0.02289646 0.358459 0.02289646 0.358459 0.02684015 0.358459 0.02684015 0.360123 0.02684015 0.331078 0.02289646 0.331078 0.02289646 0.328818 0.02289646 0.328818 0.02684015 0.328818 0.02684015 0.331078 0.02684015 0.332743 0.02289646 0.332743 0.02289646 0.331078 0.02289646 0.331078 0.02684015 0.331078 0.02684015 0.332743 0.02684015 0.347819 0.02289646 0.347819 0.02289646 0.345315 0.02289646 0.345315 0.02684015 0.345315 0.02684015 0.347819 0.02684015 0.34282 0.02289646 0.34282 0.02289646 0.341083 0.02289646 0.341083 0.02684015 0.341083 0.02684015 0.34282 0.02684015 0.345315 0.02289646 0.345315 0.02289646 0.34282 0.02289646 0.34282 0.02684015 0.34282 0.02684015 0.345315 0.02684015 0.336899 0.02289646 0.336899 0.02289646 0.334444 0.02289646 0.334444 0.02684015 0.334444 0.02684015 0.336899 0.02684015 0.334444 0.02289646 0.334444 0.02289646 0.332743 0.02289646 0.332743 0.02684015 0.332743 0.02684015 0.334444 0.02684015 0.357199 0.02289646 0.357199 0.02289646 0.355669 0.02289646 0.355669 0.02684015 0.355669 0.02684015 0.357199 0.02684015 0.358459 0.02289646 0.358459 0.02289646 0.357199 0.02289646 0.357199 0.02684015 0.357199 0.02684015 0.358459 0.02684015 0.341083 0.02289646 0.341083 0.02289646 0.339359 0.02289646 0.339359 0.02684015 0.339359 0.02684015 0.341083 0.02684015 0.351352 0.02289646 0.351352 0.02289646 0.349589 0.02289646 0.349589 0.02684015 0.349589 0.02684015 0.351352 0.03074979 0.334444 0.02684015 0.334444 0.02684015 0.332743 0.02684015 0.332743 0.03074979 0.332743 0.03074979 0.334444 0.03074979 0.357199 0.02684015 0.357199 0.02684015 0.355669 0.02684015 0.355669 0.03074979 0.355669 0.03074979 0.357199 0.03074979 0.358459 0.02684015 0.358459 0.02684015 0.357199 0.02684015 0.357199 0.03074979 0.357199 0.03074979 0.358459 0.03074979 0.341083 0.02684015 0.341083 0.02684015 0.339359 0.02684015 0.339359 0.03074979 0.339359 0.03074979 0.341083 0.03074979 0.351352 0.02684015 0.351352 0.02684015 0.349589 0.02684015 0.349589 0.03074979 0.349589 0.03074979 0.351352 0.03074979 0.353576 0.02684015 0.353576 0.02684015 0.351352 0.02684015 0.351352 0.03074979 0.351352 0.03074979 0.353576 0.03074979 0.339359 0.02684015 0.339359 0.02684015 0.336899 0.02684015 0.336899 0.03074979 0.336899 0.03074979 0.339359 0.03074979 0.349589 0.02684015 0.349589 0.02684015 0.347819 0.02684015 0.347819 0.03074979 0.347819 0.03074979 0.349589 0.03074979 0.355669 0.02684015 0.355669 0.02684015 0.353576 0.02684015 0.353576 0.03074979 0.353576 0.03074979 0.355669 0.03074979 0.360123 0.02684015 0.360123 0.02684015 0.358459 0.02684015 0.358459 0.03074979 0.358459 0.03074979 0.360123 0.03074979 0.331078 0.02684015 0.331078 0.02684015 0.328818 0.02684015 0.328818 0.03074979 0.328818 0.03074979 0.331078 0.03074979 0.332743 0.02684015 0.332743 0.02684015 0.331078 0.02684015 0.331078 0.03074979 0.331078 0.03074979 0.332743 0.03074979 0.347819 0.02684015 0.347819 0.02684015 0.345315 0.02684015 0.345315 0.03074979 0.345315 0.03074979 0.347819 0.03074979 0.34282 0.02684015 0.34282 0.02684015 0.341083 0.02684015 0.341083 0.03074979 0.341083 0.03074979 0.34282 0.03074979 0.345315 0.02684015 0.345315 0.02684015 0.34282 0.02684015 0.34282 0.03074979 0.34282 0.03074979 0.345315 0.03074979 0.336899 0.02684015 0.336899 0.02684015 0.334444 0.02684015 0.334444 0.03074979 0.334444 0.03074979 0.336899 0.04372465 0.331078 0.03074979 0.328818 0.03074979 0.331078 0.03074979 0.328818 0.04372465 0.331078 0.04372465 0.328818 0.04372465 0.332743 0.03074979 0.331078 0.03074979 0.332743 0.03074979 0.331078 0.04372465 0.332743 0.04372465 0.331078 0.04372465 0.347819 0.03074979 0.345315 0.03074979 0.347819 0.03074979 0.345315 0.04372465 0.347819 0.04372465 0.345315 0.04372465 0.34282 0.03074979 0.341083 0.03074979 0.34282 0.03074979 0.341083 0.04372465 0.34282 0.04372465 0.341083 0.04372465 0.345315 0.03074979 0.34282 0.03074979 0.345315 0.03074979 0.34282 0.04372465 0.345315 0.04372465 0.34282 0.04372465 0.336899 0.03074979 0.334444 0.03074979 0.336899 0.03074979 0.334444 0.04372465 0.336899 0.04372465 0.334444 0.04372465 0.334444 0.03074979 0.332743 0.03074979 0.334444 0.03074979 0.332743 0.04372465 0.334444 0.04372465 0.332743 0.04372465 0.357199 0.03074979 0.355669 0.03074979 0.357199 0.03074979 0.355669 0.04372465 0.357199 0.04372465 0.355669 0.04372465 0.358459 0.03074979 0.357199 0.03074979 0.358459 0.03074979 0.357199 0.04372465 0.358459 0.04372465 0.357199 0.04372465 0.341083 0.03074979 0.339359 0.03074979 0.341083 0.03074979 0.339359 0.04372465 0.341083 0.04372465 0.339359 0.04372465 0.351352 0.03074979 0.349589 0.03074979 0.351352 0.03074979 0.349589 0.04372465 0.351352 0.04372465 0.349589 0.04372465 0.353576 0.03074979 0.351352 0.03074979 0.353576 0.03074979 0.351352 0.04372465 0.353576 0.04372465 0.351352 0.04372465 0.339359 0.03074979 0.336899 0.03074979 0.339359 0.03074979 0.336899 0.04372465 0.339359 0.04372465 0.336899 0.04372465 0.349589 0.03074979 0.347819 0.03074979 0.349589 0.03074979 0.347819 0.04372465 0.349589 0.04372465 0.347819 0.04372465 0.355669 0.03074979 0.353576 0.03074979 0.355669 0.03074979 0.353576 0.04372465 0.355669 0.04372465 0.353576 0.04372465 0.360123 0.03074979 0.358459 0.03074979 0.360123 0.03074979 0.358459 0.04372465 0.360123 0.04372465 0.358459 0.42505 0.353576 0.04372465 0.353576 0.04372465 0.351352 0.04372465 0.351352 0.42505 0.351352 0.42505 0.353576 0.42505 0.339359 0.04372465 0.339359 0.04372465 0.336899 0.04372465 0.336899 0.42505 0.336899 0.42505 0.339359 0.42505 0.349589 0.04372465 0.349589 0.04372465 0.347819 0.04372465 0.347819 0.42505 0.34782 0.42505 0.349589 0.42505 0.355669 0.04372465 0.355669 0.04372465 0.353576 0.04372465 0.353576 0.42505 0.353576 0.42505 0.355669 0.42505 0.360123 0.04372465 0.360123 0.04372465 0.358459 0.04372465 0.358459 0.42505 0.358459 0.42505 0.360123 0.42505 0.331078 0.04372465 0.331078 0.04372465 0.328818 0.04372465 0.328818 0.42505 0.328818 0.42505 0.331078 0.42505 0.332743 0.04372465 0.332743 0.04372465 0.331078 0.04372465 0.331078 0.42505 0.331078 0.42505 0.332743 0.42505 0.34782 0.04372465 0.347819 0.04372465 0.345315 0.04372465 0.345315 0.42505 0.345315 0.42505 0.34782 0.42505 0.34282 0.04372465 0.34282 0.04372465 0.341083 0.04372465 0.341083 0.42505 0.341083 0.42505 0.34282 0.42505 0.345315 0.04372465 0.345315 0.04372465 0.34282 0.04372465 0.34282 0.42505 0.34282 0.42505 0.345315 0.42505 0.336899 0.04372465 0.336899 0.04372465 0.334444 0.04372465 0.334444 0.42505 0.334444 0.42505 0.336899 0.42505 0.334444 0.04372465 0.334444 0.04372465 0.332743 0.04372465 0.332743 0.42505 0.332743 0.42505 0.334444 0.42505 0.357199 0.04372465 0.357199 0.04372465 0.355669 0.04372465 0.355669 0.42505 0.355669 0.42505 0.357199 0.42505 0.358459 0.04372465 0.358459 0.04372465 0.357199 0.04372465 0.357199 0.42505 0.357199 0.42505 0.358459 0.42505 0.341083 0.04372465 0.341083 0.04372465 0.339359 0.04372465 0.339359 0.42505 0.339359 0.42505 0.341083 0.42505 0.351352 0.04372465 0.351352 0.04372465 0.349589 0.04372465 0.349589 0.42505 0.349589 0.42505 0.351352 0.441051 0.357199 0.42505 0.357199 0.42505 0.355669 0.42505 0.355669 0.441051 0.355669 0.441051 0.357199 0.441051 0.358459 0.42505 0.358459 0.42505 0.357199 0.42505 0.357199 0.441051 0.357199 0.441051 0.358459 0.441051 0.341083 0.42505 0.341083 0.42505 0.339359 0.42505 0.339359 0.441051 0.339359 0.441051 0.341083 0.441051 0.351352 0.42505 0.351352 0.42505 0.349589 0.42505 0.349589 0.441051 0.349589 0.441051 0.351352 0.441051 0.353576 0.42505 0.353576 0.42505 0.351352 0.42505 0.351352 0.441051 0.351352 0.441051 0.353576 0.441051 0.339359 0.42505 0.339359 0.42505 0.336899 0.42505 0.336899 0.441051 0.336899 0.441051 0.339359 0.441051 0.349589 0.42505 0.349589 0.42505 0.34782 0.42505 0.34782 0.441051 0.34782 0.441051 0.349589 0.441051 0.355669 0.42505 0.355669 0.42505 0.353576 0.42505 0.353576 0.441051 0.353576 0.441051 0.355669 0.441051 0.360123 0.42505 0.360123 0.42505 0.358459 0.42505 0.358459 0.441051 0.358459 0.441051 0.360123 0.441051 0.331078 0.42505 0.331078 0.42505 0.328818 0.42505 0.328818 0.441051 0.328818 0.441051 0.331078 0.441051 0.332743 0.42505 0.332743 0.42505 0.331078 0.42505 0.331078 0.441051 0.331078 0.441051 0.332743 0.441051 0.34782 0.42505 0.34782 0.42505 0.345315 0.42505 0.345315 0.441051 0.345315 0.441051 0.34782 0.441051 0.34282 0.42505 0.34282 0.42505 0.341083 0.42505 0.341083 0.441051 0.341083 0.441051 0.34282 0.441051 0.345315 0.42505 0.345315 0.42505 0.34282 0.42505 0.34282 0.441051 0.34282 0.441051 0.345315 0.441051 0.336899 0.42505 0.336899 0.42505 0.334444 0.42505 0.334444 0.441051 0.334444 0.441051 0.336899 0.441051 0.334444 0.42505 0.334444 0.42505 0.332743 0.42505 0.332743 0.441051 0.332743 0.441051 0.334444 0.751342 0.332743 0.441051 0.332743 0.441051 0.331078 0.441051 0.331078 0.751342 0.331078 0.751342 0.332743 0.751342 0.34782 0.441051 0.34782 0.441051 0.345315 0.441051 0.345315 0.751342 0.345315 0.751342 0.34782 0.751342 0.34282 0.441051 0.34282 0.441051 0.341083 0.441051 0.341083 0.751342 0.341083 0.751342 0.34282 0.751342 0.345315 0.441051 0.345315 0.441051 0.34282 0.441051 0.34282 0.751342 0.34282 0.751342 0.345315 0.751342 0.336899 0.441051 0.336899 0.441051 0.334444 0.441051 0.334444 0.751342 0.334444 0.751342 0.336899 0.751342 0.334444 0.441051 0.334444 0.441051 0.332743 0.441051 0.332743 0.751342 0.332743 0.751342 0.334444 0.751342 0.357199 0.441051 0.357199 0.441051 0.355669 0.441051 0.355669 0.751342 0.355669 0.751342 0.357199 0.751342 0.358459 0.441051 0.358459 0.441051 0.357199 0.441051 0.357199 0.751342 0.357199 0.751342 0.358459 0.751342 0.341083 0.441051 0.341083 0.441051 0.339359 0.441051 0.339359 0.751342 0.339359 0.751342 0.341083 0.751342 0.351352 0.441051 0.351352 0.441051 0.349589 0.441051 0.349589 0.751342 0.349589 0.751342 0.351352 0.751342 0.353576 0.441051 0.353576 0.441051 0.351352 0.441051 0.351352 0.751342 0.351352 0.751342 0.353576 0.751342 0.339359 0.441051 0.339359 0.441051 0.336899 0.441051 0.336899 0.751342 0.336899 0.751342 0.339359 0.751342 0.349589 0.441051 0.349589 0.441051 0.34782 0.441051 0.34782 0.751342 0.34782 0.751342 0.349589 0.751342 0.355669 0.441051 0.355669 0.441051 0.353576 0.441051 0.353576 0.751342 0.353576 0.751342 0.355669 0.751342 0.360123 0.441051 0.360123 0.441051 0.358459 0.441051 0.358459 0.751342 0.358459 0.751342 0.360123 0.751342 0.331078 0.441051 0.331078 0.441051 0.328818 0.441051 0.328818 0.751342 0.328818 0.751342 0.331078 0.760144 0.339359 0.751342 0.336899 0.751342 0.339359 0.751342 0.336899 0.760144 0.339359 0.760144 0.336899 0.760144 0.349589 0.751342 0.34782 0.751342 0.349589 0.751342 0.34782 0.760144 0.349589 0.760144 0.34782 0.760144 0.355669 0.751342 0.353576 0.751342 0.355669 0.751342 0.353576 0.760144 0.355669 0.760144 0.353576 0.760144 0.360123 0.751342 0.358459 0.751342 0.360123 0.751342 0.358459 0.760144 0.360123 0.760144 0.358459 0.760144 0.331078 0.751342 0.328818 0.751342 0.331078 0.751342 0.328818 0.760144 0.331078 0.760144 0.328818 0.760144 0.332743 0.751342 0.331078 0.751342 0.332743 0.751342 0.331078 0.760144 0.332743 0.760144 0.331078 0.760144 0.34782 0.751342 0.345315 0.751342 0.34782 0.751342 0.345315 0.760144 0.34782 0.760144 0.345315 0.760144 0.34282 0.751342 0.341083 0.751342 0.34282 0.751342 0.341083 0.760144 0.34282 0.760144 0.341083 0.760144 0.345315 0.751342 0.34282 0.751342 0.345315 0.751342 0.34282 0.760144 0.345315 0.760144 0.34282 0.760144 0.336899 0.751342 0.334444 0.751342 0.336899 0.751342 0.334444 0.760144 0.336899 0.760144 0.334444 0.760144 0.334444 0.751342 0.332743 0.751342 0.334444 0.751342 0.332743 0.760144 0.334444 0.760144 0.332743 0.760144 0.357199 0.751342 0.355669 0.751342 0.357199 0.751342 0.355669 0.760144 0.357199 0.760144 0.355669 0.760144 0.358459 0.751342 0.357199 0.751342 0.358459 0.751342 0.357199 0.760144 0.358459 0.760144 0.357199 0.760144 0.341083 0.751342 0.339359 0.751342 0.341083 0.751342 0.339359 0.760144 0.341083 0.760144 0.339359 0.760144 0.351352 0.751342 0.349589 0.751342 0.351352 0.751342 0.349589 0.760144 0.351352 0.760144 0.349589 0.760144 0.353576 0.751342 0.351352 0.751342 0.353576 0.751342 0.351352 0.760144 0.353576 0.760144 0.351352 0.761535 0.357199 0.760144 0.357199 0.760144 0.355669 0.760144 0.355669 0.761535 0.355669 0.761535 0.357199 0.761535 0.358459 0.760144 0.358459 0.760144 0.357199 0.760144 0.357199 0.761535 0.357199 0.761535 0.358459 0.761535 0.341083 0.760144 0.341083 0.760144 0.339359 0.760144 0.339359 0.761535 0.339359 0.761535 0.341083 0.761535 0.351352 0.760144 0.351352 0.760144 0.349589 0.760144 0.349589 0.761535 0.349589 0.761535 0.351352 0.761535 0.353576 0.760144 0.353576 0.760144 0.351352 0.760144 0.351352 0.761535 0.351352 0.761535 0.353576 0.761535 0.339359 0.760144 0.339359 0.760144 0.336899 0.760144 0.336899 0.761535 0.336899 0.761535 0.339359 0.761535 0.349589 0.760144 0.349589 0.760144 0.34782 0.760144 0.34782 0.761535 0.34782 0.761535 0.349589 0.761535 0.355669 0.760144 0.355669 0.760144 0.353576 0.760144 0.353576 0.761535 0.353576 0.761535 0.355669 0.761535 0.360123 0.760144 0.360123 0.760144 0.358459 0.760144 0.358459 0.761535 0.358459 0.761535 0.360123 0.761535 0.331078 0.760144 0.331078 0.760144 0.328818 0.760144 0.328818 0.761535 0.328818 0.761535 0.331078 0.761535 0.332743 0.760144 0.332743 0.760144 0.331078 0.760144 0.331078 0.761535 0.331078 0.761535 0.332743 0.761535 0.34782 0.760144 0.34782 0.760144 0.345315 0.760144 0.345315 0.761535 0.345315 0.761535 0.34782 0.761535 0.34282 0.760144 0.34282 0.760144 0.341083 0.760144 0.341083 0.761535 0.341083 0.761535 0.34282 0.761535 0.345315 0.760144 0.345315 0.760144 0.34282 0.760144 0.34282 0.761535 0.34282 0.761535 0.345315 0.761535 0.336899 0.760144 0.336899 0.760144 0.334444 0.760144 0.334444 0.761535 0.334444 0.761535 0.336899 0.761535 0.334444 0.760144 0.334444 0.760144 0.332743 0.760144 0.332743 0.761535 0.332743 0.761535 0.334444 0.76402 0.332743 0.761535 0.332743 0.761535 0.331078 0.761535 0.331078 0.76402 0.331078 0.76402 0.332743 0.76402 0.34782 0.761535 0.34782 0.761535 0.345315 0.761535 0.345315 0.76402 0.345315 0.76402 0.34782 0.76402 0.34282 0.761535 0.34282 0.761535 0.341083 0.761535 0.341083 0.76402 0.341083 0.76402 0.34282 0.76402 0.345315 0.761535 0.345315 0.761535 0.34282 0.761535 0.34282 0.76402 0.34282 0.76402 0.345315 0.76402 0.336899 0.761535 0.336899 0.761535 0.334444 0.761535 0.334444 0.76402 0.334444 0.76402 0.336899 0.76402 0.334444 0.761535 0.334444 0.761535 0.332743 0.761535 0.332743 0.76402 0.332743 0.76402 0.334444 0.76402 0.357199 0.761535 0.357199 0.761535 0.355669 0.761535 0.355669 0.76402 0.355669 0.76402 0.357199 0.76402 0.358459 0.761535 0.358459 0.761535 0.357199 0.761535 0.357199 0.76402 0.357199 0.76402 0.358459 0.76402 0.341083 0.761535 0.341083 0.761535 0.339359 0.761535 0.339359 0.76402 0.339359 0.76402 0.341083 0.76402 0.351352 0.761535 0.351352 0.761535 0.349589 0.761535 0.349589 0.76402 0.349589 0.76402 0.351352 0.76402 0.353576 0.761535 0.353576 0.761535 0.351352 0.761535 0.351352 0.76402 0.351352 0.76402 0.353576 0.76402 0.339359 0.761535 0.339359 0.761535 0.336899 0.761535 0.336899 0.76402 0.336899 0.76402 0.339359 0.76402 0.349589 0.761535 0.349589 0.761535 0.34782 0.761535 0.34782 0.76402 0.34782 0.76402 0.349589 0.76402 0.355669 0.761535 0.355669 0.761535 0.353576 0.761535 0.353576 0.76402 0.353576 0.76402 0.355669 0.76402 0.360123 0.761535 0.360123 0.761535 0.358459 0.761535 0.358459 0.76402 0.358459 0.76402 0.360123 0.76402 0.331078 0.761535 0.331078 0.761535 0.328818 0.761535 0.328818 0.76402 0.328818 0.76402 0.331078 0.76733 0.339359 0.76402 0.336899 0.76402 0.339359 0.76402 0.336899 0.76733 0.339359 0.76733 0.336899 0.76733 0.349589 0.76402 0.34782 0.76402 0.349589 0.76402 0.34782 0.76733 0.349589 0.76733 0.34782 0.76733 0.355669 0.76402 0.353576 0.76402 0.355669 0.76402 0.353576 0.76733 0.355669 0.76733 0.353576 0.76733 0.360123 0.76402 0.358459 0.76402 0.360123 0.76402 0.358459 0.76733 0.360123 0.76733 0.358459 0.76733 0.331078 0.76402 0.328818 0.76402 0.331078 0.76402 0.328818 0.76733 0.331078 0.76733 0.328818 0.76733 0.332743 0.76402 0.331078 0.76402 0.332743 0.76402 0.331078 0.76733 0.332743 0.76733 0.331078 0.76733 0.34782 0.76402 0.345315 0.76402 0.34782 0.76402 0.345315 0.76733 0.34782 0.76733 0.345315 0.76733 0.34282 0.76402 0.341083 0.76402 0.34282 0.76402 0.341083 0.76733 0.34282 0.76733 0.341083 0.76733 0.345315 0.76402 0.34282 0.76402 0.345315 0.76402 0.34282 0.76733 0.345315 0.76733 0.34282 0.76733 0.336899 0.76402 0.334444 0.76402 0.336899 0.76402 0.334444 0.76733 0.336899 0.76733 0.334444 0.76733 0.334444 0.76402 0.332743 0.76402 0.334444 0.76402 0.332743 0.76733 0.334444 0.76733 0.332743 0.76733 0.357199 0.76402 0.355669 0.76402 0.357199 0.76402 0.355669 0.76733 0.357199 0.76733 0.355669 0.76733 0.358459 0.76402 0.357199 0.76402 0.358459 0.76402 0.357199 0.76733 0.358459 0.76733 0.357199 0.76733 0.341083 0.76402 0.339359 0.76402 0.341083 0.76402 0.339359 0.76733 0.341083 0.76733 0.339359 0.76733 0.351352 0.76402 0.349589 0.76402 0.351352 0.76402 0.349589 0.76733 0.351352 0.76733 0.349589 0.76733 0.353576 0.76402 0.351352 0.76402 0.353576 0.76402 0.351352 0.76733 0.353576 0.76733 0.351352 0.774557 0.357199 0.76733 0.355669 0.76733 0.357199 0.76733 0.355669 0.774557 0.357199 0.774557 0.355669 0.774557 0.358459 0.76733 0.357199 0.76733 0.358459 0.76733 0.357199 0.774557 0.358459 0.774557 0.357199 0.774557 0.341083 0.76733 0.339359 0.76733 0.341083 0.76733 0.339359 0.774557 0.341083 0.774557 0.339359 0.774557 0.351352 0.76733 0.349589 0.76733 0.351352 0.76733 0.349589 0.774557 0.351352 0.774557 0.349589 0.774557 0.353576 0.76733 0.351352 0.76733 0.353576 0.76733 0.351352 0.774557 0.353576 0.774557 0.351352 0.774557 0.339359 0.76733 0.336899 0.76733 0.339359 0.76733 0.336899 0.774557 0.339359 0.774557 0.336899 0.774557 0.349589 0.76733 0.34782 0.76733 0.349589 0.76733 0.34782 0.774557 0.349589 0.774557 0.34782 0.774557 0.355669 0.76733 0.353576 0.76733 0.355669 0.76733 0.353576 0.774557 0.355669 0.774557 0.353576 0.774557 0.360123 0.76733 0.358459 0.76733 0.360123 0.76733 0.358459 0.774557 0.360123 0.774557 0.358459 0.774557 0.331078 0.76733 0.328818 0.76733 0.331078 0.76733 0.328818 0.774557 0.331078 0.774557 0.328818 0.774557 0.332743 0.76733 0.331078 0.76733 0.332743 0.76733 0.331078 0.774557 0.332743 0.774557 0.331078 0.774557 0.34782 0.76733 0.345315 0.76733 0.34782 0.76733 0.345315 0.774557 0.34782 0.774557 0.345315 0.774557 0.34282 0.76733 0.341083 0.76733 0.34282 0.76733 0.341083 0.774557 0.34282 0.774557 0.341083 0.774557 0.345315 0.76733 0.34282 0.76733 0.345315 0.76733 0.34282 0.774557 0.345315 0.774557 0.34282 0.774557 0.336899 0.76733 0.334444 0.76733 0.336899 0.76733 0.334444 0.774557 0.336899 0.774557 0.334444 0.774557 0.334444 0.76733 0.332743 0.76733 0.334444 0.76733 0.332743 0.774557 0.334444 0.774557 0.332743 0.780092 0.332743 0.774557 0.331078 0.774557 0.332743 0.774557 0.331078 0.780092 0.332743 0.780092 0.331078 0.780092 0.34782 0.774557 0.345315 0.774557 0.34782 0.774557 0.345315 0.780092 0.34782 0.780092 0.345315 0.780092 0.34282 0.774557 0.341083 0.774557 0.34282 0.774557 0.341083 0.780092 0.34282 0.780092 0.341083 0.780092 0.345315 0.774557 0.34282 0.774557 0.345315 0.774557 0.34282 0.780092 0.345315 0.780092 0.34282 0.780092 0.336899 0.774557 0.334444 0.774557 0.336899 0.774557 0.334444 0.780092 0.336899 0.780092 0.334444 0.780092 0.334444 0.774557 0.332743 0.774557 0.334444 0.774557 0.332743 0.780092 0.334444 0.780092 0.332743 0.780092 0.357199 0.774557 0.355669 0.774557 0.357199 0.774557 0.355669 0.780092 0.357199 0.780092 0.355669 0.780092 0.358459 0.774557 0.357199 0.774557 0.358459 0.774557 0.357199 0.780092 0.358459 0.780092 0.357199 0.780092 0.341083 0.774557 0.339359 0.774557 0.341083 0.774557 0.339359 0.780092 0.341083 0.780092 0.339359 0.780092 0.351352 0.774557 0.349589 0.774557 0.351352 0.774557 0.349589 0.780092 0.351352 0.780092 0.349589 0.780092 0.353576 0.774557 0.351352 0.774557 0.353576 0.774557 0.351352 0.780092 0.353576 0.780092 0.351352 0.780092 0.339359 0.774557 0.336899 0.774557 0.339359 0.774557 0.336899 0.780092 0.339359 0.780092 0.336899 0.780092 0.349589 0.774557 0.34782 0.774557 0.349589 0.774557 0.34782 0.780092 0.349589 0.780092 0.34782 0.780092 0.355669 0.774557 0.353576 0.774557 0.355669 0.774557 0.353576 0.780092 0.355669 0.780092 0.353576 0.780092 0.360123 0.774557 0.358459 0.774557 0.360123 0.774557 0.358459 0.780092 0.360123 0.780092 0.358459 0.780092 0.331078 0.774557 0.328818 0.774557 0.331078 0.774557 0.328818 0.780092 0.331078 0.780092 0.328818 0.781484 0.349589 0.780092 0.349589 0.780092 0.34782 0.780092 0.34782 0.781484 0.34782 0.781484 0.349589 0.781484 0.355669 0.780092 0.355669 0.780092 0.353576 0.780092 0.353576 0.781484 0.353576 0.781484 0.355669 0.781484 0.360123 0.780092 0.360123 0.780092 0.358459 0.780092 0.358459 0.781484 0.358459 0.781484 0.360123 0.781484 0.331078 0.780092 0.331078 0.780092 0.328818 0.780092 0.328818 0.781484 0.328818 0.781484 0.331078 0.781484 0.332743 0.780092 0.332743 0.780092 0.331078 0.780092 0.331078 0.781484 0.331078 0.781484 0.332743 0.781484 0.34782 0.780092 0.34782 0.780092 0.345315 0.780092 0.345315 0.781484 0.345315 0.781484 0.34782 0.781484 0.34282 0.780092 0.34282 0.780092 0.341083 0.780092 0.341083 0.781484 0.341083 0.781484 0.34282 0.781484 0.345315 0.780092 0.345315 0.780092 0.34282 0.780092 0.34282 0.781484 0.34282 0.781484 0.345315 0.781484 0.336899 0.780092 0.336899 0.780092 0.334444 0.780092 0.334444 0.781484 0.334444 0.781484 0.336899 0.781484 0.334444 0.780092 0.334444 0.780092 0.332743 0.780092 0.332743 0.781484 0.332743 0.781484 0.334444 0.781484 0.357199 0.780092 0.357199 0.780092 0.355669 0.780092 0.355669 0.781484 0.355669 0.781484 0.357199 0.781484 0.358459 0.780092 0.358459 0.780092 0.357199 0.780092 0.357199 0.781484 0.357199 0.781484 0.358459 0.781484 0.341083 0.780092 0.341083 0.780092 0.339359 0.780092 0.339359 0.781484 0.339359 0.781484 0.341083 0.781484 0.351352 0.780092 0.351352 0.780092 0.349589 0.780092 0.349589 0.781484 0.349589 0.781484 0.351352 0.781484 0.353576 0.780092 0.353576 0.780092 0.351352 0.780092 0.351352 0.781484 0.351352 0.781484 0.353576 0.781484 0.339359 0.780092 0.339359 0.780092 0.336899 0.780092 0.336899 0.781484 0.336899 0.781484 0.339359 0.785345 0.358459 0.781484 0.358459 0.781484 0.357199 0.781484 0.357199 0.785345 0.357199 0.785345 0.358459 0.785345 0.341083 0.781484 0.341083 0.781484 0.339359 0.781484 0.339359 0.785345 0.339359 0.785345 0.341083 0.785345 0.351352 0.781484 0.351352 0.781484 0.349589 0.781484 0.349589 0.785345 0.349589 0.785345 0.351352 0.785345 0.353576 0.781484 0.353576 0.781484 0.351352 0.781484 0.351352 0.785345 0.351352 0.785345 0.353576 0.785345 0.339359 0.781484 0.339359 0.781484 0.336899 0.781484 0.336899 0.785345 0.336899 0.785345 0.339359 0.785345 0.349589 0.781484 0.349589 0.781484 0.34782 0.781484 0.34782 0.785345 0.34782 0.785345 0.349589 0.785345 0.355669 0.781484 0.355669 0.781484 0.353576 0.781484 0.353576 0.785345 0.353576 0.785345 0.355669 0.785345 0.360123 0.781484 0.360123 0.781484 0.358459 0.781484 0.358459 0.785345 0.358459 0.785345 0.360123 0.785345 0.331078 0.781484 0.331078 0.781484 0.328818 0.781484 0.328818 0.785345 0.328818 0.785345 0.331078 0.785345 0.332743 0.781484 0.332743 0.781484 0.331078 0.781484 0.331078 0.785345 0.331078 0.785345 0.332743 0.785345 0.34782 0.781484 0.34782 0.781484 0.345315 0.781484 0.345315 0.785345 0.345315 0.785345 0.34782 0.785345 0.34282 0.781484 0.34282 0.781484 0.341083 0.781484 0.341083 0.785345 0.341083 0.785345 0.34282 0.785345 0.345315 0.781484 0.345315 0.781484 0.34282 0.781484 0.34282 0.785345 0.34282 0.785345 0.345315 0.785345 0.336899 0.781484 0.336899 0.781484 0.334444 0.781484 0.334444 0.785345 0.334444 0.785345 0.336899 0.785345 0.334444 0.781484 0.334444 0.781484 0.332743 0.781484 0.332743 0.785345 0.332743 0.785345 0.334444 0.785345 0.357199 0.781484 0.357199 0.781484 0.355669 0.781484 0.355669 0.785345 0.355669 0.785345 0.357199 0.991305 0.34782 0.785345 0.34782 0.785345 0.345315 0.785345 0.345315 0.991305 0.345315 0.991305 0.34782 0.991305 0.34282 0.785345 0.34282 0.785345 0.341083 0.785345 0.341083 0.991305 0.341083 0.991305 0.34282 0.991305 0.345315 0.785345 0.345315 0.785345 0.34282 0.785345 0.34282 0.991305 0.34282 0.991305 0.345315 0.991305 0.336899 0.785345 0.336899 0.785345 0.334444 0.785345 0.334444 0.991305 0.334444 0.991305 0.336899 0.991305 0.334444 0.785345 0.334444 0.785345 0.332743 0.785345 0.332743 0.991305 0.332743 0.991305 0.334444 0.991305 0.357199 0.785345 0.357199 0.785345 0.355669 0.785345 0.355669 0.991305 0.355669 0.991305 0.357199 0.991305 0.358459 0.785345 0.358459 0.785345 0.357199 0.785345 0.357199 0.991305 0.357199 0.991305 0.358459 0.991305 0.341083 0.785345 0.341083 0.785345 0.339359 0.785345 0.339359 0.991305 0.339359 0.991305 0.341083 0.991305 0.351352 0.785345 0.351352 0.785345 0.349589 0.785345 0.349589 0.991305 0.349589 0.991305 0.351352 0.991305 0.353576 0.785345 0.353576 0.785345 0.351352 0.785345 0.351352 0.991305 0.351352 0.991305 0.353576 0.991305 0.339359 0.785345 0.339359 0.785345 0.336899 0.785345 0.336899 0.991305 0.336899 0.991305 0.339359 0.991305 0.349589 0.785345 0.349589 0.785345 0.34782 0.785345 0.34782 0.991305 0.34782 0.991305 0.349589 0.991305 0.355669 0.785345 0.355669 0.785345 0.353576 0.785345 0.353576 0.991305 0.353576 0.991305 0.355669 0.991305 0.360123 0.785345 0.360123 0.785345 0.358459 0.785345 0.358459 0.991305 0.358459 0.991305 0.360123 0.991305 0.331078 0.785345 0.331078 0.785345 0.328818 0.785345 0.328818 0.991305 0.328818 0.991305 0.331078 0.991305 0.332743 0.785345 0.332743 0.785345 0.331078 0.785345 0.331078 0.991305 0.331078 0.991305 0.332743 0.11157 0.07990521 0.171459 0.07990521 0.171459 0.157725 0.171459 0.157725 0.11157 0.157725 0.11157 0.07990521 0.171459 0.02148705 0.233861 0.02148705 0.233861 0.07990521 0.233861 0.07990521 0.171459 0.07990521 0.171459 0.02148705 0.233861 0.296472 0.29828 0.296472 0.29828 0.303671 0.29828 0.303671 0.233861 0.303671 0.233861 0.296472 0.171459 0.07990521 0.233861 0.07990521 0.233861 0.157725 0.233861 0.157725 0.171459 0.157725 0.171459 0.07990521 0.11157 0.02148705 0.171459 0.02148705 0.171459 0.07990521 0.171459 0.07990521 0.11157 0.07990521 0.11157 0.02148705 0.171459 0.296472 0.233861 0.296472 0.233861 0.303671 0.233861 0.303671 0.171459 0.303671 0.171459 0.296472 4.73352e-4 0.07990521 0.05473297 0.07990521 0.05473297 0.157725 0.05473297 0.157725 4.73352e-4 0.157725 4.73352e-4 0.07990521 0.05473297 0.02148705 0.11157 0.02148705 0.11157 0.07990521 0.11157 0.07990521 0.05473297 0.07990521 0.05473297 0.02148705 0.11157 0.296472 0.171459 0.296472 0.171459 0.303671 0.171459 0.303671 0.11157 0.303671 0.11157 0.296472 0.943409 0.07990527 0.995023 0.07990527 0.995023 0.157725 0.995023 0.157725 0.943409 0.157725 0.943409 0.07990527 4.73352e-4 0.02148705 0.05473297 0.02148705 0.05473297 0.07990521 0.05473297 0.07990521 4.73352e-4 0.07990521 4.73352e-4 0.02148705 0.05473297 0.296472 0.11157 0.296472 0.11157 0.303671 0.11157 0.303671 0.05473297 0.303671 0.05473297 0.296472 0.887675 0.07990527 0.943409 0.07990527 0.943409 0.157725 0.943409 0.157725 0.887675 0.157725 0.887675 0.07990527 0.943409 0.02148717 0.995023 0.02148717 0.995023 0.07990527 0.995023 0.07990527 0.943409 0.07990527 0.943409 0.02148717 4.73352e-4 0.296472 0.05473297 0.296472 0.05473297 0.303671 0.05473297 0.303671 4.73352e-4 0.303671 4.73352e-4 0.296472 0.827866 0.07990527 0.887675 0.07990527 0.887675 0.157725 0.887675 0.157725 0.827866 0.157725 0.827866 0.07990527 0.887675 0.02148717 0.943409 0.02148717 0.943409 0.07990527 0.943409 0.07990527 0.887675 0.07990527 0.887675 0.02148717 0.943409 0.296473 0.995023 0.296473 0.995023 0.303671 0.995023 0.303671 0.943409 0.303671 0.943409 0.296473 0.765085 0.07990527 0.827866 0.07990527 0.827866 0.157725 0.827866 0.157725 0.765085 0.157725 0.765085 0.07990527 0.827866 0.02148717 0.887675 0.02148717 0.887675 0.07990527 0.887675 0.07990527 0.827866 0.07990527 0.827866 0.02148717 0.887675 0.296473 0.943409 0.296473 0.943409 0.303671 0.943409 0.303671 0.887675 0.303671 0.887675 0.296473 0.700172 0.07990527 0.765085 0.07990527 0.765085 0.157725 0.765085 0.157725 0.700172 0.157725 0.700172 0.07990527 0.765085 0.02148717 0.827866 0.02148717 0.827866 0.07990527 0.827866 0.07990527 0.765085 0.07990527 0.765085 0.02148717 0.827866 0.296473 0.887675 0.296473 0.887675 0.303671 0.887675 0.303671 0.827866 0.303671 0.827866 0.296473 0.633789 0.07990527 0.700172 0.07990527 0.700172 0.157725 0.700172 0.157725 0.633789 0.157725 0.633789 0.07990527 0.700172 0.02148717 0.765085 0.02148717 0.765085 0.07990527 0.765085 0.07990527 0.700172 0.07990527 0.700172 0.02148717 0.765085 0.296473 0.827866 0.296473 0.827866 0.303671 0.827866 0.303671 0.765085 0.303671 0.765085 0.296473 0.566502 0.07990527 0.633789 0.07990527 0.633789 0.157725 0.633789 0.157725 0.566502 0.157725 0.566502 0.07990527 0.633789 0.02148717 0.700172 0.02148717 0.700172 0.07990527 0.700172 0.07990527 0.633789 0.07990527 0.633789 0.02148717 0.700172 0.296473 0.765085 0.296473 0.765085 0.303671 0.765085 0.303671 0.700172 0.303671 0.700172 0.296473 0.498819 0.07990527 0.566502 0.07990527 0.566502 0.157725 0.566502 0.157725 0.498819 0.157725 0.498819 0.07990527 0.566502 0.02148717 0.633789 0.02148717 0.633789 0.07990527 0.633789 0.07990527 0.566502 0.07990527 0.566502 0.02148717 0.633789 0.296473 0.700172 0.296473 0.700172 0.303671 0.700172 0.303671 0.633789 0.303671 0.633789 0.296473 0.431235 0.07990527 0.498819 0.07990527 0.498819 0.157725 0.498819 0.157725 0.431235 0.157725 0.431235 0.07990527 0.498819 0.02148717 0.566502 0.02148717 0.566502 0.07990527 0.566502 0.07990527 0.498819 0.07990527 0.498819 0.02148717 0.566502 0.296472 0.633789 0.296473 0.633789 0.303671 0.633789 0.303671 0.566502 0.303671 0.566502 0.296472 0.364231 0.07990527 0.431235 0.07990527 0.431235 0.157725 0.431235 0.157725 0.364231 0.157725 0.364231 0.07990527 0.431235 0.02148717 0.498819 0.02148717 0.498819 0.07990527 0.498819 0.07990527 0.431235 0.07990527 0.431235 0.02148717 0.498819 0.296472 0.566502 0.296472 0.566502 0.303671 0.566502 0.303671 0.498819 0.303671 0.498819 0.296472 0.29828 0.07990521 0.364231 0.07990527 0.364231 0.157725 0.364231 0.157725 0.29828 0.157725 0.29828 0.07990521 0.364231 0.02148705 0.431235 0.02148717 0.431235 0.07990527 0.431235 0.07990527 0.364231 0.07990527 0.364231 0.02148705 0.431235 0.296472 0.498819 0.296472 0.498819 0.303671 0.498819 0.303671 0.431235 0.303671 0.431235 0.296472 0.29828 0.02148705 0.364231 0.02148705 0.364231 0.07990527 0.364231 0.07990527 0.29828 0.07990521 0.29828 0.02148705 0.364231 0.296472 0.431235 0.296472 0.431235 0.303671 0.431235 0.303671 0.364231 0.303671 0.364231 0.296472 0.05473297 0.07990521 0.11157 0.07990521 0.11157 0.157725 0.11157 0.157725 0.05473297 0.157725 0.05473297 0.07990521 0.233861 0.02148705 0.29828 0.02148705 0.29828 0.07990521 0.29828 0.07990521 0.233861 0.07990521 0.233861 0.02148705 0.29828 0.296472 0.364231 0.296472 0.364231 0.303671 0.364231 0.303671 0.29828 0.303671 0.29828 0.296472 0.233861 0.07990521 0.29828 0.07990521 0.29828 0.157725 0.29828 0.157725 0.233861 0.157725 0.233861 0.07990521 0.29828 0.157725 0.364231 0.157725 0.364231 0.227994 0.364231 0.227994 0.29828 0.227994 0.29828 0.157725 0.364231 0.157725 0.431235 0.157725 0.431235 0.227994 0.431235 0.227994 0.364231 0.227994 0.364231 0.157725 0.431235 0.157725 0.498819 0.157725 0.498819 0.227994 0.498819 0.227994 0.431235 0.227994 0.431235 0.157725 0.498819 0.157725 0.566502 0.157725 0.566502 0.227994 0.566502 0.227994 0.498819 0.227994 0.498819 0.157725 0.566502 0.157725 0.633789 0.157725 0.633789 0.227994 0.633789 0.227994 0.566502 0.227994 0.566502 0.157725 0.633789 0.157725 0.700172 0.157725 0.700172 0.227994 0.700172 0.227994 0.633789 0.227994 0.633789 0.157725 0.700172 0.157725 0.765085 0.157725 0.765085 0.227994 0.765085 0.227994 0.700172 0.227994 0.700172 0.157725 0.765085 0.157725 0.827866 0.157725 0.827866 0.227994 0.827866 0.227994 0.765085 0.227994 0.765085 0.157725 0.827866 0.157725 0.887675 0.157725 0.887675 0.227994 0.887675 0.227994 0.827866 0.227994 0.827866 0.157725 0.887675 0.157725 0.943409 0.157725 0.943409 0.227994 0.943409 0.227994 0.887675 0.227994 0.887675 0.157725 0.943409 0.157725 0.995023 0.157725 0.995023 0.227994 0.995023 0.227994 0.943409 0.227994 0.943409 0.157725 4.73352e-4 0.157725 0.05473297 0.157725 0.05473297 0.227994 0.05473297 0.227994 4.73352e-4 0.227994 4.73352e-4 0.157725 0.05473297 0.157725 0.11157 0.157725 0.11157 0.227994 0.11157 0.227994 0.05473297 0.227994 0.05473297 0.157725 0.11157 0.157725 0.171459 0.157725 0.171459 0.227994 0.171459 0.227994 0.11157 0.227994 0.11157 0.157725 0.171459 0.157725 0.233861 0.157725 0.233861 0.227994 0.233861 0.227994 0.171459 0.227994 0.171459 0.157725 0.233861 0.157725 0.29828 0.157725 0.29828 0.227994 0.29828 0.227994 0.233861 0.227994 0.233861 0.157725 0.29828 0.227994 0.364231 0.227994 0.364231 0.282984 0.364231 0.282984 0.29828 0.282984 0.29828 0.227994 0.364231 0.227994 0.431235 0.227994 0.431235 0.282984 0.431235 0.282984 0.364231 0.282984 0.364231 0.227994 0.431235 0.227994 0.498819 0.227994 0.498819 0.282984 0.498819 0.282984 0.431235 0.282984 0.431235 0.227994 0.498819 0.227994 0.566502 0.227994 0.566502 0.282984 0.566502 0.282984 0.498819 0.282984 0.498819 0.227994 0.566502 0.227994 0.633789 0.227994 0.633789 0.282984 0.633789 0.282984 0.566502 0.282984 0.566502 0.227994 0.633789 0.227994 0.700172 0.227994 0.700172 0.282984 0.700172 0.282984 0.633789 0.282984 0.633789 0.227994 0.700172 0.227994 0.765085 0.227994 0.765085 0.282984 0.765085 0.282984 0.700172 0.282984 0.700172 0.227994 0.765085 0.227994 0.827866 0.227994 0.827866 0.282984 0.827866 0.282984 0.765085 0.282984 0.765085 0.227994 0.827866 0.227994 0.887675 0.227994 0.887675 0.282984 0.887675 0.282984 0.827866 0.282984 0.827866 0.227994 0.887675 0.227994 0.943409 0.227994 0.943409 0.282984 0.943409 0.282984 0.887675 0.282984 0.887675 0.227994 0.943409 0.227994 0.995023 0.227994 0.995023 0.282984 0.995023 0.282984 0.943409 0.282984 0.943409 0.227994 4.73352e-4 0.227994 0.05473297 0.227994 0.05473297 0.282984 0.05473297 0.282984 4.73352e-4 0.282984 4.73352e-4 0.227994 0.05473297 0.227994 0.11157 0.227994 0.11157 0.282984 0.11157 0.282984 0.05473297 0.282984 0.05473297 0.227994 0.11157 0.227994 0.171459 0.227994 0.171459 0.282984 0.171459 0.282984 0.11157 0.282984 0.11157 0.227994 0.171459 0.227994 0.233861 0.227994 0.233861 0.282984 0.233861 0.282984 0.171459 0.282984 0.171459 0.227994 0.233861 0.227994 0.29828 0.227994 0.29828 0.282984 0.29828 0.282984 0.233861 0.282984 0.233861 0.227994 0.29828 0.282984 0.364231 0.282984 0.364231 0.296472 0.364231 0.296472 0.29828 0.296472 0.29828 0.282984 0.364231 0.282984 0.431235 0.282984 0.431235 0.296472 0.431235 0.296472 0.364231 0.296472 0.364231 0.282984 0.431235 0.282984 0.498819 0.282984 0.498819 0.296472 0.498819 0.296472 0.431235 0.296472 0.431235 0.282984 0.498819 0.282984 0.566502 0.282984 0.566502 0.296472 0.566502 0.296472 0.498819 0.296472 0.498819 0.282984 0.566502 0.282984 0.633789 0.282984 0.633789 0.296473 0.633789 0.296473 0.566502 0.296472 0.566502 0.282984 0.633789 0.282984 0.700172 0.282984 0.700172 0.296473 0.700172 0.296473 0.633789 0.296473 0.633789 0.282984 0.700172 0.282984 0.765085 0.282984 0.765085 0.296473 0.765085 0.296473 0.700172 0.296473 0.700172 0.282984 0.765085 0.282984 0.827866 0.282984 0.827866 0.296473 0.827866 0.296473 0.765085 0.296473 0.765085 0.282984 0.827866 0.282984 0.887675 0.282984 0.887675 0.296473 0.887675 0.296473 0.827866 0.296473 0.827866 0.282984 0.887675 0.282984 0.943409 0.282984 0.943409 0.296473 0.943409 0.296473 0.887675 0.296473 0.887675 0.282984 0.943409 0.282984 0.995023 0.282984 0.995023 0.296473 0.995023 0.296473 0.943409 0.296473 0.943409 0.282984 4.73352e-4 0.282984 0.05473297 0.282984 0.05473297 0.296472 0.05473297 0.296472 4.73352e-4 0.296472 4.73352e-4 0.282984 0.05473297 0.282984 0.11157 0.282984 0.11157 0.296472 0.11157 0.296472 0.05473297 0.296472 0.05473297 0.282984 0.11157 0.282984 0.171459 0.282984 0.171459 0.296472 0.171459 0.296472 0.11157 0.296472 0.11157 0.282984 0.171459 0.282984 0.233861 0.282984 0.233861 0.296472 0.233861 0.296472 0.171459 0.296472 0.171459 0.282984 0.233861 0.282984 0.29828 0.282984 0.29828 0.296472 0.29828 0.296472 0.233861 0.296472 0.233861 0.282984 0.233861 4.78866e-4 0.29828 4.78866e-4 0.29828 0.01078009 0.29828 0.01078009 0.233861 0.01078009 0.233861 4.78866e-4 0.29828 4.78866e-4 0.364231 4.78866e-4 0.364231 0.01078009 0.364231 0.01078009 0.29828 0.01078009 0.29828 4.78866e-4 0.364231 4.78866e-4 0.431235 4.78985e-4 0.431235 0.01078015 0.431235 0.01078015 0.364231 0.01078009 0.364231 4.78866e-4 0.431235 4.78985e-4 0.498819 4.78985e-4 0.498819 0.01078015 0.498819 0.01078015 0.431235 0.01078015 0.431235 4.78985e-4 0.498819 4.78985e-4 0.566502 4.78985e-4 0.566502 0.01078015 0.566502 0.01078015 0.498819 0.01078015 0.498819 4.78985e-4 0.566502 4.78985e-4 0.633789 4.78985e-4 0.633789 0.01078015 0.633789 0.01078015 0.566502 0.01078015 0.566502 4.78985e-4 0.633789 4.78985e-4 0.700172 4.78985e-4 0.700172 0.01078015 0.700172 0.01078015 0.633789 0.01078015 0.633789 4.78985e-4 0.700172 4.78985e-4 0.765085 4.78985e-4 0.765085 0.01078015 0.765085 0.01078015 0.700172 0.01078015 0.700172 4.78985e-4 0.765085 4.78985e-4 0.827866 4.78985e-4 0.827866 0.01078015 0.827866 0.01078015 0.765085 0.01078015 0.765085 4.78985e-4 0.827866 4.78985e-4 0.887675 4.78985e-4 0.887675 0.01078015 0.887675 0.01078015 0.827866 0.01078015 0.827866 4.78985e-4 0.887675 4.78985e-4 0.943409 4.78985e-4 0.943409 0.01078015 0.943409 0.01078015 0.887675 0.01078015 0.887675 4.78985e-4 0.943409 4.78985e-4 0.995023 4.78985e-4 0.995023 0.01078015 0.995023 0.01078015 0.943409 0.01078015 0.943409 4.78985e-4 4.73352e-4 4.78866e-4 0.05473297 4.78866e-4 0.05473297 0.01077997 0.05473297 0.01077997 4.73352e-4 0.01077997 4.73352e-4 4.78866e-4 0.05473297 4.78866e-4 0.11157 4.78866e-4 0.11157 0.01077997 0.11157 0.01077997 0.05473297 0.01077997 0.05473297 4.78866e-4 0.11157 4.78866e-4 0.171459 4.78866e-4 0.171459 0.01078009 0.171459 0.01078009 0.11157 0.01077997 0.11157 4.78866e-4 0.171459 4.78866e-4 0.233861 4.78866e-4 0.233861 0.01078009 0.233861 0.01078009 0.171459 0.01078009 0.171459 4.78866e-4 0.233861 0.01078009 0.29828 0.01078009 0.29828 0.02148705 0.29828 0.02148705 0.233861 0.02148705 0.233861 0.01078009 0.29828 0.01078009 0.364231 0.01078009 0.364231 0.02148705 0.364231 0.02148705 0.29828 0.02148705 0.29828 0.01078009 0.364231 0.01078009 0.431235 0.01078015 0.431235 0.02148717 0.431235 0.02148717 0.364231 0.02148705 0.364231 0.01078009 0.431235 0.01078015 0.498819 0.01078015 0.498819 0.02148717 0.498819 0.02148717 0.431235 0.02148717 0.431235 0.01078015 0.498819 0.01078015 0.566502 0.01078015 0.566502 0.02148717 0.566502 0.02148717 0.498819 0.02148717 0.498819 0.01078015 0.566502 0.01078015 0.633789 0.01078015 0.633789 0.02148717 0.633789 0.02148717 0.566502 0.02148717 0.566502 0.01078015 0.633789 0.01078015 0.700172 0.01078015 0.700172 0.02148717 0.700172 0.02148717 0.633789 0.02148717 0.633789 0.01078015 0.700172 0.01078015 0.765085 0.01078015 0.765085 0.02148717 0.765085 0.02148717 0.700172 0.02148717 0.700172 0.01078015 0.765085 0.01078015 0.827866 0.01078015 0.827866 0.02148717 0.827866 0.02148717 0.765085 0.02148717 0.765085 0.01078015 0.827866 0.01078015 0.887675 0.01078015 0.887675 0.02148717 0.887675 0.02148717 0.827866 0.02148717 0.827866 0.01078015 0.887675 0.01078015 0.943409 0.01078015 0.943409 0.02148717 0.943409 0.02148717 0.887675 0.02148717 0.887675 0.01078015 0.943409 0.01078015 0.995023 0.01078015 0.995023 0.02148717 0.995023 0.02148717 0.943409 0.02148717 0.943409 0.01078015 4.73352e-4 0.01077997 0.05473297 0.01077997 0.05473297 0.02148705 0.05473297 0.02148705 4.73352e-4 0.02148705 4.73352e-4 0.01077997 0.05473297 0.01077997 0.11157 0.01077997 0.11157 0.02148705 0.11157 0.02148705 0.05473297 0.02148705 0.05473297 0.01077997 0.11157 0.01077997 0.171459 0.01078009 0.171459 0.02148705 0.171459 0.02148705 0.11157 0.02148705 0.11157 0.01077997 0.171459 0.01078009 0.233861 0.01078009 0.233861 0.02148705 0.233861 0.02148705 0.171459 0.02148705 0.171459 0.01078009 0.11157 0.07990521 0.171459 0.157725 0.171459 0.07990521 0.171459 0.157725 0.11157 0.07990521 0.11157 0.157725 0.171459 0.02148705 0.233861 0.07990521 0.233861 0.02148705 0.233861 0.07990521 0.171459 0.02148705 0.171459 0.07990521 0.171459 0.07990521 0.233861 0.157725 0.233861 0.07990521 0.233861 0.157725 0.171459 0.07990521 0.171459 0.157725 0.11157 0.02148705 0.171459 0.07990521 0.171459 0.02148705 0.171459 0.07990521 0.11157 0.02148705 0.11157 0.07990521 4.73352e-4 0.07990521 0.05473297 0.157725 0.05473297 0.07990521 0.05473297 0.157725 4.73352e-4 0.07990521 4.73352e-4 0.157725 0.05473297 0.02148705 0.11157 0.07990521 0.11157 0.02148705 0.11157 0.07990521 0.05473297 0.02148705 0.05473297 0.07990521 0.943409 0.07990527 0.995023 0.157725 0.995023 0.07990527 0.995023 0.157725 0.943409 0.07990527 0.943409 0.157725 4.73352e-4 0.02148705 0.05473297 0.07990521 0.05473297 0.02148705 0.05473297 0.07990521 4.73352e-4 0.02148705 4.73352e-4 0.07990521 0.887675 0.07990527 0.943409 0.157725 0.943409 0.07990527 0.943409 0.157725 0.887675 0.07990527 0.887675 0.157725 0.943409 0.02148717 0.995023 0.07990527 0.995023 0.02148717 0.995023 0.07990527 0.943409 0.02148717 0.943409 0.07990527 0.827866 0.07990527 0.887675 0.157725 0.887675 0.07990527 0.887675 0.157725 0.827866 0.07990527 0.827866 0.157725 0.887675 0.02148717 0.943409 0.07990527 0.943409 0.02148717 0.943409 0.07990527 0.887675 0.02148717 0.887675 0.07990527 0.765085 0.07990527 0.827866 0.157725 0.827866 0.07990527 0.827866 0.157725 0.765085 0.07990527 0.765085 0.157725 0.827866 0.02148717 0.887675 0.07990527 0.887675 0.02148717 0.887675 0.07990527 0.827866 0.02148717 0.827866 0.07990527 0.700172 0.07990527 0.765085 0.157725 0.765085 0.07990527 0.765085 0.157725 0.700172 0.07990527 0.700172 0.157725 0.765085 0.02148717 0.827866 0.07990527 0.827866 0.02148717 0.827866 0.07990527 0.765085 0.02148717 0.765085 0.07990527 0.633789 0.07990527 0.700172 0.157725 0.700172 0.07990527 0.700172 0.157725 0.633789 0.07990527 0.633789 0.157725 0.700172 0.02148717 0.765085 0.07990527 0.765085 0.02148717 0.765085 0.07990527 0.700172 0.02148717 0.700172 0.07990527 0.566502 0.07990527 0.633789 0.157725 0.633789 0.07990527 0.633789 0.157725 0.566502 0.07990527 0.566502 0.157725 0.633789 0.02148717 0.700172 0.07990527 0.700172 0.02148717 0.700172 0.07990527 0.633789 0.02148717 0.633789 0.07990527 0.498819 0.07990527 0.566502 0.157725 0.566502 0.07990527 0.566502 0.157725 0.498819 0.07990527 0.498819 0.157725 0.566502 0.02148717 0.633789 0.07990527 0.633789 0.02148717 0.633789 0.07990527 0.566502 0.02148717 0.566502 0.07990527 0.431235 0.07990527 0.498819 0.157725 0.498819 0.07990527 0.498819 0.157725 0.431235 0.07990527 0.431235 0.157725 0.498819 0.02148717 0.566502 0.07990527 0.566502 0.02148717 0.566502 0.07990527 0.498819 0.02148717 0.498819 0.07990527 0.364231 0.07990527 0.431235 0.157725 0.431235 0.07990527 0.431235 0.157725 0.364231 0.07990527 0.364231 0.157725 0.431235 0.02148717 0.498819 0.07990527 0.498819 0.02148717 0.498819 0.07990527 0.431235 0.02148717 0.431235 0.07990527 0.29828 0.07990521 0.364231 0.157725 0.364231 0.07990527 0.364231 0.157725 0.29828 0.07990521 0.29828 0.157725 0.364231 0.02148705 0.431235 0.07990527 0.431235 0.02148717 0.431235 0.07990527 0.364231 0.02148705 0.364231 0.07990527 0.29828 0.02148705 0.364231 0.07990527 0.364231 0.02148705 0.364231 0.07990527 0.29828 0.02148705 0.29828 0.07990521 0.05473297 0.07990521 0.11157 0.157725 0.11157 0.07990521 0.11157 0.157725 0.05473297 0.07990521 0.05473297 0.157725 0.233861 0.02148705 0.29828 0.07990521 0.29828 0.02148705 0.29828 0.07990521 0.233861 0.02148705 0.233861 0.07990521 0.233861 0.07990521 0.29828 0.157725 0.29828 0.07990521 0.29828 0.157725 0.233861 0.07990521 0.233861 0.157725 0.29828 0.157725 0.364231 0.227994 0.364231 0.157725 0.364231 0.227994 0.29828 0.157725 0.29828 0.227994 0.364231 0.157725 0.431235 0.227994 0.431235 0.157725 0.431235 0.227994 0.364231 0.157725 0.364231 0.227994 0.431235 0.157725 0.498819 0.227994 0.498819 0.157725 0.498819 0.227994 0.431235 0.157725 0.431235 0.227994 0.498819 0.157725 0.566502 0.227994 0.566502 0.157725 0.566502 0.227994 0.498819 0.157725 0.498819 0.227994 0.566502 0.157725 0.633789 0.227994 0.633789 0.157725 0.633789 0.227994 0.566502 0.157725 0.566502 0.227994 0.633789 0.157725 0.700172 0.227994 0.700172 0.157725 0.700172 0.227994 0.633789 0.157725 0.633789 0.227994 0.700172 0.157725 0.765085 0.227994 0.765085 0.157725 0.765085 0.227994 0.700172 0.157725 0.700172 0.227994 0.765085 0.157725 0.827866 0.227994 0.827866 0.157725 0.827866 0.227994 0.765085 0.157725 0.765085 0.227994 0.827866 0.157725 0.887675 0.227994 0.887675 0.157725 0.887675 0.227994 0.827866 0.157725 0.827866 0.227994 0.887675 0.157725 0.943409 0.227994 0.943409 0.157725 0.943409 0.227994 0.887675 0.157725 0.887675 0.227994 0.943409 0.157725 0.995023 0.227994 0.995023 0.157725 0.995023 0.227994 0.943409 0.157725 0.943409 0.227994 4.73352e-4 0.157725 0.05473297 0.227994 0.05473297 0.157725 0.05473297 0.227994 4.73352e-4 0.157725 4.73352e-4 0.227994 0.05473297 0.157725 0.11157 0.227994 0.11157 0.157725 0.11157 0.227994 0.05473297 0.157725 0.05473297 0.227994 0.11157 0.157725 0.171459 0.227994 0.171459 0.157725 0.171459 0.227994 0.11157 0.157725 0.11157 0.227994 0.171459 0.157725 0.233861 0.227994 0.233861 0.157725 0.233861 0.227994 0.171459 0.157725 0.171459 0.227994 0.233861 0.157725 0.29828 0.227994 0.29828 0.157725 0.29828 0.227994 0.233861 0.157725 0.233861 0.227994 0.29828 0.227994 0.364231 0.282984 0.364231 0.227994 0.364231 0.282984 0.29828 0.227994 0.29828 0.282984 0.364231 0.227994 0.431235 0.282984 0.431235 0.227994 0.431235 0.282984 0.364231 0.227994 0.364231 0.282984 0.431235 0.227994 0.498819 0.282984 0.498819 0.227994 0.498819 0.282984 0.431235 0.227994 0.431235 0.282984 0.498819 0.227994 0.566502 0.282984 0.566502 0.227994 0.566502 0.282984 0.498819 0.227994 0.498819 0.282984 0.566502 0.227994 0.633789 0.282984 0.633789 0.227994 0.633789 0.282984 0.566502 0.227994 0.566502 0.282984 0.633789 0.227994 0.700172 0.282984 0.700172 0.227994 0.700172 0.282984 0.633789 0.227994 0.633789 0.282984 0.700172 0.227994 0.765085 0.282984 0.765085 0.227994 0.765085 0.282984 0.700172 0.227994 0.700172 0.282984 0.765085 0.227994 0.827866 0.282984 0.827866 0.227994 0.827866 0.282984 0.765085 0.227994 0.765085 0.282984 0.827866 0.227994 0.887675 0.282984 0.887675 0.227994 0.887675 0.282984 0.827866 0.227994 0.827866 0.282984 0.887675 0.227994 0.943409 0.282984 0.943409 0.227994 0.943409 0.282984 0.887675 0.227994 0.887675 0.282984 0.943409 0.227994 0.995023 0.282984 0.995023 0.227994 0.995023 0.282984 0.943409 0.227994 0.943409 0.282984 4.73352e-4 0.227994 0.05473297 0.282984 0.05473297 0.227994 0.05473297 0.282984 4.73352e-4 0.227994 4.73352e-4 0.282984 0.05473297 0.227994 0.11157 0.282984 0.11157 0.227994 0.11157 0.282984 0.05473297 0.227994 0.05473297 0.282984 0.11157 0.227994 0.171459 0.282984 0.171459 0.227994 0.171459 0.282984 0.11157 0.227994 0.11157 0.282984 0.171459 0.227994 0.233861 0.282984 0.233861 0.227994 0.233861 0.282984 0.171459 0.227994 0.171459 0.282984 0.233861 0.227994 0.29828 0.282984 0.29828 0.227994 0.29828 0.282984 0.233861 0.227994 0.233861 0.282984 0.29828 0.282984 0.364231 0.296472 0.364231 0.282984 0.364231 0.296472 0.29828 0.282984 0.29828 0.296472 0.364231 0.282984 0.431235 0.296472 0.431235 0.282984 0.431235 0.296472 0.364231 0.282984 0.364231 0.296472 0.431235 0.282984 0.498819 0.296472 0.498819 0.282984 0.498819 0.296472 0.431235 0.282984 0.431235 0.296472 0.498819 0.282984 0.566502 0.296472 0.566502 0.282984 0.566502 0.296472 0.498819 0.282984 0.498819 0.296472 0.566502 0.282984 0.633789 0.296473 0.633789 0.282984 0.633789 0.296473 0.566502 0.282984 0.566502 0.296472 0.633789 0.282984 0.700172 0.296473 0.700172 0.282984 0.700172 0.296473 0.633789 0.282984 0.633789 0.296473 0.700172 0.282984 0.765085 0.296473 0.765085 0.282984 0.765085 0.296473 0.700172 0.282984 0.700172 0.296473 0.765085 0.282984 0.827866 0.296473 0.827866 0.282984 0.827866 0.296473 0.765085 0.282984 0.765085 0.296473 0.827866 0.282984 0.887675 0.296473 0.887675 0.282984 0.887675 0.296473 0.827866 0.282984 0.827866 0.296473 0.887675 0.282984 0.943409 0.296473 0.943409 0.282984 0.943409 0.296473 0.887675 0.282984 0.887675 0.296473 0.943409 0.282984 0.995023 0.296473 0.995023 0.282984 0.995023 0.296473 0.943409 0.282984 0.943409 0.296473 4.73352e-4 0.282984 0.05473297 0.296472 0.05473297 0.282984 0.05473297 0.296472 4.73352e-4 0.282984 4.73352e-4 0.296472 0.05473297 0.282984 0.11157 0.296472 0.11157 0.282984 0.11157 0.296472 0.05473297 0.282984 0.05473297 0.296472 0.11157 0.282984 0.171459 0.296472 0.171459 0.282984 0.171459 0.296472 0.11157 0.282984 0.11157 0.296472 0.171459 0.282984 0.233861 0.296472 0.233861 0.282984 0.233861 0.296472 0.171459 0.282984 0.171459 0.296472 0.233861 0.282984 0.29828 0.296472 0.29828 0.282984 0.29828 0.296472 0.233861 0.282984 0.233861 0.296472 0.233861 4.78866e-4 0.29828 0.01078009 0.29828 4.78866e-4 0.29828 0.01078009 0.233861 4.78866e-4 0.233861 0.01078009 0.29828 4.78866e-4 0.364231 0.01078009 0.364231 4.78866e-4 0.364231 0.01078009 0.29828 4.78866e-4 0.29828 0.01078009 0.364231 4.78866e-4 0.431235 0.01078015 0.431235 4.78985e-4 0.431235 0.01078015 0.364231 4.78866e-4 0.364231 0.01078009 0.431235 4.78985e-4 0.498819 0.01078015 0.498819 4.78985e-4 0.498819 0.01078015 0.431235 4.78985e-4 0.431235 0.01078015 0.498819 4.78985e-4 0.566502 0.01078015 0.566502 4.78985e-4 0.566502 0.01078015 0.498819 4.78985e-4 0.498819 0.01078015 0.566502 4.78985e-4 0.633789 0.01078015 0.633789 4.78985e-4 0.633789 0.01078015 0.566502 4.78985e-4 0.566502 0.01078015 0.633789 4.78985e-4 0.700172 0.01078015 0.700172 4.78985e-4 0.700172 0.01078015 0.633789 4.78985e-4 0.633789 0.01078015 0.700172 4.78985e-4 0.765085 0.01078015 0.765085 4.78985e-4 0.765085 0.01078015 0.700172 4.78985e-4 0.700172 0.01078015 0.765085 4.78985e-4 0.827866 0.01078015 0.827866 4.78985e-4 0.827866 0.01078015 0.765085 4.78985e-4 0.765085 0.01078015 0.827866 4.78985e-4 0.887675 0.01078015 0.887675 4.78985e-4 0.887675 0.01078015 0.827866 4.78985e-4 0.827866 0.01078015 0.887675 4.78985e-4 0.943409 0.01078015 0.943409 4.78985e-4 0.943409 0.01078015 0.887675 4.78985e-4 0.887675 0.01078015 0.943409 4.78985e-4 0.995023 0.01078015 0.995023 4.78985e-4 0.995023 0.01078015 0.943409 4.78985e-4 0.943409 0.01078015 4.73352e-4 4.78866e-4 0.05473297 0.01077997 0.05473297 4.78866e-4 0.05473297 0.01077997 4.73352e-4 4.78866e-4 4.73352e-4 0.01077997 0.05473297 4.78866e-4 0.11157 0.01077997 0.11157 4.78866e-4 0.11157 0.01077997 0.05473297 4.78866e-4 0.05473297 0.01077997 0.11157 4.78866e-4 0.171459 0.01078009 0.171459 4.78866e-4 0.171459 0.01078009 0.11157 4.78866e-4 0.11157 0.01077997 0.171459 4.78866e-4 0.233861 0.01078009 0.233861 4.78866e-4 0.233861 0.01078009 0.171459 4.78866e-4 0.171459 0.01078009 0.233861 0.01078009 0.29828 0.02148705 0.29828 0.01078009 0.29828 0.02148705 0.233861 0.01078009 0.233861 0.02148705 0.29828 0.01078009 0.364231 0.02148705 0.364231 0.01078009 0.364231 0.02148705 0.29828 0.01078009 0.29828 0.02148705 0.364231 0.01078009 0.431235 0.02148717 0.431235 0.01078015 0.431235 0.02148717 0.364231 0.01078009 0.364231 0.02148705 0.431235 0.01078015 0.498819 0.02148717 0.498819 0.01078015 0.498819 0.02148717 0.431235 0.01078015 0.431235 0.02148717 0.498819 0.01078015 0.566502 0.02148717 0.566502 0.01078015 0.566502 0.02148717 0.498819 0.01078015 0.498819 0.02148717 0.566502 0.01078015 0.633789 0.02148717 0.633789 0.01078015 0.633789 0.02148717 0.566502 0.01078015 0.566502 0.02148717 0.633789 0.01078015 0.700172 0.02148717 0.700172 0.01078015 0.700172 0.02148717 0.633789 0.01078015 0.633789 0.02148717 0.700172 0.01078015 0.765085 0.02148717 0.765085 0.01078015 0.765085 0.02148717 0.700172 0.01078015 0.700172 0.02148717 0.765085 0.01078015 0.827866 0.02148717 0.827866 0.01078015 0.827866 0.02148717 0.765085 0.01078015 0.765085 0.02148717 0.827866 0.01078015 0.887675 0.02148717 0.887675 0.01078015 0.887675 0.02148717 0.827866 0.01078015 0.827866 0.02148717 0.887675 0.01078015 0.943409 0.02148717 0.943409 0.01078015 0.943409 0.02148717 0.887675 0.01078015 0.887675 0.02148717 0.943409 0.01078015 0.995023 0.02148717 0.995023 0.01078015 0.995023 0.02148717 0.943409 0.01078015 0.943409 0.02148717 4.73352e-4 0.01077997 0.05473297 0.02148705 0.05473297 0.01077997 0.05473297 0.02148705 4.73352e-4 0.01077997 4.73352e-4 0.02148705 0.05473297 0.01077997 0.11157 0.02148705 0.11157 0.01077997 0.11157 0.02148705 0.05473297 0.01077997 0.05473297 0.02148705 0.11157 0.01077997 0.171459 0.02148705 0.171459 0.01078009 0.171459 0.02148705 0.11157 0.01077997 0.11157 0.02148705 0.171459 0.01078009 0.233861 0.02148705 0.233861 0.01078009 0.233861 0.02148705 0.171459 0.01078009 0.171459 0.02148705 0.887675 4.78985e-4 0.943409 4.78985e-4 0.887675 4.78985e-4 0.995023 0.07990527 0.995023 0.157725 0.995023 0.07990527 0.995023 4.78985e-4 0.995023 0.01078015 0.995023 4.78985e-4 4.73352e-4 0.282984 4.73352e-4 0.227994 4.73352e-4 0.227994 0.995023 0.282984 0.995023 0.296473 0.995023 0.296473 0.943409 0.296473 0.887675 0.296473 0.887675 0.296473 4.73352e-4 4.78866e-4 0.05473297 4.78866e-4 4.73352e-4 4.78866e-4 0.700172 4.78985e-4 0.765085 4.78985e-4 0.765085 4.78985e-4 4.73352e-4 0.01077997 4.73352e-4 4.78866e-4 4.73352e-4 4.78866e-4 0.700172 0.296473 0.633789 0.296473 0.700172 0.296473 0.995023 0.296473 0.943409 0.296473 0.943409 0.296473 4.73352e-4 0.227994 4.73352e-4 0.157725 4.73352e-4 0.157725 0.995023 0.02148717 0.995023 0.07990527 0.995023 0.02148717 0.29828 0.296472 0.233861 0.296472 0.29828 0.296472 4.73352e-4 0.07990521 4.73352e-4 0.02148705 4.73352e-4 0.02148705 0.566502 0.296472 0.498819 0.296472 0.498819 0.296472 0.233861 4.78866e-4 0.29828 4.78866e-4 0.29828 4.78866e-4 0.05473297 4.78866e-4 0.11157 4.78866e-4 0.11157 4.78866e-4 0.943409 4.78985e-4 0.995023 4.78985e-4 0.943409 4.78985e-4 0.827866 0.296473 0.765085 0.296473 0.765085 0.296473 0.995023 0.01078015 0.995023 0.02148717 0.995023 0.01078015 0.364231 0.296472 0.29828 0.296472 0.364231 0.296472 0.171459 4.78866e-4 0.233861 4.78866e-4 0.233861 4.78866e-4 0.765085 0.296473 0.700172 0.296473 0.700172 0.296473 0.29828 4.78866e-4 0.364231 4.78866e-4 0.364231 4.78866e-4 4.73352e-4 0.157725 4.73352e-4 0.07990521 4.73352e-4 0.07990521 0.431235 0.296472 0.364231 0.296472 0.364231 0.296472 0.11157 4.78866e-4 0.171459 4.78866e-4 0.171459 4.78866e-4 0.233861 0.296472 0.171459 0.296472 0.233861 0.296472 0.364231 4.78866e-4 0.431235 4.78985e-4 0.364231 4.78866e-4 0.633789 0.296473 0.566502 0.296472 0.566502 0.296472 0.171459 0.296472 0.11157 0.296472 0.171459 0.296472 0.887675 0.296473 0.827866 0.296473 0.827866 0.296473 0.995023 0.227994 0.995023 0.282984 0.995023 0.227994 0.995023 0.157725 0.995023 0.227994 0.995023 0.157725 0.498819 4.78985e-4 0.566502 4.78985e-4 0.498819 4.78985e-4 0.566502 4.78985e-4 0.633789 4.78985e-4 0.566502 4.78985e-4 0.633789 4.78985e-4 0.700172 4.78985e-4 0.700172 4.78985e-4 0.05473297 0.296472 4.73352e-4 0.296472 4.73352e-4 0.296472 4.73352e-4 0.02148705 4.73352e-4 0.01077997 4.73352e-4 0.01077997 0.431235 4.78985e-4 0.498819 4.78985e-4 0.431235 4.78985e-4 4.73352e-4 0.296472 4.73352e-4 0.282984 4.73352e-4 0.296472 0.498819 0.296472 0.431235 0.296472 0.431235 0.296472 0.11157 0.296472 0.05473297 0.296472 0.11157 0.296472 0.765085 4.78985e-4 0.827866 4.78985e-4 0.765085 4.78985e-4 0.827866 4.78985e-4 0.887675 4.78985e-4 0.827866 4.78985e-4 0.887675 4.78985e-4 0.943409 4.78985e-4 0.943409 4.78985e-4 0.995023 0.07990527 0.995023 0.157725 0.995023 0.157725 0.995023 4.78985e-4 0.995023 0.01078015 0.995023 0.01078015 4.73352e-4 0.282984 4.73352e-4 0.282984 4.73352e-4 0.227994 0.995023 0.282984 0.995023 0.282984 0.995023 0.296473 0.943409 0.296473 0.943409 0.296473 0.887675 0.296473 4.73352e-4 4.78866e-4 0.05473297 4.78866e-4 0.05473297 4.78866e-4 0.700172 4.78985e-4 0.700172 4.78985e-4 0.765085 4.78985e-4 4.73352e-4 0.01077997 4.73352e-4 0.01077997 4.73352e-4 4.78866e-4 0.700172 0.296473 0.633789 0.296473 0.633789 0.296473 0.995023 0.296473 0.995023 0.296473 0.943409 0.296473 4.73352e-4 0.227994 4.73352e-4 0.227994 4.73352e-4 0.157725 0.995023 0.02148717 0.995023 0.07990527 0.995023 0.07990527 0.29828 0.296472 0.233861 0.296472 0.233861 0.296472 4.73352e-4 0.07990521 4.73352e-4 0.07990521 4.73352e-4 0.02148705 0.566502 0.296472 0.566502 0.296472 0.498819 0.296472 0.233861 4.78866e-4 0.233861 4.78866e-4 0.29828 4.78866e-4 0.05473297 4.78866e-4 0.05473297 4.78866e-4 0.11157 4.78866e-4 0.943409 4.78985e-4 0.995023 4.78985e-4 0.995023 4.78985e-4 0.827866 0.296473 0.827866 0.296473 0.765085 0.296473 0.995023 0.01078015 0.995023 0.02148717 0.995023 0.02148717 0.364231 0.296472 0.29828 0.296472 0.29828 0.296472 0.171459 4.78866e-4 0.171459 4.78866e-4 0.233861 4.78866e-4 0.765085 0.296473 0.765085 0.296473 0.700172 0.296473 0.29828 4.78866e-4 0.29828 4.78866e-4 0.364231 4.78866e-4 4.73352e-4 0.157725 4.73352e-4 0.157725 4.73352e-4 0.07990521 0.431235 0.296472 0.431235 0.296472 0.364231 0.296472 0.11157 4.78866e-4 0.11157 4.78866e-4 0.171459 4.78866e-4 0.233861 0.296472 0.171459 0.296472 0.171459 0.296472 0.364231 4.78866e-4 0.431235 4.78985e-4 0.431235 4.78985e-4 0.633789 0.296473 0.633789 0.296473 0.566502 0.296472 0.171459 0.296472 0.11157 0.296472 0.11157 0.296472 0.887675 0.296473 0.887675 0.296473 0.827866 0.296473 0.995023 0.227994 0.995023 0.282984 0.995023 0.282984 0.995023 0.157725 0.995023 0.227994 0.995023 0.227994 0.498819 4.78985e-4 0.566502 4.78985e-4 0.566502 4.78985e-4 0.566502 4.78985e-4 0.633789 4.78985e-4 0.633789 4.78985e-4 0.633789 4.78985e-4 0.633789 4.78985e-4 0.700172 4.78985e-4 0.05473297 0.296472 0.05473297 0.296472 4.73352e-4 0.296472 4.73352e-4 0.02148705 4.73352e-4 0.02148705 4.73352e-4 0.01077997 0.431235 4.78985e-4 0.498819 4.78985e-4 0.498819 4.78985e-4 4.73352e-4 0.296472 4.73352e-4 0.282984 4.73352e-4 0.282984 0.498819 0.296472 0.498819 0.296472 0.431235 0.296472 0.11157 0.296472 0.05473297 0.296472 0.05473297 0.296472 0.765085 4.78985e-4 0.827866 4.78985e-4 0.827866 4.78985e-4 0.827866 4.78985e-4 0.887675 4.78985e-4 0.887675 4.78985e-4</float_array>
          <technique_common>
            <accessor source="#meshId0_name-mesh-map-0-array" count="12144" stride="2">
              <param name="S" type="float"/>
              <param name="T" type="float"/>
            </accessor>
          </technique_common>
        </source>
        <vertices id="meshId0_name-mesh-vertices">
          <input semantic="POSITION" source="#meshId0_name-mesh-positions"/>
        </vertices>
        <triangles material="DefaultMaterial-material" count="4048">
          <input semantic="VERTEX" source="#meshId0_name-mesh-vertices" offset="0"/>
          <input semantic="NORMAL" source="#meshId0_name-mesh-normals" offset="1"/>
          <input semantic="TEXCOORD" source="#meshId0_name-mesh-map-0" offset="2" set="0"/>
          <p>3 0 0 0 1 1 1 2 2 1 2 3 2 3 4 3 0 5 4 4 6 6 5 7 5 6 8 10 7 9 8 8 10 7 9 11 8 8 12 10 7 13 9 10 14 9 10 15 10 7 16 11 11 17 11 11 18 12 12 19 9 10 20 12 12 21 11 11 22 13 13 23 14 14 24 16 15 25 15 16 26 3 0 27 17 17 28 18 18 29 18 18 30 17 17 31 19 19 32 19 19 33 20 20 34 18 18 35 8 8 36 9 10 37 12 12 38 24 21 39 21 22 40 22 23 41 22 23 42 23 24 43 24 21 44 25 25 45 19 19 46 17 17 47 27 26 48 8 8 49 12 12 50 8 8 51 27 26 52 26 27 53 31 28 54 28 29 55 29 30 56 29 30 57 30 31 58 31 28 59 32 32 60 34 33 61 33 34 62 35 35 63 37 36 64 36 37 65 40 38 66 24 21 67 38 39 68 38 39 69 39 40 70 40 38 71 38 39 72 24 21 73 23 24 74 23 24 75 41 41 76 38 39 77 43 42 78 26 27 79 27 26 80 26 27 81 43 42 82 42 43 83 46 44 84 29 30 85 44 45 86 44 45 87 45 46 88 46 44 89 29 30 90 46 44 91 30 31 92 38 39 93 41 41 94 47 47 95 47 47 96 48 48 97 38 39 98 52 49 99 50 50 100 49 51 101 50 50 102 52 49 103 51 52 104 42 43 105 43 42 106 53 53 107 42 43 108 55 54 109 54 55 110 55 54 111 42 43 112 56 56 113 60 57 114 58 58 115 57 59 116 58 58 117 60 57 118 59 60 119 46 44 120 61 61 121 62 62 122 66 63 123 63 64 124 64 65 125 64 65 126 65 66 127 66 63 128 56 56 129 53 53 130 67 67 131 62 62 132 61 61 133 68 68 134 68 68 135 69 69 136 62 62 137 71 70 138 58 58 139 59 60 140 58 58 141 71 70 142 70 71 143 72 72 144 68 68 145 61 61 146 74 73 147 56 56 148 67 67 149 56 56 150 74 73 151 73 74 152 73 74 153 55 54 154 56 56 155 55 54 156 73 74 157 75 75 158 77 76 159 69 69 160 68 68 161 68 68 162 76 77 163 77 76 164 64 65 165 78 78 166 65 66 167 79 79 168 80 80 169 81 81 170 72 72 171 82 82 172 68 68 173 70 71 174 71 70 175 83 83 176 64 65 177 84 84 178 78 78 179 74 73 180 85 85 181 73 74 182 85 85 183 74 73 184 86 86 185 89 87 186 84 84 187 87 88 188 87 88 189 88 89 190 89 87 191 80 80 192 90 90 193 81 81 194 84 84 195 89 87 196 78 78 197 91 91 198 93 92 199 92 93 200 94 94 201 83 83 202 95 95 203 80 80 204 96 96 205 90 90 206 85 85 207 98 97 208 97 98 209 102 99 210 99 100 211 100 101 212 100 101 213 101 102 214 102 99 215 103 103 216 99 100 217 77 76 218 104 104 219 92 93 220 105 105 221 98 97 222 107 106 223 106 107 224 111 108 225 108 109 226 109 110 227 109 110 228 110 111 229 111 108 230 112 112 231 100 101 232 99 100 233 97 98 234 106 107 235 113 113 236 101 102 237 100 101 238 114 114 239 114 114 240 115 115 241 101 102 242 104 104 243 105 105 244 116 116 245 106 107 246 107 106 247 117 117 248 116 116 249 105 105 250 118 118 251 106 107 252 117 117 253 119 119 254 121 120 255 111 108 256 110 111 257 110 111 258 120 121 259 121 120 260 122 122 261 114 114 262 100 101 263 113 113 264 119 119 265 123 123 266 127 124 267 124 125 268 125 126 269 125 126 270 126 127 271 127 124 272 130 128 273 119 119 274 128 129 275 119 119 276 130 128 277 129 130 278 115 115 279 114 114 280 131 131 281 131 131 282 132 132 283 115 115 284 136 133 285 133 134 286 134 135 287 134 135 288 135 136 289 136 133 290 137 137 291 131 131 292 114 114 293 123 123 294 129 130 295 138 138 296 132 132 297 131 131 298 139 139 299 139 139 300 140 140 301 132 132 302 138 138 303 129 130 304 141 141 305 142 142 306 143 143 307 126 127 308 129 130 309 145 144 310 144 145 311 140 140 312 139 139 313 146 146 314 146 146 315 147 147 316 140 140 317 148 148 318 139 139 319 131 131 320 135 136 321 149 149 322 150 150 323 139 139 324 148 148 325 151 151 326 151 151 327 146 146 328 139 139 329 153 152 330 141 141 331 144 145 332 141 141 333 153 152 334 152 153 335 154 154 336 155 155 337 143 143 338 144 145 339 156 156 340 153 152 341 158 157 342 150 150 343 149 149 344 149 149 345 157 158 346 158 157 347 160 159 348 147 147 349 146 146 350 146 146 351 159 160 352 160 159 353 159 160 354 146 146 355 151 151 356 151 151 357 161 161 358 159 160 359 164 162 360 155 155 361 162 163 362 162 163 363 163 164 364 164 162 365 167 165 366 165 166 367 153 152 368 165 166 369 167 165 370 166 167 371 153 152 372 168 168 373 152 153 374 168 168 375 153 152 376 165 166 377 158 157 378 157 158 379 169 169 380 169 169 381 170 170 382 158 157 383 174 171 384 171 172 385 172 173 386 172 173 387 173 174 388 174 171 389 159 160 390 175 175 391 160 159 392 163 164 393 176 176 394 164 162 395 165 166 396 166 167 397 177 177 398 169 169 399 178 178 400 170 170 401 179 179 402 180 180 403 159 160 404 168 168 405 177 177 406 181 181 407 180 180 408 182 182 409 175 175 410 183 183 411 185 184 412 184 185 413 177 177 414 187 186 415 186 187 416 188 188 417 189 189 418 190 190 419 191 191 420 192 192 421 180 180 422 181 181 423 186 187 424 193 193 425 192 192 426 194 194 427 195 195 428 196 196 429 184 185 430 197 197 431 198 198 432 199 199 433 200 200 434 201 201 435 202 202 436 203 203 437 204 204 438 172 173 439 192 192 440 193 193 441 206 205 442 205 206 443 207 207 444 208 208 445 202 202 446 202 202 447 208 208 448 209 209 449 209 209 450 208 208 451 210 210 452 210 210 453 211 211 454 209 209 455 215 212 456 213 213 457 212 214 458 213 213 459 215 212 460 214 215 461 213 213 462 197 197 463 212 214 464 206 205 465 217 216 466 216 217 467 218 218 468 219 219 469 220 220 470 210 210 471 221 221 472 211 211 473 222 222 474 223 223 475 224 224 476 217 216 477 225 225 478 216 217 479 225 225 480 217 216 481 226 226 482 230 227 483 228 228 484 227 229 485 228 228 486 230 227 487 229 230 488 231 231 489 216 217 490 225 225 491 232 232 492 233 233 493 234 234 494 235 235 495 236 236 496 237 237 497 241 238 498 239 239 499 238 240 500 239 239 501 241 238 502 240 241 503 242 242 504 243 243 505 224 224 506 231 231 507 245 244 508 244 245 509 247 246 510 228 228 511 229 230 512 228 228 513 247 246 514 246 247 515 232 232 516 248 248 517 233 233 518 236 236 519 249 249 520 237 237 521 251 250 522 243 243 523 242 242 524 242 242 525 250 251 526 251 250 527 250 251 528 242 242 529 252 252 530 252 252 531 253 253 532 250 251 533 249 249 534 236 236 535 254 254 536 254 254 537 255 255 538 249 249 539 245 244 540 256 256 541 244 245 542 256 256 543 245 244 544 257 257 545 244 245 546 259 258 547 258 259 548 259 258 549 244 245 550 256 256 551 263 260 552 260 261 553 261 262 554 261 262 555 262 263 556 263 260 557 250 251 558 264 264 559 251 250 560 256 256 561 257 257 562 265 265 563 266 266 564 267 267 565 268 268 566 254 254 567 269 269 568 255 255 569 250 251 570 261 262 571 264 264 572 265 265 573 257 257 574 270 270 575 267 267 576 271 271 577 272 272 578 273 273 579 274 274 580 269 269 581 261 262 582 260 261 583 264 264 584 265 265 585 270 270 586 275 275 587 271 271 588 276 276 589 272 272 590 270 270 591 278 277 592 277 278 593 260 261 594 263 260 595 279 279 596 270 270 597 280 280 598 275 275 599 280 280 600 270 270 601 281 281 602 285 282 603 282 283 604 283 284 605 283 284 606 284 285 607 285 282 608 286 286 609 288 287 610 287 288 611 263 260 612 289 289 613 279 279 614 276 276 615 290 290 616 291 291 617 281 281 618 277 278 619 292 292 620 286 286 621 287 288 622 293 293 623 294 294 624 295 295 625 263 260 626 280 280 627 292 292 628 296 296 629 295 295 630 297 297 631 289 289 632 293 293 633 299 298 634 298 299 635 300 300 636 302 301 637 301 302 638 292 292 639 304 303 640 303 304 641 295 295 642 305 305 643 297 297 644 306 306 645 307 307 646 308 308 647 295 295 648 309 309 649 305 305 650 307 307 651 310 310 652 308 308 653 300 300 654 301 302 655 311 311 656 303 304 657 304 303 658 312 312 659 303 304 660 312 312 661 313 313 662 314 314 663 303 304 664 313 313 665 315 315 666 316 316 667 309 309 668 314 314 669 313 313 670 317 317 671 311 311 672 301 302 673 318 318 674 319 319 675 320 320 676 321 321 677 321 321 678 320 320 679 322 322 680 323 323 681 318 318 682 324 324 683 325 325 684 327 326 685 326 327 686 328 328 687 329 329 688 330 330 689 324 324 690 318 318 691 331 331 692 325 325 693 326 327 694 332 332 695 320 320 696 333 333 697 322 322 698 334 334 699 335 335 700 316 316 701 317 317 702 337 336 703 336 337 704 338 338 705 283 284 706 339 339 707 340 340 708 341 341 709 334 334 710 332 332 711 326 327 712 342 342 713 343 343 714 336 337 715 344 344 716 341 341 717 345 345 718 334 334 719 332 332 720 342 342 721 346 346 722 283 284 723 282 283 724 339 339 725 343 343 726 344 344 727 347 347 728 350 348 729 348 349 730 345 345 731 345 345 732 349 350 733 350 348 734 349 350 735 345 345 736 341 341 737 341 341 738 351 351 739 349 350 740 342 342 741 352 352 742 346 346 743 352 352 744 342 342 745 353 353 746 356 354 747 354 355 748 344 344 749 354 355 750 356 354 751 355 356 752 344 344 753 357 357 754 347 347 755 357 357 756 344 344 757 354 355 758 361 358 759 358 359 760 359 360 761 359 360 762 360 361 763 361 358 764 351 351 765 362 362 766 349 350 767 363 363 768 364 364 769 365 365 770 366 366 771 368 367 772 367 368 773 357 357 774 354 355 775 369 369 776 349 350 777 370 370 778 371 371 779 369 369 780 355 356 781 372 372 782 367 368 783 374 373 784 373 374 785 375 375 786 369 369 787 376 376 788 370 370 789 377 377 790 371 371 791 369 369 792 372 372 793 378 378 794 379 379 795 380 380 796 381 381 797 382 382 798 384 383 799 383 384 800 385 385 801 386 386 802 387 387 803 388 388 804 390 389 805 389 390 806 381 381 807 391 391 808 392 392 809 389 390 810 394 393 811 393 394 812 391 391 813 395 395 814 392 392 815 389 390 816 393 394 817 396 396 818 397 397 819 398 398 820 391 391 821 399 399 822 401 400 823 400 401 824 402 402 825 404 403 826 403 404 827 405 405 828 396 396 829 406 406 830 398 398 831 407 407 832 395 395 833 396 396 834 409 408 835 408 409 836 407 407 837 410 410 838 395 395 839 396 396 840 408 409 841 411 411 842 412 412 843 403 404 844 413 413 845 406 406 846 411 411 847 414 414 848 407 407 849 415 415 850 410 410 851 419 416 852 416 417 853 417 418 854 417 418 855 418 419 856 419 416 857 421 420 858 412 412 859 413 413 860 412 412 861 421 420 862 420 421 863 411 411 864 408 409 865 422 422 866 426 423 867 424 424 868 423 425 869 424 424 870 426 423 871 425 426 872 430 427 873 427 428 874 428 429 875 428 429 876 429 430 877 430 427 878 425 426 879 431 431 880 424 424 881 431 431 882 425 426 883 432 432 884 360 361 885 433 433 886 361 358 887 434 434 888 435 435 889 436 436 890 440 437 891 438 438 892 437 439 893 438 438 894 440 437 895 439 440 896 429 430 897 441 441 898 430 427 899 433 433 900 442 442 901 361 358 902 443 443 903 444 444 904 445 445 905 431 431 906 432 432 907 446 446 908 447 447 909 448 448 910 429 430 911 449 449 912 451 450 913 450 451 914 448 448 915 452 452 916 441 441 917 446 446 918 454 453 919 453 454 920 447 447 921 455 455 922 448 448 923 458 456 924 456 457 925 451 450 926 456 457 927 458 456 928 457 458 929 462 459 930 459 460 931 460 461 932 460 461 933 461 462 934 462 459 935 450 451 936 451 450 937 456 457 938 455 455 939 463 463 940 448 448 941 450 451 942 456 457 943 464 464 944 463 463 945 465 465 946 466 466 947 439 440 948 440 437 949 467 467 950 456 457 951 457 458 952 468 468 953 469 469 954 470 470 955 471 471 956 455 455 957 472 472 958 465 465 959 473 473 960 456 457 961 474 474 962 475 475 963 476 476 964 477 477 965 478 478 966 480 479 967 479 480 968 481 481 969 483 482 970 482 483 971 477 477 972 476 476 973 470 470 974 484 484 975 485 485 976 465 465 977 473 473 978 487 486 979 486 487 980 478 478 981 479 480 982 488 488 983 489 489 984 491 490 985 490 491 986 494 492 987 476 476 988 492 493 989 492 493 990 493 494 991 494 492 992 496 495 993 462 459 994 461 462 995 461 462 996 495 496 997 496 495 998 484 484 999 497 497 1000 498 498 1001 499 499 1002 487 486 1003 500 500 1004 493 494 1005 492 493 1006 501 501 1007 501 501 1008 502 502 1009 493 494 1010 505 503 1011 488 488 1012 503 504 1013 488 488 1014 505 503 1015 504 505 1016 497 497 1017 506 506 1018 507 507 1019 490 491 1020 509 508 1021 508 509 1022 509 508 1023 490 491 1024 510 510 1025 512 511 1026 496 495 1027 495 496 1028 495 496 1029 511 512 1030 512 511 1031 513 513 1032 500 500 1033 514 514 1034 513 513 1035 516 515 1036 515 516 1037 516 515 1038 513 513 1039 517 517 1040 518 518 1041 519 519 1042 506 506 1043 509 508 1044 510 510 1045 520 520 1046 524 521 1047 522 522 1048 521 523 1049 522 522 1050 524 521 1051 523 524 1052 506 506 1053 525 525 1054 526 526 1055 517 517 1056 514 514 1057 527 527 1058 519 519 1059 528 528 1060 525 525 1061 529 529 1062 520 520 1063 530 530 1064 534 531 1065 532 532 1066 531 533 1067 532 532 1068 534 531 1069 533 534 1070 538 535 1071 536 536 1072 535 537 1073 536 536 1074 538 535 1075 537 538 1076 542 539 1077 539 540 1078 540 541 1079 540 541 1080 541 542 1081 542 539 1082 543 543 1083 544 544 1084 545 545 1085 546 546 1086 548 547 1087 547 548 1088 536 536 1089 537 538 1090 549 549 1091 550 550 1092 551 551 1093 552 552 1094 553 553 1095 547 548 1096 554 554 1097 550 550 1098 555 555 1099 551 551 1100 554 554 1101 547 548 1102 556 556 1103 551 551 1104 557 557 1105 558 558 1106 559 559 1107 539 540 1108 542 539 1109 556 556 1110 561 560 1111 560 561 1112 562 562 1113 564 563 1114 563 564 1115 566 565 1116 556 556 1117 560 561 1118 556 556 1119 566 565 1120 565 566 1121 558 558 1122 557 557 1123 567 567 1124 567 567 1125 568 568 1126 558 558 1127 570 569 1128 562 562 1129 563 564 1130 562 562 1131 570 569 1132 569 570 1133 571 571 1134 567 567 1135 557 557 1136 572 572 1137 565 566 1138 573 573 1139 541 542 1140 540 541 1141 574 574 1142 574 574 1143 575 575 1144 541 542 1145 577 576 1146 565 566 1147 566 565 1148 565 566 1149 577 576 1150 576 577 1151 568 568 1152 567 567 1153 578 578 1154 578 578 1155 579 579 1156 568 568 1157 581 580 1158 569 570 1159 570 569 1160 569 570 1161 581 580 1162 580 581 1163 582 582 1164 578 578 1165 567 567 1166 573 573 1167 576 577 1168 583 583 1169 579 579 1170 578 578 1171 584 584 1172 584 584 1173 585 585 1174 579 579 1175 582 582 1176 586 586 1177 578 578 1178 583 583 1179 576 577 1180 587 587 1181 591 588 1182 588 589 1183 589 590 1184 589 590 1185 590 591 1186 591 588 1187 586 586 1188 584 584 1189 578 578 1190 583 583 1191 587 587 1192 592 592 1193 585 585 1194 584 584 1195 593 593 1196 593 593 1197 594 594 1198 585 585 1199 586 586 1200 595 595 1201 584 584 1202 592 592 1203 587 587 1204 596 596 1205 598 597 1206 591 588 1207 590 591 1208 590 591 1209 597 598 1210 598 597 1211 595 595 1212 593 593 1213 584 584 1214 592 592 1215 596 596 1216 599 599 1217 603 600 1218 600 601 1219 601 602 1220 601 602 1221 602 603 1222 603 600 1223 604 604 1224 605 605 1225 606 606 1226 607 607 1227 609 608 1228 608 609 1229 596 596 1230 611 610 1231 610 611 1232 597 598 1233 612 612 1234 598 597 1235 595 595 1236 613 613 1237 614 614 1238 615 615 1239 596 596 1240 616 616 1241 605 605 1242 617 617 1243 618 618 1244 608 609 1245 620 619 1246 619 620 1247 621 621 1248 623 622 1249 622 623 1250 624 624 1251 625 625 1252 612 612 1253 617 617 1254 626 626 1255 618 618 1256 624 624 1257 627 627 1258 625 625 1259 628 628 1260 600 601 1261 613 613 1262 621 621 1263 622 623 1264 629 629 1265 600 601 1266 603 600 1267 613 613 1268 621 621 1269 629 629 1270 630 630 1271 617 617 1272 631 631 1273 632 632 1274 633 633 1275 635 634 1276 634 635 1277 631 631 1278 636 636 1279 632 632 1280 633 633 1281 634 635 1282 637 637 1283 639 638 1284 630 630 1285 629 629 1286 630 630 1287 639 638 1288 638 639 1289 636 636 1290 631 631 1291 640 640 1292 640 640 1293 641 641 1294 636 636 1295 643 642 1296 637 637 1297 634 635 1298 637 637 1299 643 642 1300 642 643 1301 602 603 1302 644 644 1303 645 645 1304 634 635 1305 646 646 1306 643 642 1307 648 647 1308 602 603 1309 601 602 1310 601 602 1311 647 648 1312 648 647 1313 602 603 1314 648 647 1315 644 644 1316 652 649 1317 649 650 1318 650 651 1319 650 651 1320 651 652 1321 652 649 1322 648 647 1323 647 648 1324 653 653 1325 653 653 1326 654 654 1327 648 647 1328 643 642 1329 646 646 1330 655 655 1331 656 656 1332 658 657 1333 657 658 1334 659 659 1335 643 642 1336 660 660 1337 657 658 1338 658 657 1339 661 661 1340 659 659 1341 660 660 1342 662 662 1343 664 663 1344 651 652 1345 650 651 1346 650 651 1347 663 664 1348 664 663 1349 668 665 1350 665 666 1351 666 667 1352 666 667 1353 667 668 1354 668 665 1355 657 658 1356 661 661 1357 669 669 1358 670 670 1359 672 671 1360 671 672 1361 654 654 1362 666 667 1363 673 673 1364 660 660 1365 675 674 1366 674 675 1367 654 654 1368 676 676 1369 666 667 1370 674 675 1371 675 674 1372 677 677 1373 680 678 1374 678 679 1375 671 672 1376 678 679 1377 680 678 1378 679 680 1379 681 681 1380 682 682 1381 683 683 1382 684 684 1383 685 685 1384 664 663 1385 687 686 1386 668 665 1387 667 668 1388 667 668 1389 686 687 1390 687 686 1391 676 676 1392 688 688 1393 667 668 1394 689 689 1395 677 677 1396 690 690 1397 679 680 1398 691 691 1399 678 679 1400 691 691 1401 679 680 1402 692 692 1403 682 682 1404 693 693 1405 694 694 1406 690 690 1407 696 695 1408 695 696 1409 700 697 1410 698 698 1411 697 699 1412 698 698 1413 700 697 1414 699 700 1415 704 701 1416 701 702 1417 702 703 1418 702 703 1419 703 704 1420 704 701 1421 698 698 1422 699 700 1423 705 705 1424 709 706 1425 706 707 1426 707 708 1427 707 708 1428 708 709 1429 709 706 1430 708 709 1431 710 710 1432 709 706 1433 703 704 1434 711 711 1435 712 712 1436 712 712 1437 713 713 1438 703 704 1439 714 714 1440 716 715 1441 715 716 1442 704 701 1443 713 713 1444 717 717 1445 717 717 1446 713 713 1447 718 718 1448 718 718 1449 719 719 1450 717 717 1451 707 708 1452 720 720 1453 708 709 1454 724 721 1455 721 722 1456 722 723 1457 722 723 1458 723 724 1459 724 721 1460 725 725 1461 718 718 1462 713 713 1463 727 726 1464 720 720 1465 707 708 1466 707 708 1467 726 727 1468 727 726 1469 731 728 1470 729 729 1471 728 730 1472 729 729 1473 731 728 1474 730 731 1475 732 732 1476 734 733 1477 733 734 1478 735 735 1479 736 736 1480 726 727 1481 728 730 1482 738 737 1483 737 738 1484 738 737 1485 728 730 1486 729 729 1487 740 739 1488 724 721 1489 723 724 1490 723 724 1491 739 740 1492 740 739 1493 742 741 1494 727 726 1495 726 727 1496 726 727 1497 741 742 1498 742 741 1499 744 743 1500 738 737 1501 729 729 1502 738 737 1503 744 743 1504 743 744 1505 729 729 1506 730 731 1507 744 743 1508 740 739 1509 739 740 1510 745 745 1511 745 745 1512 746 746 1513 740 739 1514 750 747 1515 748 748 1516 747 749 1517 748 748 1518 750 747 1519 749 750 1520 741 742 1521 751 751 1522 742 741 1523 741 742 1524 752 752 1525 753 753 1526 753 753 1527 754 754 1528 741 742 1529 758 755 1530 756 756 1531 755 757 1532 756 756 1533 758 755 1534 757 758 1535 744 743 1536 760 759 1537 759 760 1538 764 761 1539 761 762 1540 762 763 1541 762 763 1542 763 764 1543 764 761 1544 754 754 1545 765 765 1546 751 751 1547 760 759 1548 766 766 1549 759 760 1550 766 766 1551 760 759 1552 767 767 1553 769 768 1554 756 756 1555 757 758 1556 756 756 1557 769 768 1558 768 769 1559 770 770 1560 759 760 1561 766 766 1562 772 771 1563 765 765 1564 754 754 1565 754 754 1566 771 772 1567 772 771 1568 774 773 1569 773 774 1570 764 761 1571 764 761 1572 763 764 1573 774 773 1574 776 775 1575 766 766 1576 767 767 1577 766 766 1578 776 775 1579 775 776 1580 762 763 1581 777 777 1582 763 764 1583 778 778 1584 779 779 1585 780 780 1586 781 781 1587 783 782 1588 782 783 1589 768 769 1590 769 768 1591 784 784 1592 762 763 1593 785 785 1594 777 777 1595 772 771 1596 771 772 1597 786 786 1598 786 786 1599 787 787 1600 772 771 1601 791 788 1602 788 789 1603 789 790 1604 789 790 1605 790 791 1606 791 788 1607 779 779 1608 792 792 1609 780 780 1610 785 785 1611 793 793 1612 777 777 1613 782 783 1614 795 794 1615 794 795 1616 796 796 1617 784 784 1618 797 797 1619 779 779 1620 791 788 1621 792 792 1622 798 798 1623 792 792 1624 791 788 1625 791 788 1626 790 791 1627 798 798 1628 799 799 1629 776 775 1630 800 800 1631 786 786 1632 801 801 1633 802 802 1634 805 803 1635 803 804 1636 800 800 1637 803 804 1638 805 803 1639 804 805 1640 806 806 1641 794 795 1642 807 807 1643 802 802 1644 808 808 1645 809 809 1646 811 810 1647 798 798 1648 790 791 1649 790 791 1650 810 811 1651 811 810 1652 812 812 1653 800 800 1654 803 804 1655 801 801 1656 813 813 1657 808 808 1658 804 805 1659 814 814 1660 803 804 1661 814 814 1662 804 805 1663 815 815 1664 806 806 1665 807 807 1666 816 816 1667 808 808 1668 817 817 1669 809 809 1670 816 816 1671 807 807 1672 818 818 1673 808 808 1674 819 819 1675 817 817 1676 823 820 1677 820 821 1678 821 822 1679 821 822 1680 822 823 1681 823 820 1682 824 824 1683 803 804 1684 814 814 1685 813 813 1686 825 825 1687 819 819 1688 829 826 1689 827 827 1690 826 828 1691 827 827 1692 829 826 1693 828 829 1694 832 830 1695 830 831 1696 819 819 1697 819 819 1698 831 832 1699 832 830 1700 815 815 1701 833 833 1702 814 814 1703 833 833 1704 815 815 1705 834 834 1706 836 835 1707 823 820 1708 822 823 1709 822 823 1710 835 836 1711 836 835 1712 837 837 1713 814 814 1714 833 833 1715 825 825 1716 838 838 1717 831 832 1718 842 839 1719 840 840 1720 839 841 1721 840 840 1722 842 839 1723 841 842 1724 838 838 1725 843 843 1726 831 832 1727 837 837 1728 833 833 1729 844 844 1730 839 841 1731 828 829 1732 842 839 1733 831 832 1734 845 845 1735 846 846 1736 847 847 1737 844 844 1738 848 848 1739 843 843 1740 849 849 1741 845 845 1742 851 850 1743 846 846 1744 845 845 1745 845 845 1746 850 851 1747 851 850 1748 854 852 1749 848 848 1750 852 853 1751 848 848 1752 854 852 1753 853 854 1754 858 855 1755 855 856 1756 856 857 1757 856 857 1758 857 858 1759 858 855 1760 840 840 1761 841 842 1762 859 859 1763 850 851 1764 860 860 1765 851 850 1766 864 861 1767 862 862 1768 861 863 1769 862 862 1770 864 861 1771 863 864 1772 853 854 1773 854 852 1774 865 865 1775 859 859 1776 841 842 1777 866 866 1778 850 851 1779 867 867 1780 860 860 1781 856 857 1782 868 868 1783 857 858 1784 869 869 1785 853 854 1786 870 870 1787 871 871 1788 872 872 1789 867 867 1790 870 870 1791 865 865 1792 873 873 1793 874 874 1794 876 875 1795 875 876 1796 867 867 1797 877 877 1798 878 878 1799 879 879 1800 880 880 1801 881 881 1802 882 882 1803 870 870 1804 883 883 1805 872 872 1806 884 884 1807 877 877 1808 883 883 1809 886 885 1810 885 886 1811 887 887 1812 875 876 1813 888 888 1814 877 877 1815 889 889 1816 890 890 1817 891 891 1818 892 892 1819 893 893 1820 894 894 1821 883 883 1822 862 862 1823 884 884 1824 895 895 1825 889 889 1826 862 862 1827 885 886 1828 861 863 1829 892 892 1830 896 896 1831 897 897 1832 897 897 1833 896 896 1834 898 898 1835 898 898 1836 899 899 1837 897 897 1838 903 900 1839 901 901 1840 900 902 1841 901 901 1842 903 900 1843 902 903 1844 901 901 1845 888 888 1846 900 902 1847 889 889 1848 904 904 1849 905 905 1850 863 864 1851 864 861 1852 906 906 1853 898 898 1854 907 907 1855 899 899 1856 908 908 1857 906 906 1858 909 909 1859 905 905 1860 904 904 1861 910 910 1862 910 910 1863 911 911 1864 905 905 1865 915 912 1866 913 913 1867 912 914 1868 913 913 1869 915 912 1870 914 915 1871 916 916 1872 910 910 1873 904 904 1874 917 917 1875 918 918 1876 919 919 1877 920 920 1878 921 921 1879 922 922 1880 926 923 1881 924 924 1882 923 925 1883 924 924 1884 926 923 1885 925 926 1886 927 927 1887 906 906 1888 928 928 1889 916 916 1890 929 929 1891 930 930 1892 932 931 1893 913 913 1894 914 915 1895 913 913 1896 932 931 1897 931 932 1898 917 917 1899 933 933 1900 918 918 1901 921 921 1902 934 934 1903 922 922 1904 936 935 1905 927 927 1906 928 928 1907 927 927 1908 936 935 1909 935 936 1910 935 936 1911 937 937 1912 927 927 1913 937 937 1914 935 936 1915 938 938 1916 934 934 1917 921 921 1918 939 939 1919 939 939 1920 940 940 1921 934 934 1922 930 930 1923 929 929 1924 941 941 1925 941 941 1926 942 942 1927 930 930 1928 929 929 1929 943 943 1930 944 944 1931 944 944 1932 941 941 1933 929 929 1934 948 945 1935 946 946 1936 945 947 1937 946 946 1938 948 945 1939 947 948 1940 935 936 1941 936 935 1942 949 949 1943 941 941 1944 950 950 1945 942 942 1946 951 951 1947 952 952 1948 953 953 1949 939 939 1950 954 954 1951 940 940 1952 935 936 1953 949 949 1954 946 946 1955 950 950 1956 955 955 1957 942 942 1958 952 952 1959 956 956 1960 957 957 1961 958 958 1962 959 959 1963 954 954 1964 946 946 1965 949 949 1966 945 947 1967 950 950 1968 960 960 1969 955 955 1970 956 956 1971 961 961 1972 957 957 1973 958 958 1974 962 962 1975 959 959 1976 945 947 1977 963 963 1978 948 945 1979 955 955 1980 960 960 1981 964 964 1982 964 964 1983 965 965 1984 955 955 1985 969 966 1986 967 967 1987 966 968 1988 967 967 1989 969 966 1990 968 969 1991 970 970 1992 972 971 1993 971 972 1994 948 945 1995 963 963 1996 973 973 1997 961 961 1998 974 974 1999 975 975 2000 965 965 2001 976 976 2002 977 977 2003 970 970 2004 971 972 2005 978 978 2006 979 979 2007 948 945 2008 980 980 2009 964 964 2010 981 981 2011 976 976 2012 980 980 2013 973 973 2014 982 982 2015 978 978 2016 984 983 2017 983 984 2018 985 985 2019 986 986 2020 987 987 2021 976 976 2022 988 988 2023 989 989 2024 980 980 2025 982 982 2026 990 990 2027 991 991 2028 992 992 2029 993 993 2030 980 980 2031 990 990 2032 994 994 2033 992 992 2034 995 995 2035 993 993 2036 996 996 2037 998 997 2038 997 998 2039 988 988 2040 999 999 2041 989 989 2042 988 988 2043 1000 1000 2044 999 999 2045 1001 1001 2046 1000 1000 2047 988 988 2048 1002 1002 2049 994 994 2050 1003 1003 2051 1001 1001 2052 1004 1004 2053 1000 1000 2054 997 998 2055 998 997 2056 966 968 2057 1005 1005 2058 1006 1006 2059 1007 1007 2060 1007 1007 2061 1006 1006 2062 1008 1008 2063 1009 1009 2064 1003 1003 2065 1010 1010 2066 1013 1011 2067 1000 1000 2068 1011 1012 2069 1011 1012 2070 1012 1013 2071 1013 1011 2072 1017 1014 2073 1014 1015 2074 1015 1016 2075 1015 1016 2076 1016 1017 2077 1017 1014 2078 1004 1004 2079 1011 1012 2080 1000 1000 2081 1018 1018 2082 1019 1019 2083 1020 1020 2084 1006 1006 2085 1021 1021 2086 1008 1008 2087 1010 1010 2088 1003 1003 2089 1022 1022 2090 1004 1004 2091 1023 1023 2092 1011 1012 2093 1024 1024 2094 1015 1016 2095 1025 1025 2096 1026 1026 2097 1010 1010 2098 1027 1027 2099 1028 1028 2100 1030 1029 2101 1029 1030 2102 1031 1031 2103 1032 1032 2104 1023 1023 2105 1027 1027 2106 1010 1010 2107 1033 1033 2108 1028 1028 2109 1029 1030 2110 1034 1034 2111 1015 1016 2112 1014 1015 2113 1025 1025 2114 1025 1025 2115 1014 1015 2116 1035 1035 2117 1038 1036 2118 1033 1033 2119 1036 1037 2120 1033 1033 2121 1038 1036 2122 1037 1038 2123 1037 1038 2124 1027 1027 2125 1033 1033 2126 1027 1027 2127 1037 1038 2128 1039 1039 2129 1029 1030 2130 1040 1040 2131 1034 1034 2132 1040 1040 2133 1029 1030 2134 1041 1041 2135 1044 1042 2136 1032 1032 2137 1042 1043 2138 1042 1043 2139 1043 1044 2140 1044 1042 2141 1032 1032 2142 1045 1045 2143 1046 1046 2144 1046 1046 2145 1042 1043 2146 1032 1032 2147 1050 1047 2148 1048 1048 2149 1047 1049 2150 1048 1048 2151 1050 1047 2152 1049 1050 2153 1039 1039 2154 1037 1038 2155 1051 1051 2156 1052 1052 2157 1053 1053 2158 1054 1054 2159 1055 1055 2160 1057 1056 2161 1056 1057 2162 1046 1046 2163 1058 1058 2164 1042 1043 2165 1037 1038 2166 1060 1059 2167 1059 1060 2168 1058 1058 2169 1061 1061 2170 1043 1044 2171 1056 1057 2172 1063 1062 2173 1062 1063 2174 1064 1064 2175 1065 1065 2176 1058 1058 2177 1059 1060 2178 1060 1059 2179 1066 1066 2180 1058 1058 2181 1067 1067 2182 1061 1061 2183 1068 1068 2184 1069 1069 2185 1070 1070 2186 1071 1071 2187 1073 1072 2188 1072 1073 2189 1074 1074 2190 1075 1075 2191 1076 1076 2192 1077 1077 2193 1078 1078 2194 1079 1079 2195 1070 1070 2196 1080 1080 2197 1081 1081 2198 1082 1082 2199 1083 1083 2200 1084 1084 2201 1080 1080 2202 1085 1085 2203 1081 1081 2204 1082 1082 2205 1086 1086 2206 1083 1083 2207 1087 1087 2208 1088 1088 2209 1080 1080 2210 1089 1089 2211 1091 1090 2212 1090 1091 2213 1092 1092 2214 1094 1093 2215 1093 1094 2216 1095 1095 2217 1096 1096 2218 1086 1086 2219 1088 1088 2220 1097 1097 2221 1085 1085 2222 1086 1086 2223 1098 1098 2224 1099 1099 2225 1097 1097 2226 1100 1100 2227 1085 1085 2228 1086 1086 2229 1101 1101 2230 1098 1098 2231 1102 1102 2232 1093 1094 2233 1103 1103 2234 1096 1096 2235 1104 1104 2236 1101 1101 2237 1097 1097 2238 1105 1105 2239 1100 1100 2240 1109 1106 2241 1106 1107 2242 1107 1108 2243 1107 1108 2244 1108 1109 2245 1109 1106 2246 1111 1110 2247 1102 1102 2248 1103 1103 2249 1102 1102 2250 1111 1110 2251 1110 1111 2252 1101 1101 2253 1112 1112 2254 1098 1098 2255 1116 1113 2256 1113 1114 2257 1114 1115 2258 1114 1115 2259 1115 1116 2260 1116 1113 2261 1120 1117 2262 1117 1118 2263 1118 1119 2264 1118 1119 2265 1119 1120 2266 1120 1117 2267 1115 1116 2268 1114 1115 2269 1121 1121 2270 1121 1121 2271 1122 1122 2272 1115 1116 2273 1049 1050 2274 1050 1047 2275 1123 1123 2276 1107 1108 2277 1124 1124 2278 1108 1109 2279 1128 1125 2280 1126 1126 2281 1125 1127 2282 1126 1126 2283 1128 1125 2284 1127 1128 2285 1119 1120 2286 1129 1129 2287 1120 1117 2288 1123 1123 2289 1050 1047 2290 1125 1127 2291 1130 1130 2292 1131 1131 2293 1132 1132 2294 1121 1121 2295 1133 1133 2296 1122 1122 2297 1134 1134 2298 1135 1135 2299 1119 1120 2300 1136 1136 2301 1137 1137 2302 1138 1138 2303 1135 1135 2304 1139 1139 2305 1129 1129 2306 1133 1133 2307 1140 1140 2308 1141 1141 2309 1134 1134 2310 1142 1142 2311 1135 1135 2312 1145 1143 2313 1138 1138 2314 1143 1144 2315 1143 1144 2316 1144 1145 2317 1145 1143 2318 1149 1146 2319 1146 1147 2320 1147 1148 2321 1147 1148 2322 1148 1149 2323 1149 1146 2324 1137 1137 2325 1143 1144 2326 1138 1138 2327 1142 1142 2328 1150 1150 2329 1135 1135 2330 1137 1137 2331 1151 1151 2332 1143 1144 2333 1150 1150 2334 1152 1152 2335 1153 1153 2336 1154 1154 2337 1156 1155 2338 1155 1156 2339 1143 1144 2340 1157 1157 2341 1144 1145 2342 1158 1158 2343 1159 1159 2344 1160 1160 2345 1142 1142 2346 1161 1161 2347 1152 1152 2348 1162 1162 2349 1163 1163 2350 1143 1144 2351 1152 1152 2352 1164 1164 2353 1165 1165 2354 1166 1166 2355 1168 1167 2356 1167 1168 2357 1163 1163 2358 1169 1169 2359 1170 1170 2360 1171 1171 2361 1172 1172 2362 1159 1159 2363 1173 1173 2364 1174 1174 2365 1152 1152 2366 1162 1162 2367 1175 1175 2368 1169 1169 2369 1166 1166 2370 1167 1168 2371 1176 1176 2372 1169 1169 2373 1177 1177 2374 1170 1170 2375 1180 1178 2376 1172 1172 2377 1178 1179 2378 1178 1179 2379 1179 1180 2380 1180 1178 2381 1182 1181 2382 1149 1146 2383 1148 1149 2384 1148 1149 2385 1181 1182 2386 1182 1181 2387 1173 1173 2388 1183 1183 2389 1184 1184 2390 1185 1185 2391 1186 1186 2392 1169 1169 2393 1179 1180 2394 1178 1179 2395 1187 1187 2396 1187 1187 2397 1188 1188 2398 1179 1180 2399 1191 1189 2400 1176 1176 2401 1189 1190 2402 1176 1176 2403 1191 1189 2404 1190 1191 2405 1183 1183 2406 1192 1192 2407 1193 1193 2408 1197 1194 2409 1195 1195 2410 1194 1196 2411 1195 1195 2412 1197 1194 2413 1196 1197 2414 1199 1198 2415 1182 1181 2416 1181 1182 2417 1181 1182 2418 1198 1199 2419 1199 1198 2420 1200 1200 2421 1201 1201 2422 1186 1186 2423 1200 1200 2424 1202 1202 2425 1203 1203 2426 1203 1203 2427 1204 1204 2428 1200 1200 2429 1205 1205 2430 1206 1206 2431 1192 1192 2432 1195 1195 2433 1196 1197 2434 1207 1207 2435 1211 1208 2436 1209 1209 2437 1208 1210 2438 1209 1209 2439 1211 1208 2440 1210 1211 2441 1192 1192 2442 1212 1212 2443 1213 1213 2444 1204 1204 2445 1214 1214 2446 1201 1201 2447 1206 1206 2448 1215 1215 2449 1212 1212 2450 1216 1216 2451 1207 1207 2452 1217 1217 2453 1221 1218 2454 1219 1219 2455 1218 1220 2456 1219 1219 2457 1221 1218 2458 1220 1221 2459 1225 1222 2460 1223 1223 2461 1222 1224 2462 1223 1223 2463 1225 1222 2464 1224 1225 2465 1229 1226 2466 1226 1227 2467 1227 1228 2468 1227 1228 2469 1228 1229 2470 1229 1226 2471 1210 1211 2472 1211 1208 2473 1230 1230 2474 1231 1231 2475 1232 1232 2476 1233 1233 2477 1223 1223 2478 1224 1225 2479 1234 1234 2480 1235 1235 2481 1237 1236 2482 1236 1237 2483 1238 1238 2484 1239 1239 2485 1232 1232 2486 1235 1235 2487 1236 1237 2488 1240 1240 2489 1239 1239 2490 1241 1241 2491 1232 1232 2492 1236 1237 2493 1243 1242 2494 1242 1243 2495 1244 1244 2496 1226 1227 2497 1229 1226 2498 1241 1241 2499 1245 1245 2500 1246 1246 2501 1247 1247 2502 1249 1248 2503 1248 1249 2504 1251 1250 2505 1245 1245 2506 1241 1241 2507 1241 1241 2508 1250 1251 2509 1251 1250 2510 1243 1242 2511 1252 1252 2512 1242 1243 2513 1252 1252 2514 1243 1242 2515 1253 1253 2516 1255 1254 2517 1247 1247 2518 1248 1249 2519 1247 1247 2520 1255 1254 2521 1254 1255 2522 1256 1256 2523 1242 1243 2524 1252 1252 2525 1257 1257 2526 1258 1258 2527 1250 1251 2528 1228 1229 2529 1227 1228 2530 1259 1259 2531 1259 1259 2532 1260 1260 2533 1228 1229 2534 1262 1261 2535 1251 1250 2536 1250 1251 2537 1250 1251 2538 1261 1262 2539 1262 1261 2540 1253 1253 2541 1263 1263 2542 1252 1252 2543 1263 1263 2544 1253 1253 2545 1264 1264 2546 1266 1265 2547 1254 1255 2548 1255 1254 2549 1254 1255 2550 1266 1265 2551 1265 1266 2552 1267 1267 2553 1252 1252 2554 1263 1263 2555 1258 1258 2556 1268 1268 2557 1261 1262 2558 1264 1264 2559 1269 1269 2560 1263 1263 2561 1269 1269 2562 1264 1264 2563 1270 1270 2564 1267 1267 2565 1263 1263 2566 1271 1271 2567 1268 1268 2568 1272 1272 2569 1261 1262 2570 1276 1273 2571 1273 1274 2572 1274 1275 2573 1274 1275 2574 1275 1276 2575 1276 1273 2576 1271 1271 2577 1263 1263 2578 1269 1269 2579 1268 1268 2580 1277 1277 2581 1272 1272 2582 1270 1270 2583 1278 1278 2584 1269 1269 2585 1278 1278 2586 1270 1270 2587 1279 1279 2588 1271 1271 2589 1269 1269 2590 1280 1280 2591 1277 1277 2592 1281 1281 2593 1272 1272 2594 1283 1282 2595 1276 1273 2596 1275 1276 2597 1275 1276 2598 1282 1283 2599 1283 1282 2600 1280 1280 2601 1269 1269 2602 1278 1278 2603 1277 1277 2604 1284 1284 2605 1281 1281 2606 1288 1285 2607 1286 1286 2608 1285 1287 2609 1286 1286 2610 1288 1285 2611 1287 1288 2612 1278 1278 2613 1279 1279 2614 1289 1289 2615 1290 1290 2616 1292 1291 2617 1291 1292 2618 1281 1281 2619 1293 1293 2620 1294 1294 2621 1282 1283 2622 1295 1295 2623 1283 1282 2624 1280 1280 2625 1289 1289 2626 1296 1296 2627 1297 1297 2628 1298 1298 2629 1281 1281 2630 1299 1299 2631 1300 1300 2632 1301 1301 2633 1291 1292 2634 1303 1302 2635 1302 1303 2636 1304 1304 2637 1306 1305 2638 1305 1306 2639 1307 1307 2640 1308 1308 2641 1295 1295 2642 1300 1300 2643 1309 1309 2644 1301 1301 2645 1307 1307 2646 1310 1310 2647 1308 1308 2648 1302 1303 2649 1303 1302 2650 1311 1311 2651 1304 1304 2652 1305 1306 2653 1312 1312 2654 1311 1311 2655 1303 1302 2656 1313 1313 2657 1304 1304 2658 1312 1312 2659 1314 1314 2660 1300 1300 2661 1315 1315 2662 1316 1316 2663 1317 1317 2664 1318 1318 2665 1308 1308 2666 1315 1315 2667 1319 1319 2668 1316 1316 2669 1316 1316 2670 1319 1319 2671 1320 1320 2672 1322 1321 2673 1314 1314 2674 1312 1312 2675 1314 1314 2676 1322 1321 2677 1321 1322 2678 1319 1319 2679 1315 1315 2680 1323 1323 2681 1323 1323 2682 1324 1324 2683 1319 1319 2684 1328 1325 2685 1325 1326 2686 1326 1327 2687 1326 1327 2688 1327 1328 2689 1328 1325 2690 1287 1288 2691 1330 1329 2692 1329 1330 2693 1325 1326 2694 1328 1325 2695 1331 1331 2696 1333 1332 2697 1286 1286 2698 1287 1288 2699 1286 1286 2700 1333 1332 2701 1332 1333 2702 1287 1288 2703 1329 1330 2704 1333 1332 2705 1337 1334 2706 1334 1335 2707 1335 1336 2708 1335 1336 2709 1336 1337 2710 1337 1334 2711 1333 1332 2712 1338 1338 2713 1332 1333 2714 1338 1338 2715 1333 1332 2716 1339 1339 2717 1328 1325 2718 1340 1340 2719 1331 1331 2720 1341 1341 2721 1343 1342 2722 1342 1343 2723 1344 1344 2724 1345 1345 2725 1328 1325 2726 1342 1343 2727 1343 1342 2728 1346 1346 2729 1344 1344 2730 1347 1347 2731 1345 1345 2732 1349 1348 2733 1336 1337 2734 1335 1336 2735 1335 1336 2736 1348 1349 2737 1349 1348 2738 1353 1350 2739 1351 1351 2740 1350 1352 2741 1351 1351 2742 1353 1350 2743 1352 1353 2744 1342 1343 2745 1346 1346 2746 1350 1352 2747 1347 1347 2748 1354 1354 2749 1345 1345 2750 1339 1339 2751 1356 1355 2752 1355 1356 2753 1345 1345 2754 1357 1357 2755 1358 1358 2756 1339 1339 2757 1355 1356 2758 1359 1359 2759 1357 1357 2760 1360 1360 2761 1358 1358 2762 1364 1361 2763 1362 1362 2764 1361 1363 2765 1362 1362 2766 1364 1361 2767 1363 1364 2768 1365 1365 2769 1366 1366 2770 1367 1367 2771 1368 1368 2772 1369 1369 2773 1349 1348 2774 1373 1370 2775 1371 1371 2776 1370 1372 2777 1371 1371 2778 1373 1370 2779 1372 1373 2780 1359 1359 2781 1371 1371 2782 1374 1374 2783 1375 1375 2784 1376 1376 2785 1360 1360 2786 1363 1364 2787 1377 1377 2788 1362 1362 2789 1377 1377 2790 1363 1364 2791 1378 1378 2792 1366 1366 2793 1379 1379 2794 1380 1380 2795 1381 1381 2796 1383 1382 2797 1382 1383 2798 1387 1384 2799 1385 1385 2800 1384 1386 2801 1385 1385 2802 1387 1384 2803 1386 1387 2804 1391 1388 2805 1388 1389 2806 1389 1390 2807 1389 1390 2808 1390 1391 2809 1391 1388 2810 1388 1389 2811 1391 1388 2812 1392 1392 2813 1396 1393 2814 1394 1394 2815 1393 1395 2816 1394 1394 2817 1396 1393 2818 1395 1396 2819 1397 1397 2820 1398 1398 2821 1399 1399 2822 1398 1398 2823 1397 1397 2824 1400 1400 2825 1400 1400 2826 1401 1401 2827 1398 1398 2828 1402 1402 2829 1393 1395 2830 1394 1394 2831 1391 1388 2832 1403 1403 2833 1392 1392 2834 1392 1392 2835 1403 1403 2836 1404 1404 2837 1404 1404 2838 1405 1405 2839 1392 1392 2840 1394 1394 2841 1395 1396 2842 1406 1406 2843 1408 1407 2844 1401 1401 2845 1400 1400 2846 1400 1400 2847 1407 1408 2848 1408 1407 2849 1409 1409 2850 1410 1410 2851 1411 1411 2852 1413 1412 2853 1394 1394 2854 1406 1406 2855 1394 1394 2856 1413 1412 2857 1412 1413 2858 1405 1405 2859 1404 1404 2860 1414 1414 2861 1414 1414 2862 1415 1415 2863 1405 1405 2864 1416 1416 2865 1418 1417 2866 1417 1418 2867 1419 1419 2868 1421 1420 2869 1420 1421 2870 1410 1410 2871 1409 1409 2872 1422 1422 2873 1422 1422 2874 1423 1423 2875 1410 1410 2876 1422 1422 2877 1409 1409 2878 1424 1424 2879 1424 1424 2880 1425 1425 2881 1422 1422 2882 1427 1426 2883 1412 1413 2884 1413 1412 2885 1412 1413 2886 1427 1426 2887 1426 1427 2888 1429 1428 2889 1423 1423 2890 1422 1422 2891 1422 1422 2892 1428 1429 2893 1429 1428 2894 1414 1414 2895 1430 1430 2896 1415 1415 2897 1433 1431 2898 1431 1432 2899 1427 1426 2900 1431 1432 2901 1433 1431 2902 1432 1433 2903 1436 1434 2904 1434 1435 2905 1415 1415 2906 1415 1415 2907 1435 1436 2908 1436 1434 2909 1426 1427 2910 1427 1426 2911 1431 1432 2912 1440 1437 2913 1438 1438 2914 1437 1439 2915 1438 1438 2916 1440 1437 2917 1439 1440 2918 1432 1433 2919 1441 1441 2920 1431 1432 2921 1441 1441 2922 1432 1433 2923 1442 1442 2924 1443 1443 2925 1445 1444 2926 1444 1445 2927 1436 1434 2928 1435 1436 2929 1446 1446 2930 1446 1446 2931 1447 1447 2932 1436 1434 2933 1448 1448 2934 1431 1432 2935 1441 1441 2936 1445 1444 2937 1449 1449 2938 1444 1445 2939 1449 1449 2940 1445 1444 2941 1450 1450 2942 1452 1451 2943 1441 1441 2944 1442 1442 2945 1441 1441 2946 1452 1451 2947 1451 1452 2948 1453 1453 2949 1444 1445 2950 1449 1449 2951 1451 1452 2952 1448 1448 2953 1441 1441 2954 1448 1448 2955 1451 1452 2956 1454 1454 2957 1458 1455 2958 1455 1456 2959 1456 1457 2960 1456 1457 2961 1457 1458 2962 1458 1455 2963 1462 1459 2964 1460 1460 2965 1459 1461 2966 1460 1460 2967 1462 1459 2968 1461 1462 2969 1463 1463 2970 1464 1464 2971 1465 1465 2972 1457 1458 2973 1466 1466 2974 1458 1455 2975 1453 1453 2976 1449 1449 2977 1467 1467 2978 1451 1452 2979 1452 1451 2980 1468 1468 2981 1463 1463 2982 1469 1469 2983 1464 1464 2984 1451 1452 2985 1470 1470 2986 1454 1454 2987 1470 1470 2988 1451 1452 2989 1471 1471 2990 1474 1472 2991 1469 1469 2992 1472 1473 2993 1472 1473 2994 1473 1474 2995 1474 1472 2996 1466 1466 2997 1475 1475 2998 1458 1455 2999 1469 1469 3000 1474 1472 3001 1464 1464 3002 1467 1467 3003 1477 1476 3004 1476 1477 3005 1478 1478 3006 1480 1479 3007 1479 1480 3008 1466 1466 3009 1481 1481 3010 1475 1475 3011 1483 1482 3012 1475 1475 3013 1481 1481 3014 1481 1481 3015 1482 1483 3016 1483 1482 3017 1484 1484 3018 1462 1459 3019 1485 1485 3020 1470 1470 3021 1487 1486 3022 1486 1487 3023 1473 1474 3024 1472 1473 3025 1488 1488 3026 1488 1488 3027 1489 1489 3028 1473 1474 3029 1490 1490 3030 1484 1484 3031 1491 1491 3032 1479 1480 3033 1493 1492 3034 1492 1493 3035 1496 1494 3036 1494 1495 3037 1486 1487 3038 1494 1495 3039 1496 1494 3040 1495 1496 3041 1491 1491 3042 1485 1485 3043 1497 1497 3044 1486 1487 3045 1498 1498 3046 1496 1494 3047 1502 1499 3048 1499 1500 3049 1500 1501 3050 1500 1501 3051 1501 1502 3052 1502 1499 3053 1490 1490 3054 1491 1491 3055 1503 1503 3056 1492 1493 3057 1493 1492 3058 1504 1504 3059 1503 1503 3060 1491 1491 3061 1505 1505 3062 1492 1493 3063 1504 1504 3064 1506 1506 3065 1508 1507 3066 1495 1496 3067 1496 1494 3068 1495 1496 3069 1508 1507 3070 1507 1508 3071 1505 1505 3072 1497 1497 3073 1509 1509 3074 1496 1494 3075 1510 1510 3076 1508 1507 3077 1505 1505 3078 1512 1511 3079 1511 1512 3080 1512 1511 3081 1505 1505 3082 1513 1513 3083 1517 1514 3084 1515 1515 3085 1514 1516 3086 1515 1515 3087 1517 1514 3088 1516 1517 3089 1501 1502 3090 1500 1501 3091 1518 1518 3092 1518 1518 3093 1519 1519 3094 1501 1502 3095 1521 1520 3096 1507 1508 3097 1508 1507 3098 1507 1508 3099 1521 1520 3100 1520 1521 3101 1513 1513 3102 1509 1509 3103 1522 1522 3104 1508 1507 3105 1523 1523 3106 1521 1520 3107 1519 1519 3108 1518 1518 3109 1524 1524 3110 1524 1524 3111 1525 1525 3112 1519 1519 3113 1526 1526 3114 1513 1513 3115 1527 1527 3116 1516 1517 3117 1529 1528 3118 1528 1529 3119 1531 1530 3120 1520 1521 3121 1521 1520 3122 1520 1521 3123 1531 1530 3124 1530 1531 3125 1527 1527 3126 1522 1522 3127 1532 1532 3128 1521 1520 3129 1533 1533 3130 1531 1530 3131 1525 1525 3132 1524 1524 3133 1534 1534 3134 1534 1534 3135 1535 1535 3136 1525 1525 3137 1532 1532 3138 1536 1536 3139 1527 1527 3140 1536 1536 3141 1532 1532 3142 1537 1537 3143 1527 1527 3144 1539 1538 3145 1538 1539 3146 1539 1538 3147 1527 1527 3148 1536 1536 3149 1542 1540 3150 1528 1529 3151 1540 1541 3152 1528 1529 3153 1542 1540 3154 1541 1542 3155 1544 1543 3156 1531 1530 3157 1533 1533 3158 1531 1530 3159 1544 1543 3160 1543 1544 3161 1543 1544 3162 1530 1531 3163 1531 1530 3164 1530 1531 3165 1543 1544 3166 1545 1545 3167 1547 1546 3168 1535 1535 3169 1534 1534 3170 1534 1534 3171 1546 1547 3172 1547 1546 3173 1549 1548 3174 1536 1536 3175 1537 1537 3176 1536 1536 3177 1549 1548 3178 1548 1549 3179 1548 1549 3180 1539 1538 3181 1536 1536 3182 1539 1538 3183 1548 1549 3184 1550 1550 3185 1542 1540 3186 1551 1551 3187 1541 1542 3188 1551 1551 3189 1542 1540 3190 1552 1552 3191 1544 1543 3192 1553 1553 3193 1543 1544 3194 1553 1553 3195 1544 1543 3196 1554 1554 3197 1543 1544 3198 1555 1555 3199 1545 1545 3200 1555 1555 3201 1543 1544 3202 1553 1553 3203 1559 1556 3204 1556 1557 3205 1557 1558 3206 1557 1558 3207 1558 1559 3208 1559 1556 3209 1546 1547 3210 1560 1560 3211 1547 1546 3212 1550 1550 3213 1548 1549 3214 1561 1561 3215 1551 1551 3216 1552 1552 3217 1562 1562 3218 1555 1555 3219 1553 1553 3220 1563 1563 3221 1561 1561 3222 1549 1548 3223 1564 1564 3224 1553 1553 3225 1566 1565 3226 1565 1566 3227 1567 1567 3228 1568 1568 3229 1569 1569 3230 1570 1570 3231 1561 1561 3232 1571 1571 3233 1572 1572 3234 1574 1573 3235 1573 1574 3236 1563 1563 3237 1565 1566 3238 1575 1575 3239 1571 1571 3240 1564 1564 3241 1576 1576 3242 1565 1566 3243 1578 1577 3244 1577 1578 3245 1579 1579 3246 1580 1580 3247 1581 1581 3248 1582 1582 3249 1571 1571 3250 1583 1583 3251 1573 1574 3252 1585 1584 3253 1584 1585 3254 1586 1586 3255 1577 1578 3256 1587 1587 3257 1583 1583 3258 1576 1576 3259 1588 1588 3260 1577 1578 3261 1590 1589 3262 1589 1590 3263 1557 1558 3264 1556 1557 3265 1580 1580 3266 1580 1580 3267 1556 1557 3268 1591 1591 3269 1589 1590 3270 1593 1592 3271 1592 1593 3272 1593 1592 3273 1589 1590 3274 1594 1594 3275 1595 1595 3276 1583 1583 3277 1596 1596 3278 1584 1585 3279 1598 1597 3280 1597 1598 3281 1601 1599 3282 1596 1596 3283 1599 1600 3284 1596 1596 3285 1601 1599 3286 1600 1601 3287 1596 1596 3288 1583 1583 3289 1599 1600 3290 1584 1585 3291 1597 1598 3292 1602 1602 3293 1558 1559 3294 1603 1603 3295 1559 1556 3296 1604 1604 3297 1606 1605 3298 1605 1606 3299 1599 1600 3300 1607 1607 3301 1601 1599 3302 1597 1598 3303 1608 1608 3304 1602 1602 3305 1608 1608 3306 1597 1598 3307 1609 1609 3308 1613 1610 3309 1611 1611 3310 1610 1612 3311 1611 1611 3312 1613 1610 3313 1612 1613 3314 1614 1614 3315 1616 1615 3316 1615 1616 3317 1617 1617 3318 1618 1618 3319 1619 1619 3320 1620 1620 3321 1621 1621 3322 1622 1622 3323 1626 1623 3324 1624 1624 3325 1623 1625 3326 1624 1624 3327 1626 1623 3328 1625 1626 3329 1627 1627 3330 1607 1607 3331 1628 1628 3332 1614 1614 3333 1630 1629 3334 1629 1630 3335 1633 1631 3336 1628 1628 3337 1631 1632 3338 1628 1628 3339 1633 1631 3340 1632 1633 3341 1617 1617 3342 1634 1634 3343 1618 1618 3344 1621 1621 3345 1635 1635 3346 1622 1622 3347 1632 1633 3348 1627 1627 3349 1628 1628 3350 1627 1627 3351 1632 1633 3352 1636 1636 3353 1638 1637 3354 1618 1618 3355 1634 1634 3356 1634 1634 3357 1637 1638 3358 1638 1637 3359 1641 1639 3360 1639 1640 3361 1630 1629 3362 1639 1640 3363 1641 1639 3364 1640 1641 3365 1630 1629 3366 1642 1642 3367 1629 1630 3368 1642 1642 3369 1630 1629 3370 1639 1640 3371 1626 1623 3372 1643 1643 3373 1625 1626 3374 1643 1643 3375 1626 1623 3376 1644 1644 3377 1648 1645 3378 1646 1646 3379 1645 1647 3380 1646 1646 3381 1648 1645 3382 1647 1648 3383 1636 1636 3384 1632 1633 3385 1649 1649 3386 1642 1642 3387 1639 1640 3388 1650 1650 3389 1637 1638 3390 1651 1651 3391 1638 1637 3392 1652 1652 3393 1653 1653 3394 1654 1654 3395 1636 1636 3396 1649 1649 3397 1646 1646 3398 1650 1650 3399 1639 1640 3400 1655 1655 3401 1651 1651 3402 1656 1656 3403 1657 1657 3404 1658 1658 3405 1659 1659 3406 1653 1653 3407 1646 1646 3408 1649 1649 3409 1645 1647 3410 1650 1650 3411 1655 1655 3412 1660 1660 3413 1661 1661 3414 1646 1646 3415 1662 1662 3416 1658 1658 3417 1663 1663 3418 1659 1659 3419 1664 1664 3420 1666 1665 3421 1665 1666 3422 1655 1655 3423 1667 1667 3424 1660 1660 3425 1667 1667 3426 1655 1655 3427 1668 1668 3428 1672 1669 3429 1670 1670 3430 1669 1671 3431 1670 1670 3432 1672 1669 3433 1671 1672 3434 1673 1673 3435 1660 1660 3436 1667 1667 3437 1665 1666 3438 1666 1665 3439 1674 1674 3440 1662 1662 3441 1647 1648 3442 1675 1675 3443 1676 1676 3444 1677 1677 3445 1663 1663 3446 1673 1673 3447 1667 1667 3448 1678 1678 3449 1675 1675 3450 1648 1645 3451 1679 1679 3452 1667 1667 3453 1681 1680 3454 1680 1681 3455 1682 1682 3456 1674 1674 3457 1683 1683 3458 1678 1678 3459 1680 1681 3460 1684 1684 3461 1685 1685 3462 1675 1675 3463 1686 1686 3464 1687 1687 3465 1689 1688 3466 1688 1689 3467 1690 1690 3468 1691 1691 3469 1692 1692 3470 1684 1684 3471 1680 1681 3472 1693 1693 3473 1690 1690 3474 1694 1694 3475 1691 1691 3476 1693 1693 3477 1680 1681 3478 1695 1695 3479 1685 1685 3480 1686 1686 3481 1696 1696 3482 1688 1689 3483 1689 1688 3484 1697 1697 3485 1688 1689 3486 1697 1697 3487 1698 1698 3488 1695 1695 3489 1700 1699 3490 1699 1700 3491 1686 1686 3492 1702 1701 3493 1701 1702 3494 1695 1695 3495 1699 1700 3496 1703 1703 3497 1696 1696 3498 1686 1686 3499 1704 1704 3500 1705 1705 3501 1706 1706 3502 1707 1707 3503 1707 1707 3504 1706 1706 3505 1708 1708 3506 1704 1704 3507 1701 1702 3508 1709 1709 3509 1712 1710 3510 1710 1711 3511 1698 1698 3512 1710 1711 3513 1712 1710 3514 1711 1712 3515 1716 1713 3516 1714 1714 3517 1713 1715 3518 1714 1714 3519 1716 1713 3520 1715 1716 3521 1703 1703 3522 1699 1700 3523 1717 1717 3524 1705 1705 3525 1718 1718 3526 1706 1706 3527 1719 1719 3528 1720 1720 3529 1721 1721 3530 1709 1709 3531 1701 1702 3532 1722 1722 3533 1703 1703 3534 1717 1717 3535 1723 1723 3536 1722 1722 3537 1724 1724 3538 1714 1714 3539 1671 1672 3540 1672 1669 3541 1725 1725 3542 1717 1717 3543 1727 1726 3544 1726 1727 3545 1728 1728 3546 1729 1729 3547 1730 1730 3548 1725 1725 3549 1672 1669 3550 1731 1731 3551 1717 1717 3552 1726 1727 3553 1732 1732 3554 1714 1714 3555 1724 1724 3556 1713 1715 3557 1728 1728 3558 1733 1733 3559 1729 1729 3560 1715 1716 3561 1734 1734 3562 1714 1714 3563 1734 1734 3564 1715 1716 3565 1735 1735 3566 1737 1736 3567 1725 1725 3568 1731 1731 3569 1725 1725 3570 1737 1736 3571 1736 1737 3572 1726 1727 3573 1738 1738 3574 1732 1732 3575 1738 1738 3576 1726 1727 3577 1739 1739 3578 1732 1732 3579 1741 1740 3580 1740 1741 3581 1741 1740 3582 1732 1732 3583 1738 1738 3584 1729 1729 3585 1733 1733 3586 1742 1742 3587 1742 1742 3588 1743 1743 3589 1729 1729 3590 1747 1744 3591 1744 1745 3592 1745 1746 3593 1745 1746 3594 1746 1747 3595 1747 1744 3596 1748 1748 3597 1749 1749 3598 1750 1750 3599 1738 1738 3600 1739 1739 3601 1751 1751 3602 1715 1716 3603 1716 1713 3604 1752 1752 3605 1753 1753 3606 1755 1754 3607 1754 1755 3608 1735 1735 3609 1752 1752 3610 1756 1756 3611 1757 1757 3612 1738 1738 3613 1758 1758 3614 1752 1752 3615 1760 1759 3616 1759 1760 3617 1761 1761 3618 1754 1755 3619 1762 1762 3620 1756 1756 3621 1752 1752 3622 1763 1763 3623 1757 1757 3624 1758 1758 3625 1764 1764 3626 1765 1765 3627 1767 1766 3628 1766 1767 3629 1768 1768 3630 1769 1769 3631 1770 1770 3632 1771 1771 3633 1772 1772 3634 1773 1773 3635 1774 1774 3636 1775 1775 3637 1776 1776 3638 1777 1777 3639 1778 1778 3640 1772 1772 3641 1779 1779 3642 1780 1780 3643 1768 1768 3644 1778 1778 3645 1781 1781 3646 1772 1772 3647 1779 1779 3648 1782 1782 3649 1780 1780 3650 1783 1783 3651 1785 1784 3652 1784 1785 3653 1780 1780 3654 1786 1786 3655 1787 1787 3656 1781 1781 3657 1788 1788 3658 1789 1789 3659 1790 1790 3660 1792 1791 3661 1791 1792 3662 1793 1793 3663 1794 1794 3664 1781 1781 3665 1782 1782 3666 1795 1795 3667 1786 1786 3668 1794 1794 3669 1796 1796 3670 1781 1781 3671 1782 1782 3672 1797 1797 3673 1795 1795 3674 1796 1796 3675 1798 1798 3676 1788 1788 3677 1791 1792 3678 1800 1799 3679 1799 1800 3680 1794 1794 3681 1801 1801 3682 1796 1796 3683 1805 1802 3684 1802 1803 3685 1803 1804 3686 1803 1804 3687 1804 1805 3688 1805 1802 3689 1809 1806 3690 1806 1807 3691 1807 1808 3692 1807 1808 3693 1808 1809 3694 1809 1806 3695 1797 1797 3696 1810 1810 3697 1795 1795 3698 1800 1799 3699 1811 1811 3700 1799 1800 3701 1811 1811 3702 1800 1799 3703 1812 1812 3704 1814 1813 3705 1809 1806 3706 1808 1809 3707 1808 1809 3708 1813 1814 3709 1814 1813 3710 1818 1815 3711 1815 1816 3712 1816 1817 3713 1816 1817 3714 1817 1818 3715 1818 1815 3716 1819 1819 3717 1820 1820 3718 1821 1821 3719 1803 1804 3720 1822 1822 3721 1804 1805 3722 1826 1823 3723 1823 1824 3724 1824 1825 3725 1824 1825 3726 1825 1826 3727 1826 1823 3728 1813 1814 3729 1827 1827 3730 1814 1813 3731 1828 1828 3732 1829 1829 3733 1830 1830 3734 1803 1804 3735 1831 1831 3736 1822 1822 3737 1816 1817 3738 1832 1832 3739 1817 1818 3740 1823 1824 3741 1833 1833 3742 1834 1834 3743 1817 1818 3744 1835 1835 3745 1836 1836 3746 1837 1837 3747 1838 1838 3748 1827 1827 3749 1832 1832 3750 1839 1839 3751 1835 1835 3752 1823 1824 3753 1826 1823 3754 1833 1833 3755 1843 1840 3756 1841 1841 3757 1840 1842 3758 1841 1841 3759 1843 1840 3760 1842 1843 3761 1847 1844 3762 1844 1845 3763 1845 1846 3764 1845 1846 3765 1846 1847 3766 1847 1844 3767 1835 1835 3768 1848 1848 3769 1836 1836 3770 1826 1823 3771 1849 1849 3772 1833 1833 3773 1835 1835 3774 1850 1850 3775 1848 1848 3776 1851 1851 3777 1852 1852 3778 1853 1853 3779 1825 1826 3780 1854 1854 3781 1826 1823 3782 1841 1841 3783 1842 1843 3784 1855 1855 3785 1856 1856 3786 1857 1857 3787 1850 1850 3788 1826 1823 3789 1858 1858 3790 1859 1859 3791 1857 1857 3792 1860 1860 3793 1848 1848 3794 1852 1852 3795 1844 1845 3796 1861 1861 3797 1862 1862 3798 1863 1863 3799 1858 1858 3800 1864 1864 3801 1866 1865 3802 1865 1866 3803 1861 1861 3804 1844 1845 3805 1867 1867 3806 1863 1863 3807 1868 1868 3808 1859 1859 3809 1857 1857 3810 1869 1869 3811 1870 1870 3812 1871 1871 3813 1873 1872 3814 1872 1873 3815 1865 1866 3816 1866 1865 3817 1874 1874 3818 1878 1875 3819 1875 1876 3820 1876 1877 3821 1876 1877 3822 1877 1878 3823 1878 1875 3824 1880 1879 3825 1847 1844 3826 1846 1847 3827 1846 1847 3828 1879 1880 3829 1880 1879 3830 1863 1863 3831 1881 1881 3832 1882 1882 3833 1883 1883 3834 1884 1884 3835 1870 1870 3836 1877 1878 3837 1876 1877 3838 1885 1885 3839 1885 1885 3840 1886 1886 3841 1877 1878 3842 1874 1874 3843 1888 1887 3844 1887 1888 3845 1888 1887 3846 1874 1874 3847 1889 1889 3848 1891 1890 3849 4 4 3850 1890 1891 3851 4 4 3852 1891 1890 3853 6 5 3854 1872 1873 3855 1893 1892 3856 1892 1893 3857 1897 1894 3858 1894 1895 3859 1895 1896 3860 1895 1896 3861 1896 1897 3862 1897 1894 3863 1898 1898 3864 1899 1899 3865 1884 1884 3866 1886 1886 3867 1885 1885 3868 1900 1900 3869 1900 1900 3870 1901 1901 3871 1886 1886 3872 1892 1893 3873 1893 1892 3874 1902 1902 3875 1899 1899 3876 1903 1903 3877 1904 1904 3878 1908 1905 3879 1906 1906 3880 1905 1907 3881 1906 1906 3882 1908 1905 3883 1907 1908 3884 1881 1881 3885 1909 1909 3886 1896 1897 3887 1910 1910 3888 1911 1911 3889 1899 1899 3890 1902 1902 3891 1913 1912 3892 1912 1913 3893 1911 1911 3894 1914 1914 3895 1903 1903 3896 1916 1915 3897 1912 1913 3898 1913 1912 3899 1912 1913 3900 1916 1915 3901 1915 1916 3902 1920 1917 3903 1918 1918 3904 1917 1919 3905 1918 1918 3906 1920 1917 3907 1919 1920 3908 1924 1921 3909 1922 1922 3910 1921 1923 3911 1922 1922 3912 1924 1921 3913 1923 1924 3914 1907 1908 3915 1908 1905 3916 1925 1925 3917 1926 1926 3918 1927 1927 3919 1928 1928 3920 1929 1929 3921 1931 1930 3922 1930 1931 3923 1932 1932 3924 1934 1933 3925 1933 1934 3926 1935 1935 3927 1936 1936 3928 1937 1937 3929 1932 1932 3930 1933 1934 3931 1924 1921 3932 1936 1936 3933 1938 1938 3934 1937 1937 3935 1939 1939 3936 1941 1940 3937 1940 1941 3938 1942 1942 3939 1924 1921 3940 1921 1923 3941 1943 1943 3942 1944 1944 3943 1945 1945 3944 1946 1946 3945 1947 1947 3946 1936 1936 3947 1949 1948 3948 1944 1944 3949 1943 1943 3950 1943 1943 3951 1948 1949 3952 1949 1948 3953 1941 1940 3954 1950 1950 3955 1940 1941 3956 1950 1950 3957 1941 1940 3958 1951 1951 3959 1953 1952 3960 1947 1947 3961 1946 1946 3962 1946 1946 3963 1952 1953 3964 1953 1952 3965 1923 1924 3966 1955 1954 3967 1954 1955 3968 1947 1947 3969 1953 1952 3970 1956 1956 3971 1923 1924 3972 1957 1957 3973 1922 1922 3974 1957 1957 3975 1923 1924 3976 1958 1958 3977 1960 1959 3978 1949 1948 3979 1948 1949 3980 1948 1949 3981 1959 1960 3982 1960 1959 3983 1951 1951 3984 1961 1961 3985 1950 1950 3986 1961 1961 3987 1951 1951 3988 1962 1962 3989 1964 1963 3990 1953 1952 3991 1952 1953 3992 1952 1953 3993 1963 1964 3994 1964 1963 3995 1958 1958 3996 1954 1955 3997 1965 1965 3998 1953 1952 3999 1964 1963 4000 1966 1966 4001 1970 1967 4002 1967 1968 4003 1968 1969 4004 1968 1969 4005 1969 1970 4006 1970 1967 4007 1958 1958 4008 1965 1965 4009 1971 1971 4010 1964 1963 4011 1972 1972 4012 1966 1966 4013 1974 1973 4014 1964 1963 4015 1963 1964 4016 1963 1964 4017 1973 1974 4018 1974 1973 4019 1971 1971 4020 1965 1965 4021 1975 1975 4022 1964 1963 4023 1974 1973 4024 1972 1972 4025 1969 1970 4026 1968 1969 4027 1976 1976 4028 1976 1976 4029 1977 1977 4030 1969 1970 4031 1971 1971 4032 1975 1975 4033 1978 1978 4034 1974 1973 4035 1979 1979 4036 1972 1972 4037 1981 1980 4038 1974 1973 4039 1973 1974 4040 1973 1974 4041 1980 1981 4042 1981 1980 4043 1978 1978 4044 1975 1975 4045 1982 1982 4046 1974 1973 4047 1981 1980 4048 1979 1979 4049 1986 1983 4050 1984 1984 4051 1983 1985 4052 1984 1984 4053 1986 1983 4054 1985 1986 4055 1976 1976 4056 1987 1987 4057 1977 1977 4058 1988 1988 4059 1978 1978 4060 1989 1989 4061 1990 1990 4062 1992 1991 4063 1991 1992 4064 1993 1993 4065 1994 1994 4066 1995 1995 4067 1978 1978 4068 1997 1996 4069 1996 1997 4070 1998 1998 4071 1999 1999 4072 1979 1979 4073 1987 1987 4074 2000 2000 4075 2001 2001 4076 2002 2002 4077 2004 2003 4078 2003 2004 4079 2005 2005 4080 1991 1992 4081 2006 2006 4082 2007 2007 4083 2008 2008 4084 2009 2009 4085 2000 2000 4086 2010 2010 4087 2001 2001 4088 2007 2007 4089 2011 2011 4090 2008 2008 4091 2003 2004 4092 2004 2003 4093 1983 1985 4094 1999 1999 4095 2012 2012 4096 2013 2013 4097 1983 1985 4098 2004 2003 4099 1986 1983 4100 1999 1999 4101 2014 2014 4102 2012 2012 4103 2015 2015 4104 2017 2016 4105 2016 2017 4106 2018 2018 4107 2019 2019 4108 2008 2008 4109 2016 2017 4110 2017 2016 4111 2020 2020 4112 2018 2018 4113 2021 2021 4114 2019 2019 4115 2023 2022 4116 2012 2012 4117 2014 2014 4118 2014 2014 4119 2022 2023 4120 2023 2022 4121 2025 2024 4122 2019 2019 4123 2021 2021 4124 2021 2021 4125 2024 2025 4126 2025 2024 4127 2016 2017 4128 2020 2020 4129 2026 2026 4130 2027 2027 4131 2028 2028 4132 2022 2023 4133 2032 2029 4134 2029 2030 4135 2030 2031 4136 2030 2031 4137 2031 2032 4138 2032 2029 4139 2033 2033 4140 2016 2017 4141 2034 2034 4142 2033 2033 4143 2034 2034 4144 2035 2035 4145 2023 2022 4146 2022 2023 4147 2036 2036 4148 2036 2036 4149 2037 2037 4150 2023 2022 4151 2034 2034 4152 2038 2038 4153 2035 2035 4154 2038 2038 4155 2034 2034 4156 2039 2039 4157 2028 2028 4158 2036 2036 4159 2022 2023 4160 2040 2040 4161 2042 2041 4162 2041 2042 4163 2034 2034 4164 2044 2043 4165 2043 2044 4166 2040 2040 4167 2041 2042 4168 2045 2045 4169 2032 2029 4170 2031 2032 4171 2046 2046 4172 2046 2046 4173 2047 2047 4174 2032 2029 4175 2049 2048 4176 2037 2037 4177 2036 2036 4178 2036 2036 4179 2048 2049 4180 2049 2048 4181 2051 2050 4182 2038 2038 4183 2039 2039 4184 2038 2038 4185 2051 2050 4186 2050 2051 4187 2052 2052 4188 2045 2045 4189 2053 2053 4190 2045 2045 4191 2041 2042 4192 2053 2053 4193 2054 2054 4194 2055 2055 4195 2048 2049 4196 2056 2056 4197 2058 2057 4198 2057 2058 4199 2055 2055 4200 2059 2059 4201 2060 2060 4202 2060 2060 4203 2061 2061 4204 2055 2055 4205 2055 2055 4206 2062 2062 4207 2048 2049 4208 2046 2046 4209 2063 2063 4210 2064 2064 4211 2065 2065 4212 2066 2066 4213 2067 2067 4214 2069 2068 4215 2050 2051 4216 2051 2050 4217 2050 2051 4218 2069 2068 4219 2068 2069 4220 2057 2058 4221 2071 2070 4222 2070 2071 4223 2061 2061 4224 2060 2060 4225 2072 2072 4226 2072 2072 4227 2073 2073 4228 2061 2061 4229 2061 2061 4230 2074 2074 4231 2062 2062 4232 2075 2075 4233 2068 2069 4234 2076 2076 4235 2077 2077 4236 2078 2078 4237 2066 2066 4238 2082 2079 4239 2080 2080 4240 2079 2081 4241 2080 2080 4242 2082 2079 4243 2081 2082 4244 2086 2083 4245 2083 2084 4246 2084 2085 4247 2084 2085 4248 2085 2086 4249 2086 2083 4250 2083 2084 4251 2086 2083 4252 2087 2087 4253 2091 2088 4254 2088 2089 4255 2089 2090 4256 2089 2090 4257 2090 2091 4258 2091 2088 4259 2092 2092 4260 2093 2093 4261 2094 2094 4262 2093 2093 4263 2092 2092 4264 2095 2095 4265 2095 2095 4266 2096 2096 4267 2093 2093 4268 2097 2097 4269 2089 2090 4270 2088 2089 4271 2086 2083 4272 2098 2098 4273 2087 2087 4274 2087 2087 4275 2098 2098 4276 2099 2099 4277 2099 2099 4278 2100 2100 4279 2087 2087 4280 2089 2090 4281 2101 2101 4282 2090 2091 4283 2103 2102 4284 2096 2096 4285 2095 2095 4286 2095 2095 4287 2102 2103 4288 2103 2102 4289 2104 2104 4290 2105 2105 4291 2106 2106 4292 2108 2107 4293 2101 2101 4294 2089 2090 4295 2089 2090 4296 2107 2108 4297 2108 2107 4298 2100 2100 4299 2099 2099 4300 2109 2109 4301 2109 2109 4302 2110 2110 4303 2100 2100 4304 2100 2100 4305 2111 2111 4306 2112 2112 4307 2113 2113 4308 2115 2114 4309 2114 2115 4310 2105 2105 4311 2104 2104 4312 2116 2116 4313 2116 2116 4314 2117 2117 4315 2105 2105 4316 2120 2118 4317 2118 2119 4318 2108 2107 4319 2108 2107 4320 2119 2120 4321 2120 2118 4322 2119 2120 4323 2108 2107 4324 2107 2108 4325 2107 2108 4326 2121 2121 4327 2119 2120 4328 2123 2122 4329 2117 2117 4330 2116 2116 4331 2116 2116 4332 2122 2123 4333 2123 2122 4334 2109 2109 4335 2124 2124 4336 2110 2110 4337 2120 2118 4338 2119 2120 4339 2125 2125 4340 2125 2125 4341 2126 2126 4342 2120 2118 4343 2129 2127 4344 2127 2128 4345 2110 2110 4346 2110 2110 4347 2128 2129 4348 2129 2127 4349 2121 2121 4350 2125 2125 4351 2119 2120 4352 2133 2130 4353 2131 2131 4354 2130 2132 4355 2131 2131 4356 2133 2130 4357 2132 2133 4358 2126 2126 4359 2125 2125 4360 2134 2134 4361 2134 2134 4362 2135 2135 4363 2126 2126 4364 2136 2136 4365 2138 2137 4366 2137 2138 4367 2142 2139 4368 2139 2140 4369 2140 2141 4370 2140 2141 4371 2141 2142 4372 2142 2139 4373 2143 2143 4374 2134 2134 4375 2125 2125 4376 2138 2137 4377 2144 2144 4378 2137 2138 4379 2144 2144 4380 2138 2137 4381 2145 2145 4382 2147 2146 4383 2135 2135 4384 2134 2134 4385 2134 2134 4386 2146 2147 4387 2147 2146 4388 2148 2148 4389 2137 2138 4390 2144 2144 4391 2146 2147 4392 2134 2134 4393 2143 2143 4394 2143 2143 4395 2149 2149 4396 2146 2147 4397 2151 2150 4398 2150 2151 4399 2142 2139 4400 2142 2139 4401 2141 2142 4402 2151 2150 4403 2155 2152 4404 2153 2153 4405 2152 2154 4406 2153 2153 4407 2155 2152 4408 2154 2155 4409 2156 2156 4410 2157 2157 4411 2158 2158 4412 2141 2142 4413 2159 2159 4414 2151 2150 4415 2148 2148 4416 2144 2144 4417 2160 2160 4418 2161 2161 4419 2163 2162 4420 2162 2163 4421 2156 2156 4422 2164 2164 4423 2157 2157 4424 2146 2147 4425 2149 2149 4426 2165 2165 4427 2165 2165 4428 2166 2166 4429 2146 2147 4430 2169 2167 4431 2164 2164 4432 2167 2168 4433 2167 2168 4434 2168 2169 4435 2169 2167 4436 2159 2159 4437 2170 2170 4438 2151 2150 4439 2164 2164 4440 2169 2167 4441 2157 2157 4442 2160 2160 4443 2172 2171 4444 2171 2172 4445 2173 2173 4446 2162 2163 4447 2174 2174 4448 2159 2159 4449 2175 2175 4450 2170 2170 4451 2177 2176 4452 2170 2170 4453 2175 2175 4454 2175 2175 4455 2176 2177 4456 2177 2176 4457 2178 2178 4458 2155 2152 4459 2179 2179 4460 2165 2165 4461 2180 2180 4462 2181 2181 4463 2168 2169 4464 2167 2168 4465 2182 2182 4466 2182 2182 4467 2183 2183 4468 2168 2169 4469 2184 2184 4470 2178 2178 4471 2185 2185 4472 2174 2174 4473 2187 2186 4474 2186 2187 4475 2190 2188 4476 2180 2180 4477 2188 2189 4478 2188 2189 4479 2189 2190 4480 2190 2188 4481 2185 2185 4482 2179 2179 4483 2191 2191 4484 2180 2180 4485 2190 2188 4486 2192 2192 4487 2196 2193 4488 2193 2194 4489 2194 2195 4490 2194 2195 4491 2195 2196 4492 2196 2193 4493 2184 2184 4494 2185 2185 4495 2197 2197 4496 2186 2187 4497 2187 2186 4498 2198 2198 4499 2197 2197 4500 2185 2185 4501 2199 2199 4502 2186 2187 4503 2198 2198 4504 2200 2200 4505 2202 2201 4506 2190 2188 4507 2189 2190 4508 2189 2190 4509 2201 2202 4510 2202 2201 4511 2199 2199 4512 2191 2191 4513 2203 2203 4514 2190 2188 4515 2202 2201 4516 2204 2204 4517 2199 2199 4518 2206 2205 4519 2205 2206 4520 2206 2205 4521 2199 2199 4522 2207 2207 4523 2211 2208 4524 2208 2209 4525 2209 2210 4526 2209 2210 4527 2210 2211 4528 2211 2208 4529 2195 2196 4530 2194 2195 4531 2212 2212 4532 2212 2212 4533 2213 2213 4534 2195 2196 4535 2215 2214 4536 2202 2201 4537 2201 2202 4538 2201 2202 4539 2214 2215 4540 2215 2214 4541 2207 2207 4542 2203 2203 4543 2216 2216 4544 2202 2201 4545 2215 2214 4546 2217 2217 4547 2213 2213 4548 2212 2212 4549 2218 2218 4550 2218 2218 4551 2219 2219 4552 2213 2213 4553 2220 2220 4554 2207 2207 4555 2221 2221 4556 2210 2211 4557 2222 2222 4558 2223 2223 4559 2225 2224 4560 2215 2214 4561 2214 2215 4562 2214 2215 4563 2224 2225 4564 2225 2224 4565 2221 2221 4566 2216 2216 4567 2226 2226 4568 2215 2214 4569 2225 2224 4570 2227 2227 4571 2219 2219 4572 2218 2218 4573 2228 2228 4574 2228 2228 4575 2229 2229 4576 2219 2219 4577 2226 2226 4578 2230 2230 4579 2221 2221 4580 2230 2230 4581 2226 2226 4582 2231 2231 4583 2233 2232 4584 2227 2227 4585 2225 2224 4586 2225 2224 4587 2232 2233 4588 2233 2232 4589 2234 2234 4590 2221 2221 4591 2230 2230 4592 2222 2222 4593 2235 2235 4594 2236 2236 4595 2232 2233 4596 2225 2224 4597 2224 2225 4598 2224 2225 4599 2237 2237 4600 2232 2233 4601 2239 2238 4602 2229 2229 4603 2228 2228 4604 2228 2228 4605 2238 2239 4606 2239 2238 4607 2241 2240 4608 2230 2230 4609 2231 2231 4610 2230 2230 4611 2241 2240 4612 2240 2241 4613 2240 2241 4614 2242 2242 4615 2230 2230 4616 2242 2242 4617 2240 2241 4618 2243 2243 4619 2246 2244 4620 2235 2235 4621 2244 2245 4622 2244 2245 4623 2245 2246 4624 2246 2244 4625 2233 2232 4626 2232 2233 4627 2247 2247 4628 2247 2247 4629 2248 2248 4630 2233 2232 4631 2232 2233 4632 2237 2237 4633 2249 2249 4634 2249 2249 4635 2247 2247 4636 2232 2233 4637 2253 2250 4638 2250 2251 4639 2251 2252 4640 2251 2252 4641 2252 2253 4642 2253 2250 4643 2238 2239 4644 2254 2254 4645 2239 2238 4646 2243 2243 4647 2240 2241 4648 2255 2255 4649 2244 2245 4650 2256 2256 4651 2245 2246 4652 2249 2249 4653 2257 2257 4654 2247 2247 4655 2255 2255 4656 2241 2240 4657 2258 2258 4658 2247 2247 4659 2259 2259 4660 2260 2260 4661 2261 2261 4662 2262 2262 4663 2263 2263 4664 2264 2264 4665 2255 2255 4666 2265 2265 4667 2266 2266 4668 2268 2267 4669 2267 2268 4670 2257 2257 4671 2269 2269 4672 2259 2259 4673 2265 2265 4674 2258 2258 4675 2270 2270 4676 2259 2259 4677 2271 2271 4678 2272 2272 4679 2273 2273 4680 2274 2274 4681 2275 2275 4682 2276 2276 4683 2265 2265 4684 2277 2277 4685 2267 2268 4686 2279 2278 4687 2278 2279 4688 2280 2280 4689 2281 2281 4690 2271 2271 4691 2277 2277 4692 2270 2270 4693 2282 2282 4694 2271 2271 4695 2283 2283 4696 2284 2284 4697 2251 2252 4698 2250 2251 4699 2274 2274 4700 2281 2281 4701 2285 2285 4702 2283 2283 4703 2283 2283 4704 2285 2285 4705 2286 2286 4706 2286 2286 4707 2287 2287 4708 2283 2283 4709 2288 2288 4710 2277 2277 4711 2289 2289 4712 2278 2279 4713 2291 2290 4714 2290 2291 4715 2294 2292 4716 2289 2289 4717 2292 2293 4718 2289 2289 4719 2294 2292 4720 2293 2294 4721 2289 2289 4722 2277 2277 4723 2292 2293 4724 2278 2279 4725 2290 2291 4726 2295 2295 4727 2252 2253 4728 2296 2296 4729 2253 2250 4730 2286 2286 4731 2297 2297 4732 2287 2287 4733 2292 2293 4734 2298 2298 4735 2294 2292 4736 2290 2291 4737 2299 2299 4738 2295 2295 4739 2299 2299 4740 2290 2291 4741 2300 2300 4742 2304 2301 4743 2302 2302 4744 2301 2303 4745 2302 2302 4746 2304 2301 4747 2303 2304 4748 2297 2297 4749 2305 2305 4750 2306 2306 4751 2307 2307 4752 2308 2308 4753 2309 2309 4754 2310 2310 4755 2311 2311 4756 2312 2312 4757 2316 2313 4758 2314 2314 4759 2313 2315 4760 2314 2314 4761 2316 2313 4762 2315 2316 4763 2317 2317 4764 2298 2298 4765 2318 2318 4766 2297 2297 4767 2319 2319 4768 2320 2320 4769 2323 2321 4770 2318 2318 4771 2321 2322 4772 2318 2318 4773 2323 2321 4774 2322 2323 4775 2307 2307 4776 2324 2324 4777 2308 2308 4778 2311 2311 4779 2325 2325 4780 2312 2312 4781 2322 2323 4782 2317 2317 4783 2318 2318 4784 2317 2317 4785 2322 2323 4786 2326 2326 4787 2328 2327 4788 2308 2308 4789 2324 2324 4790 2324 2324 4791 2327 2328 4792 2328 2327 4793 2331 2329 4794 2320 2320 4795 2329 2330 4796 2329 2330 4797 2330 2331 4798 2331 2329 4799 2320 2320 4800 2319 2319 4801 2332 2332 4802 2332 2332 4803 2329 2330 4804 2320 2320 4805 2316 2313 4806 2333 2333 4807 2315 2316 4808 2333 2333 4809 2316 2313 4810 2334 2334 4811 2338 2335 4812 2336 2336 4813 2335 2337 4814 2336 2336 4815 2338 2335 4816 2337 2338 4817 2326 2326 4818 2322 2323 4819 2339 2339 4820 2332 2332 4821 2340 2340 4822 2329 2330 4823 2327 2328 4824 2341 2341 4825 2328 2327 4826 2342 2342 4827 2343 2343 4828 2344 2344 4829 2326 2326 4830 2339 2339 4831 2336 2336 4832 2340 2340 4833 2345 2345 4834 2329 2330 4835 2341 2341 4836 2346 2346 4837 2347 2347 4838 2348 2348 4839 2349 2349 4840 2343 2343 4841 2336 2336 4842 2339 2339 4843 2335 2337 4844 2340 2340 4845 2350 2350 4846 2345 2345 4847 2346 2346 4848 2351 2351 4849 2347 2347 4850 2348 2348 4851 2352 2352 4852 2349 2349 4853 2353 2353 4854 2355 2354 4855 2354 2355 4856 2345 2345 4857 2350 2350 4858 2356 2356 4859 2356 2356 4860 2357 2357 4861 2345 2345 4862 2361 2358 4863 2359 2359 4864 2358 2360 4865 2359 2359 4866 2361 2358 4867 2360 2361 4868 2362 2362 4869 2356 2356 4870 2350 2350 4871 2354 2355 4872 2355 2354 4873 2363 2363 4874 2364 2364 4875 2365 2365 4876 2366 2366 4877 2367 2367 4878 2368 2368 4879 2352 2352 4880 2362 2362 4881 2369 2369 4882 2356 2356 4883 2370 2370 4884 2338 2335 4885 2371 2371 4886 2356 2356 4887 2372 2372 4888 2373 2373 4889 2374 2374 4890 2363 2363 4891 2375 2375 4892 2369 2369 4893 2376 2376 4894 2372 2372 4895 2377 2377 4896 2370 2370 4897 2378 2378 4898 2379 2379 4899 2381 2380 4900 2380 2381 4901 2382 2382 4902 2383 2383 4903 2384 2384 4904 2376 2376 4905 2385 2385 4906 2372 2372 4907 2382 2382 4908 2386 2386 4909 2383 2383 4910 2385 2385 4911 2387 2387 4912 2372 2372 4913 2377 2377 4914 2378 2378 4915 2388 2388 4916 2380 2381 4917 2381 2380 4918 2389 2389 4919 2380 2381 4920 2389 2389 4921 2390 2390 4922 2387 2387 4923 2391 2391 4924 2392 2392 4925 2378 2378 4926 2394 2393 4927 2393 2394 4928 2387 2387 4929 2395 2395 4930 2391 2391 4931 2388 2388 4932 2378 2378 4933 2358 2360 4934 2396 2396 4935 2397 2397 4936 2398 2398 4937 2398 2398 4938 2397 2397 4939 2399 2399 4940 2358 2360 4941 2393 2394 4942 2361 2358 4943 2403 2400 4944 2401 2401 4945 2400 2402 4946 2401 2401 4947 2403 2400 4948 2402 2403 4949 2390 2390 4950 2405 2404 4951 2404 2405 4952 2396 2396 4953 2406 2406 4954 2397 2397 4955 2390 2390 4956 2404 2405 4957 2407 2407 4958 2408 2408 4959 2409 2409 4960 2410 2410 4961 2361 2358 4962 2393 2394 4963 2411 2411 4964 2395 2395 4965 2412 2412 4966 2413 2413 4967 2411 2411 4968 2414 2414 4969 2401 2401 4970 2415 2415 4971 2417 2416 4972 2416 2417 4973 2413 2413 4974 2418 2418 4975 2419 2419 4976 2420 2420 4977 2421 2421 4978 2422 2422 4979 2416 2417 4980 2417 2416 4981 2423 2423 4982 2413 2413 4983 2424 2424 4984 2418 2418 4985 2425 2425 4986 2426 2426 4987 2420 2420 4988 2420 2420 4989 2426 2426 4990 2421 2421 4991 2402 2403 4992 2427 2427 4993 2401 2401 4994 2427 2427 4995 2402 2403 4996 2428 2428 4997 2430 2429 4998 2416 2417 4999 2423 2423 5000 2416 2417 5001 2430 2429 5002 2429 2430 5003 2418 2418 5004 2424 2424 5005 2431 2431 5006 2431 2431 5007 2432 2432 5008 2418 2418 5009 2424 2424 5010 2433 2433 5011 2434 2434 5012 2434 2434 5013 2431 2431 5014 2424 2424 5015 2421 2421 5016 2426 2426 5017 2435 2435 5018 2435 2435 5019 2436 2436 5020 2421 2421 5021 2440 2437 5022 2437 2438 5023 2438 2439 5024 2438 2439 5025 2439 2440 5026 2440 2437 5027 2441 2441 5028 2442 2442 5029 2443 2443 5030 2431 2431 5031 2444 2444 5032 2432 2432 5033 2402 2403 5034 2403 2400 5035 2445 2445 5036 2446 2446 5037 2448 2447 5038 2447 2448 5039 2428 2428 5040 2445 2445 5041 2449 2449 5042 2450 2450 5043 2451 2451 5044 2431 2431 5045 2445 2445 5046 2453 2452 5047 2452 2453 5048 2454 2454 5049 2447 2448 5050 2455 2455 5051 2449 2449 5052 2445 2445 5053 2456 2456 5054 2450 2450 5055 2457 2457 5056 2451 2451 5057 2458 2458 5058 2460 2459 5059 2459 2460 5060 2461 2461 5061 2462 2462 5062 2463 2463 5063 2464 2464 5064 2465 2465 5065 2466 2466 5066 2467 2467 5067 2468 2468 5068 2469 2469 5069 2470 2470 5070 2471 2471 5071 2472 2472 5072 2473 2473 5073 2474 2474 5074 2461 2461 5075 2471 2471 5076 2475 2475 5077 2472 2472 5078 2473 2473 5079 2476 2476 5080 2474 2474 5081 2477 2477 5082 2479 2478 5083 2478 2479 5084 2474 2474 5085 2480 2480 5086 2481 2481 5087 2475 2475 5088 2482 2482 5089 2483 2483 5090 2484 2484 5091 2486 2485 5092 2485 2486 5093 2487 2487 5094 2488 2488 5095 2475 2475 5096 2476 2476 5097 2489 2489 5098 2480 2480 5099 2488 2488 5100 2490 2490 5101 2475 2475 5102 2476 2476 5103 2491 2491 5104 2489 2489 5105 2490 2490 5106 2492 2492 5107 2482 2482 5108 2485 2486 5109 2494 2493 5110 2493 2494 5111 2488 2488 5112 2495 2495 5113 2490 2490 5114 2499 2496 5115 2496 2497 5116 2497 2498 5117 2497 2498 5118 2498 2499 5119 2499 2496 5120 2503 2500 5121 2501 2501 5122 2500 2502 5123 2501 2501 5124 2503 2500 5125 2502 2503 5126 2491 2491 5127 2504 2504 5128 2489 2489 5129 2494 2493 5130 2505 2505 5131 2493 2494 5132 2505 2505 5133 2494 2493 5134 2506 2506 5135 2508 2507 5136 2502 2503 5137 2503 2500 5138 2502 2503 5139 2508 2507 5140 2507 2508 5141 2506 2506 5142 2509 2509 5143 2505 2505 5144 2509 2509 5145 2506 2506 5146 2510 2510 5147 2439 2440 5148 2511 2511 5149 2440 2437 5150 2497 2498 5151 2512 2512 5152 2498 2499 5153 2516 2513 5154 2513 2514 5155 2514 2515 5156 2514 2515 5157 2515 2516 5158 2516 2513 5159 2507 2508 5160 2508 2507 5161 2517 2517 5162 2518 2518 5163 2520 2519 5164 2519 2520 5165 2497 2498 5166 2521 2521 5167 2512 2512 5168 2522 2522 5169 2523 2523 5170 2524 2524 5171 2513 2514 5172 2525 2525 5173 2526 2526 5174 2524 2524 5175 2527 2527 5176 2528 2528 5177 2529 2529 5178 2517 2517 5179 2530 2530 5180 2523 2523 5181 2531 2531 5182 2527 2527 5183 2513 2514 5184 2516 2513 5185 2525 2525 5186 2535 2532 5187 2533 2533 5188 2532 2534 5189 2533 2533 5190 2535 2532 5191 2534 2535 5192 2539 2536 5193 2536 2537 5194 2537 2538 5195 2537 2538 5196 2538 2539 5197 2539 2536 5198 2527 2527 5199 2540 2540 5200 2528 2528 5201 2516 2513 5202 2541 2541 5203 2525 2525 5204 2527 2527 5205 2542 2542 5206 2540 2540 5207 2543 2543 5208 2544 2544 5209 2545 2545 5210 2515 2516 5211 2546 2546 5212 2516 2513 5213 2533 2533 5214 2534 2535 5215 2547 2547 5216 2548 2548 5217 2549 2549 5218 2542 2542 5219 2516 2513 5220 2550 2550 5221 2551 2551 5222 2549 2549 5223 2552 2552 5224 2540 2540 5225 2544 2544 5226 2536 2537 5227 2553 2553 5228 2554 2554 5229 2555 2555 5230 2550 2550 5231 2556 2556 5232 2558 2557 5233 2557 2558 5234 2559 2559 5235 2560 2560 5236 2549 2549 5237 2555 2555 5238 2561 2561 5239 2551 2551 5240 2549 2549 5241 2562 2562 5242 2563 2563 5243 2554 2554 5244 2564 2564 5245 2555 2555 5246 2557 2558 5247 2558 2557 5248 2565 2565 5249 2569 2566 5250 2566 2567 5251 2567 2568 5252 2567 2568 5253 2568 2569 5254 2569 2566 5255 2571 2570 5256 2539 2536 5257 2538 2539 5258 2538 2539 5259 2570 2571 5260 2571 2570 5261 2555 2555 5262 2572 2572 5263 2573 2573 5264 2574 2574 5265 2575 2575 5266 2563 2563 5267 2568 2569 5268 2567 2568 5269 2576 2576 5270 2576 2576 5271 2577 2577 5272 2568 2569 5273 2565 2565 5274 2579 2578 5275 2578 2579 5276 2579 2578 5277 2565 2565 5278 2580 2580 5279 2581 2581 5280 2583 2582 5281 2582 2583 5282 2587 2584 5283 2584 2585 5284 2585 2586 5285 2585 2586 5286 2586 2587 5287 2587 2584 5288 2588 2588 5289 2589 2589 5290 2575 2575 5291 2577 2577 5292 2576 2576 5293 2590 2590 5294 2590 2590 5295 2591 2591 5296 2577 2577 5297 2582 2583 5298 2583 2582 5299 2592 2592 5300 2589 2589 5301 2593 2593 5302 2594 2594 5303 2598 2595 5304 2596 2596 5305 2595 2597 5306 2596 2596 5307 2598 2595 5308 2597 2598 5309 2572 2572 5310 2599 2599 5311 2586 2587 5312 2600 2600 5313 2601 2601 5314 2589 2589 5315 2592 2592 5316 2603 2602 5317 2602 2603 5318 2601 2601 5319 2604 2604 5320 2593 2593 5321 2606 2605 5322 2602 2603 5323 2603 2602 5324 2602 2603 5325 2606 2605 5326 2605 2606 5327 2610 2607 5328 2608 2608 5329 2607 2609 5330 2608 2608 5331 2610 2607 5332 2609 2610 5333 2614 2611 5334 2612 2612 5335 2611 2613 5336 2612 2612 5337 2614 2611 5338 2613 2614 5339 2597 2598 5340 2598 2595 5341 2615 2615 5342 2616 2616 5343 2617 2617 5344 2618 2618 5345 2608 2608 5346 2609 2610 5347 2619 2619 5348 2620 2620 5349 2622 2621 5350 2621 2622 5351 2623 2623 5352 2624 2624 5353 2625 2625 5354 2620 2620 5355 2621 2622 5356 2614 2611 5357 2624 2624 5358 2626 2626 5359 2625 2625 5360 2627 2627 5361 2629 2628 5362 2628 2629 5363 2630 2630 5364 2614 2611 5365 2611 2613 5366 2631 2631 5367 2632 2632 5368 2633 2633 5369 2634 2634 5370 2635 2635 5371 2624 2624 5372 2637 2636 5373 2632 2632 5374 2631 2631 5375 2631 2631 5376 2636 2637 5377 2637 2636 5378 2629 2628 5379 2638 2638 5380 2628 2629 5381 2638 2638 5382 2629 2628 5383 2639 2639 5384 2641 2640 5385 2635 2635 5386 2634 2634 5387 2634 2634 5388 2640 2641 5389 2641 2640 5390 2613 2614 5391 2643 2642 5392 2642 2643 5393 2635 2635 5394 2641 2640 5395 2644 2644 5396 2613 2614 5397 2645 2645 5398 2612 2612 5399 2645 2645 5400 2613 2614 5401 2646 2646 5402 2648 2647 5403 2637 2636 5404 2636 2637 5405 2636 2637 5406 2647 2648 5407 2648 2647 5408 2639 2639 5409 2649 2649 5410 2638 2638 5411 2649 2649 5412 2639 2639 5413 2650 2650 5414 2652 2651 5415 2641 2640 5416 2640 2641 5417 2640 2641 5418 2651 2652 5419 2652 2651 5420 2646 2646 5421 2642 2643 5422 2653 2653 5423 2641 2640 5424 2652 2651 5425 2654 2654 5426 2658 2655 5427 2655 2656 5428 2656 2657 5429 2656 2657 5430 2657 2658 5431 2658 2655 5432 2646 2646 5433 2653 2653 5434 2659 2659 5435 2652 2651 5436 2660 2660 5437 2654 2654 5438 2662 2661 5439 2652 2651 5440 2651 2652 5441 2651 2652 5442 2661 2662 5443 2662 2661 5444 2659 2659 5445 2653 2653 5446 2663 2663 5447 2652 2651 5448 2662 2661 5449 2660 2660 5450 2657 2658 5451 2656 2657 5452 2664 2664 5453 2664 2664 5454 2665 2665 5455 2657 2658 5456 2659 2659 5457 2663 2663 5458 2666 2666 5459 2662 2661 5460 2667 2667 5461 2660 2660 5462 2669 2668 5463 2662 2661 5464 2661 2662 5465 2661 2662 5466 2668 2669 5467 2669 2668 5468 2666 2666 5469 2663 2663 5470 2670 2670 5471 2662 2661 5472 2669 2668 5473 2667 2667 5474 2674 2671 5475 2672 2672 5476 2671 2673 5477 2672 2672 5478 2674 2671 5479 2673 2674 5480 2664 2664 5481 2675 2675 5482 2665 2665 5483 2676 2676 5484 2666 2666 5485 2677 2677 5486 2678 2678 5487 2680 2679 5488 2679 2680 5489 2668 2669 5490 2681 2681 5491 2669 2668 5492 2666 2666 5493 2683 2682 5494 2682 2683 5495 2681 2681 5496 2684 2684 5497 2667 2667 5498 2675 2675 5499 2685 2685 5500 2686 2686 5501 2687 2687 5502 2688 2688 5503 2689 2689 5504 2690 2690 5505 2679 2680 5506 2691 2691 5507 2692 2692 5508 2693 2693 5509 2694 2694 5510 2685 2685 5511 2695 2695 5512 2686 2686 5513 2692 2692 5514 2696 2696 5515 2693 2693 5516 2697 2697 5517 2698 2698 5518 2671 2673 5519 2690 2690 5520 2691 2691 5521 2699 2699 5522 2671 2673 5523 2698 2698 5524 2674 2671 5525 2690 2690 5526 2699 2699 5527 2700 2700 5528 2685 2685 5529 2701 2701 5530 2702 2702 5531 2703 2703 5532 2704 2704 5533 2693 2693 5534 2705 2705 5535 2706 2706 5536 2703 2703 5537 2703 2703 5538 2706 2706 5539 2704 2704 5540 2710 2707 5541 2707 2708 5542 2708 2709 5543 2708 2709 5544 2709 2710 5545 2710 2707 5546 2714 2711 5547 2712 2712 5548 2711 2713 5549 2712 2712 5550 2714 2711 5551 2713 2714 5552 2716 2715 5553 2704 2704 5554 2706 2706 5555 2706 2706 5556 2715 2716 5557 2716 2715 5558 2717 2717 5559 2711 2713 5560 2712 2712 5561 2718 2718 5562 2719 2719 5563 2709 2710 5564 2723 2720 5565 2720 2721 5566 2721 2722 5567 2721 2722 5568 2722 2723 5569 2723 2720 5570 2717 2717 5571 2712 2712 5572 2724 2724 5573 2710 2707 5574 2709 2710 5575 2725 2725 5576 2725 2725 5577 2726 2726 5578 2710 2707 5579 2723 2720 5580 2722 2723 5581 2727 2727 5582 2727 2727 5583 2728 2728 5584 2723 2720 5585 2719 2719 5586 2725 2725 5587 2709 2710 5588 2712 2712 5589 2730 2729 5590 2729 2730 5591 2731 2731 5592 2733 2732 5593 2732 2733 5594 2729 2730 5595 2730 2729 5596 2734 2734 5597 2731 2731 5598 2732 2733 5599 2735 2735 5600 2737 2736 5601 2726 2726 5602 2725 2725 5603 2725 2725 5604 2736 2737 5605 2737 2736 5606 2741 2738 5607 2739 2739 5608 2738 2740 5609 2739 2739 5610 2741 2738 5611 2740 2741 5612 2729 2730 5613 2734 2734 5614 2742 2742 5615 2735 2735 5616 2732 2733 5617 2743 2743 5618 2744 2744 5619 2729 2730 5620 2745 2745 5621 2746 2746 5622 2747 2747 5623 2736 2737 5624 2744 2744 5625 2745 2745 5626 2748 2748 5627 2747 2747 5628 2749 2749 5629 2736 2737 5630 2752 2750 5631 2750 2751 5632 2743 2743 5633 2750 2751 5634 2752 2750 5635 2751 2752 5636 2727 2727 5637 2753 2753 5638 2754 2754 5639 2755 2755 5640 2756 2756 5641 2757 2757 5642 2759 2758 5643 2740 2741 5644 2741 2738 5645 2740 2741 5646 2759 2758 5647 2758 2759 5648 2748 2748 5649 2761 2760 5650 2760 2761 5651 2762 2762 5652 2763 2763 5653 2749 2749 5654 2762 2762 5655 2764 2764 5656 2765 2765 5657 2765 2765 5658 2766 2766 5659 2762 2762 5660 2767 2767 5661 2769 2768 5662 2768 2769 5663 2770 2770 5664 2771 2771 5665 2756 2756 5666 1891 1890 5667 2772 2772 5668 6 5 5669 3 0 5670 2 3 5671 17 17 5672 14 14 5673 15 16 5674 35 35 5675 2773 2773 5676 34 33 5677 32 32 5678 15 16 5679 37 36 5680 35 35 5681 32 32 5682 33 34 5683 50 50 5684 2774 2774 5685 2776 2775 5686 2775 2776 5687 33 34 5688 49 51 5689 50 50 5690 2777 2777 5691 42 43 5692 54 55 5693 30 31 5694 46 44 5695 62 62 5696 42 43 5697 53 53 5698 56 56 5699 46 44 5700 45 46 5701 61 61 5702 68 68 5703 82 82 5704 76 77 5705 70 71 5706 83 83 5707 94 94 5708 76 77 5709 103 103 5710 77 76 5711 86 86 5712 98 97 5713 85 85 5714 91 91 5715 92 93 5716 2778 2778 5717 83 83 5718 2779 2779 5719 95 95 5720 90 90 5721 96 96 5722 108 109 5723 96 96 5724 109 110 5725 108 109 5726 2778 2778 5727 92 93 5728 104 104 5729 2778 2778 5730 104 104 5731 2780 2780 5732 103 103 5733 112 112 5734 99 100 5735 98 97 5736 106 107 5737 97 98 5738 112 112 5739 122 122 5740 100 101 5741 106 107 5742 119 119 5743 113 113 5744 116 116 5745 118 118 5746 2781 2781 5747 117 117 5748 128 129 5749 119 119 5750 122 122 5751 137 137 5752 114 114 5753 119 119 5754 129 130 5755 123 123 5756 125 126 5757 142 142 5758 126 127 5759 130 128 5760 145 144 5761 129 130 5762 136 133 5763 135 136 5764 150 150 5765 137 137 5766 148 148 5767 131 131 5768 129 130 5769 144 145 5770 141 141 5771 142 142 5772 154 154 5773 143 143 5774 145 144 5775 156 156 5776 144 145 5777 154 154 5778 162 163 5779 155 155 5780 156 156 5781 167 165 5782 153 152 5783 161 161 5784 179 179 5785 159 160 5786 165 166 5787 177 177 5788 168 168 5789 159 160 5790 180 180 5791 175 175 5792 2782 2782 5793 185 184 5794 183 183 5795 166 167 5796 187 186 5797 177 177 5798 170 170 5799 178 178 5800 2783 2783 5801 179 179 5802 191 191 5803 180 180 5804 177 177 5805 186 187 5806 181 181 5807 182 182 5808 180 180 5809 195 195 5810 189 189 5811 201 201 5812 190 190 5813 180 180 5814 192 192 5815 195 195 5816 183 183 5817 184 185 5818 196 196 5819 187 186 5820 2784 2784 5821 186 187 5822 190 190 5823 201 201 5824 203 203 5825 191 191 5826 204 204 5827 192 192 5828 186 187 5829 206 205 5830 193 193 5831 192 192 5832 172 173 5833 194 194 5834 196 196 5835 197 197 5836 2785 2785 5837 2786 2786 5838 2787 2787 5839 206 205 5840 203 203 5841 202 202 5842 209 209 5843 172 173 5844 204 204 5845 173 174 5846 205 206 5847 206 205 5848 2788 2788 5849 2785 2785 5850 197 197 5851 213 213 5852 2787 2787 5853 217 216 5854 206 205 5855 204 204 5856 222 222 5857 173 174 5858 206 205 5859 216 217 5860 2788 2788 5861 173 174 5862 222 222 5863 224 224 5864 2788 2788 5865 216 217 5866 231 231 5867 2789 2789 5868 232 232 5869 234 234 5870 2789 2789 5871 2790 2790 5872 232 232 5873 223 223 5874 242 242 5875 224 224 5876 225 225 5877 245 244 5878 231 231 5879 246 247 5880 247 246 5881 2791 2791 5882 256 256 5883 265 265 5884 259 258 5885 247 246 5886 2792 2792 5887 2791 2791 5888 259 258 5889 265 265 5890 2793 2793 5891 2792 2792 5892 2794 2794 5893 2791 2791 5894 268 268 5895 267 267 5896 272 272 5897 254 254 5898 273 273 5899 269 269 5900 2795 2795 5901 2797 2796 5902 2796 2797 5903 2791 2791 5904 2794 2794 5905 2798 2798 5906 2797 2796 5907 288 287 5908 2796 2797 5909 2799 2799 5910 260 261 5911 2800 2800 5912 2796 2797 5913 288 287 5914 2801 2801 5915 2800 2800 5916 260 261 5917 279 279 5918 2801 2801 5919 288 287 5920 286 286 5921 272 272 5922 276 276 5923 291 291 5924 270 270 5925 277 278 5926 281 281 5927 262 263 5928 294 294 5929 263 260 5930 281 281 5931 292 292 5932 280 280 5933 263 260 5934 295 295 5935 289 289 5936 287 288 5937 299 298 5938 293 293 5939 276 276 5940 2802 2802 5941 290 290 5942 277 278 5943 304 303 5944 292 292 5945 294 294 5946 315 315 5947 295 295 5948 292 292 5949 303 304 5950 296 296 5951 295 295 5952 315 315 5953 309 309 5954 296 296 5955 303 304 5956 314 314 5957 305 305 5958 309 309 5959 2803 2803 5960 307 307 5961 321 321 5962 310 310 5963 309 309 5964 316 316 5965 2803 2803 5966 310 310 5967 321 321 5968 322 322 5969 315 315 5970 2804 2804 5971 316 316 5972 311 311 5973 318 318 5974 323 323 5975 312 312 5976 2805 2805 5977 313 313 5978 2804 2804 5979 334 334 5980 316 316 5981 313 313 5982 337 336 5983 317 317 5984 328 328 5985 338 338 5986 329 329 5987 322 322 5988 333 333 5989 2806 2806 5990 329 329 5991 338 338 5992 339 339 5993 329 329 5994 339 339 5995 2807 2807 5996 335 335 5997 334 334 5998 348 349 5999 336 337 6000 337 336 6001 344 344 6002 334 334 6003 345 345 6004 348 349 6005 337 336 6006 356 354 6007 344 344 6008 350 348 6009 349 350 6010 371 371 6011 354 355 6012 355 356 6013 369 369 6014 368 367 6015 374 373 6016 367 368 6017 357 357 6018 369 369 6019 375 375 6020 2808 2808 6021 2809 2809 6022 2810 2810 6023 363 363 6024 2811 2811 6025 364 364 6026 2812 2812 6027 2813 2813 6028 2814 2814 6029 364 364 6030 2811 2811 6031 2815 2815 6032 367 368 6033 373 374 6034 2816 2816 6035 369 369 6036 378 378 6037 376 376 6038 2817 2817 6039 381 381 6040 392 392 6041 390 389 6042 394 393 6043 389 390 6044 387 387 6045 386 386 6046 2818 2818 6047 388 388 6048 389 390 6049 2819 2819 6050 381 381 6051 380 380 6052 391 391 6053 382 382 6054 383 384 6055 399 399 6056 2818 2818 6057 386 386 6058 2820 2820 6059 2819 2819 6060 389 390 6061 405 405 6062 380 380 6063 397 397 6064 391 391 6065 383 384 6066 401 400 6067 399 399 6068 386 386 6069 2821 2821 6070 2820 2820 6071 389 390 6072 396 396 6073 405 405 6074 391 391 6075 398 398 6076 395 395 6077 393 394 6078 409 408 6079 396 396 6080 398 398 6081 397 397 6082 407 407 6083 2822 2822 6084 416 417 6085 2823 2823 6086 402 402 6087 403 404 6088 412 412 6089 396 396 6090 411 411 6091 406 406 6092 397 397 6093 2824 2824 6094 407 407 6095 2823 2823 6096 416 417 6097 419 416 6098 410 410 6099 415 415 6100 428 429 6101 411 411 6102 422 422 6103 2825 2825 6104 428 429 6105 415 415 6106 429 430 6107 2825 2825 6108 422 422 6109 449 449 6110 415 415 6111 447 447 6112 429 430 6113 422 422 6114 451 450 6115 449 449 6116 429 430 6117 448 448 6118 441 441 6119 432 432 6120 454 453 6121 446 446 6122 433 433 6123 2826 2826 6124 442 442 6125 2827 2827 6126 458 456 6127 451 450 6128 452 452 6129 448 448 6130 466 466 6131 2828 2828 6132 469 469 6133 2829 2829 6134 448 448 6135 463 463 6136 466 466 6137 2829 2829 6138 469 469 6139 471 471 6140 463 463 6141 455 455 6142 465 465 6143 464 464 6144 456 457 6145 473 473 6146 466 466 6147 465 465 6148 2830 2830 6149 440 437 6150 480 479 6151 467 467 6152 456 457 6153 468 468 6154 474 474 6155 469 469 6156 477 477 6157 470 470 6158 467 467 6159 480 479 6160 478 478 6161 468 468 6162 2831 2831 6163 474 474 6164 472 472 6165 484 484 6166 465 465 6167 474 474 6168 487 486 6169 473 473 6170 465 465 6171 485 485 6172 2832 2832 6173 470 470 6174 476 476 6175 494 492 6176 485 485 6177 484 484 6178 498 498 6179 486 487 6180 487 486 6181 499 499 6182 479 480 6183 503 504 6184 488 488 6185 489 489 6186 490 491 6187 508 509 6188 498 498 6189 497 497 6190 507 507 6191 499 499 6192 500 500 6193 513 513 6194 507 507 6195 506 506 6196 526 526 6197 513 513 6198 514 514 6199 517 517 6200 506 506 6201 519 519 6202 525 525 6203 509 508 6204 520 520 6205 529 529 6206 512 511 6207 511 512 6208 2833 2833 6209 516 515 6210 517 517 6211 2834 2834 6212 529 529 6213 530 530 6214 2835 2835 6215 533 534 6216 534 531 6217 2836 2836 6218 546 546 6219 547 548 6220 553 553 6221 552 552 6222 551 551 6223 2837 2837 6224 2838 2838 6225 559 559 6226 2839 2839 6227 548 547 6228 561 560 6229 547 548 6230 2840 2840 6231 564 563 6232 2841 2841 6233 2837 2837 6234 551 551 6235 558 558 6236 2839 2839 6237 559 559 6238 542 539 6239 547 548 6240 561 560 6241 556 556 6242 2841 2841 6243 564 563 6244 562 562 6245 551 551 6246 555 555 6247 557 557 6248 554 554 6249 556 556 6250 572 572 6251 555 555 6252 571 571 6253 557 557 6254 556 556 6255 565 566 6256 572 572 6257 571 571 6258 582 582 6259 567 567 6260 565 566 6261 576 577 6262 573 573 6263 2842 2842 6264 2844 2843 6265 2843 2844 6266 576 577 6267 577 576 6268 587 587 6269 2843 2844 6270 2844 2843 6271 2845 2845 6272 577 576 6273 2846 2846 6274 587 587 6275 2844 2843 6276 609 608 6277 2845 2845 6278 587 587 6279 2846 2846 6280 596 596 6281 2845 2845 6282 609 608 6283 607 607 6284 2846 2846 6285 611 610 6286 596 596 6287 593 593 6288 595 595 6289 614 614 6290 599 599 6291 596 596 6292 615 615 6293 609 608 6294 620 619 6295 608 609 6296 2847 2847 6297 2848 2848 6298 2849 2849 6299 606 606 6300 605 605 6301 618 618 6302 597 598 6303 624 624 6304 612 612 6305 614 614 6306 613 613 6307 2850 2850 6308 615 615 6309 616 616 6310 635 634 6311 626 626 6312 617 617 6313 632 632 6314 627 627 6315 2851 2851 6316 625 625 6317 613 613 6318 603 600 6319 2850 2850 6320 616 616 6321 2852 2852 6322 635 634 6323 2850 2850 6324 603 600 6325 645 645 6326 635 634 6327 2852 2852 6328 634 635 6329 603 600 6330 602 603 6331 645 645 6332 2852 2852 6333 646 646 6334 634 635 6335 2853 2853 6336 658 657 6337 656 656 6338 642 643 6339 643 642 6340 659 659 6341 644 644 6342 648 647 6343 673 673 6344 643 642 6345 655 655 6346 660 660 6347 648 647 6348 654 654 6349 673 673 6350 655 655 6351 675 674 6352 660 660 6353 657 658 6354 669 669 6355 2854 2854 6356 672 671 6357 680 678 6358 671 672 6359 2855 2855 6360 681 681 6361 683 683 6362 663 664 6363 684 684 6364 664 663 6365 666 667 6366 676 676 6367 667 668 6368 674 675 6369 677 677 6370 689 689 6371 683 683 6372 682 682 6373 694 694 6374 677 677 6375 696 695 6376 690 690 6377 667 668 6378 688 688 6379 686 687 6380 689 689 6381 690 690 6382 2856 2856 6383 700 697 6384 2857 2857 6385 699 700 6386 704 701 6387 703 704 6388 713 713 6389 714 714 6390 715 716 6391 2858 2858 6392 2859 2859 6393 2861 2860 6394 2860 2861 6395 715 716 6396 2862 2862 6397 2858 2858 6398 732 732 6399 733 734 6400 748 748 6401 726 727 6402 736 736 6403 741 742 6404 733 734 6405 747 749 6406 748 748 6407 736 736 6408 752 752 6409 741 742 6410 730 731 6411 760 759 6412 744 743 6413 741 742 6414 754 754 6415 751 751 6416 744 743 6417 759 760 6418 743 744 6419 783 782 6420 795 794 6421 782 783 6422 768 769 6423 784 784 6424 796 796 6425 775 776 6426 776 775 6427 799 799 6428 787 787 6429 786 786 6430 802 802 6431 782 783 6432 794 795 6433 2863 2863 6434 784 784 6435 2864 2864 6436 797 797 6437 2863 2863 6438 794 795 6439 806 806 6440 2865 2865 6441 802 802 6442 809 809 6443 799 799 6444 800 800 6445 812 812 6446 802 802 6447 801 801 6448 808 808 6449 812 812 6450 803 804 6451 824 824 6452 808 808 6453 813 813 6454 819 819 6455 816 816 6456 818 818 6457 2866 2866 6458 817 817 6459 819 819 6460 830 831 6461 824 824 6462 814 814 6463 837 837 6464 819 819 6465 825 825 6466 831 832 6467 827 827 6468 828 829 6469 2867 2867 6470 827 827 6471 2867 2867 6472 2868 2868 6473 836 835 6474 835 836 6475 2869 2869 6476 833 833 6477 834 834 6478 844 844 6479 2867 2867 6480 828 829 6481 839 841 6482 2870 2870 6483 831 832 6484 846 846 6485 837 837 6486 844 844 6487 847 847 6488 831 832 6489 843 843 6490 845 845 6491 834 834 6492 852 853 6493 844 844 6494 835 836 6495 855 856 6496 2869 2869 6497 844 844 6498 852 853 6499 848 848 6500 2869 2869 6501 855 856 6502 858 855 6503 847 847 6504 848 848 6505 2871 2871 6506 845 845 6507 849 849 6508 850 851 6509 848 848 6510 853 854 6511 2871 2871 6512 849 849 6513 871 871 6514 850 851 6515 2871 2871 6516 853 854 6517 869 869 6518 850 851 6519 871 871 6520 867 867 6521 853 854 6522 865 865 6523 870 870 6524 859 859 6525 866 866 6526 2872 2872 6527 860 860 6528 867 867 6529 878 878 6530 857 858 6531 868 868 6532 2873 2873 6533 869 869 6534 870 870 6535 882 882 6536 867 867 6537 872 872 6538 877 877 6539 873 873 6540 886 885 6541 870 870 6542 880 880 6543 891 891 6544 881 881 6545 870 870 6546 886 885 6547 883 883 6548 874 874 6549 875 876 6550 887 887 6551 878 878 6552 877 877 6553 890 890 6554 881 881 6555 891 891 6556 893 893 6557 882 882 6558 883 883 6559 894 894 6560 877 877 6561 884 884 6562 889 889 6563 883 883 6564 885 886 6565 862 862 6566 887 887 6567 888 888 6568 2874 2874 6569 890 890 6570 889 889 6571 2875 2875 6572 893 893 6573 892 892 6574 897 897 6575 862 862 6576 863 864 6577 894 894 6578 895 895 6579 2876 2876 6580 889 889 6581 2874 2874 6582 888 888 6583 901 901 6584 2875 2875 6585 889 889 6586 905 905 6587 894 894 6588 863 864 6589 908 908 6590 889 889 6591 2876 2876 6592 904 904 6593 863 864 6594 906 906 6595 908 908 6596 2876 2876 6597 916 916 6598 904 904 6599 2877 2877 6600 917 917 6601 919 919 6602 2877 2877 6603 2878 2878 6604 917 917 6605 909 909 6606 906 906 6607 927 927 6608 910 910 6609 916 916 6610 930 930 6611 931 932 6612 932 931 6613 2879 2879 6614 941 941 6615 944 944 6616 950 950 6617 932 931 6618 2880 2880 6619 2879 2879 6620 944 944 6621 2881 2881 6622 950 950 6623 2880 2880 6624 2882 2882 6625 2879 2879 6626 953 953 6627 952 952 6628 957 957 6629 939 939 6630 958 958 6631 954 954 6632 2883 2883 6633 2885 2884 6634 2884 2885 6635 2879 2879 6636 2882 2882 6637 2886 2886 6638 2885 2884 6639 972 971 6640 2884 2885 6641 2884 2885 6642 2888 2887 6643 2887 2888 6644 2884 2885 6645 972 971 6646 2888 2887 6647 2889 2889 6648 963 963 6649 945 947 6650 2888 2887 6651 972 971 6652 970 970 6653 957 957 6654 961 961 6655 975 975 6656 958 958 6657 2890 2890 6658 962 962 6659 947 948 6660 948 945 6661 979 979 6662 965 965 6663 964 964 6664 976 976 6665 948 945 6666 973 973 6667 980 980 6668 971 972 6669 984 983 6670 978 978 6671 961 961 6672 2891 2891 6673 974 974 6674 977 977 6675 976 976 6676 989 989 6677 979 979 6678 980 980 6679 1002 1002 6680 976 976 6681 981 981 6682 988 988 6683 980 980 6684 994 994 6685 1002 1002 6686 981 981 6687 1001 1001 6688 988 988 6689 990 990 6690 2892 2892 6691 994 994 6692 992 992 6693 1007 1007 6694 995 995 6695 994 994 6696 2892 2892 6697 1003 1003 6698 995 995 6699 1007 1007 6700 1008 1008 6701 1002 1002 6702 1003 1003 6703 1009 1009 6704 997 998 6705 966 968 6706 967 967 6707 999 999 6708 1000 1000 6709 1013 1011 6710 1018 1018 6711 1024 1024 6712 1019 1019 6713 1008 1008 6714 1021 1021 6715 2893 2893 6716 1019 1019 6717 1024 1024 6718 1025 1025 6719 1019 1019 6720 1025 1025 6721 2894 2894 6722 1022 1022 6723 1036 1037 6724 1010 1010 6725 1023 1023 6726 1032 1032 6727 1011 1012 6728 1010 1010 6729 1036 1037 6730 1033 1033 6731 1011 1012 6732 1032 1032 6733 1044 1042 6734 1038 1036 6735 1060 1059 6736 1037 1038 6737 1042 1043 6738 1058 1058 6739 1043 1044 6740 1057 1056 6741 1063 1062 6742 1056 1057 6743 1046 1046 6744 1064 1064 6745 1058 1058 6746 2895 2895 6747 2897 2896 6748 2896 2897 6749 1052 1052 6750 2898 2898 6751 1053 1053 6752 2899 2899 6753 2901 2900 6754 2900 2901 6755 1053 1053 6756 2898 2898 6757 2902 2902 6758 1056 1057 6759 1062 1063 6760 2903 2903 6761 1058 1058 6762 1065 1065 6763 1067 1067 6764 2904 2904 6765 1070 1070 6766 1081 1081 6767 1076 1076 6768 1075 1075 6769 2905 2905 6770 2906 2906 6771 1077 1077 6772 1079 1079 6773 2907 2907 6774 1082 1082 6775 1084 1084 6776 1070 1070 6777 1069 1069 6778 1080 1080 6779 1071 1071 6780 1072 1073 6781 1089 1089 6782 2905 2905 6783 1075 1075 6784 2908 2908 6785 2905 2905 6786 2908 2908 6787 2909 2909 6788 1069 1069 6789 1087 1087 6790 1080 1080 6791 1072 1073 6792 1091 1090 6793 1089 1089 6794 1075 1075 6795 2910 2910 6796 2908 2908 6797 1082 1082 6798 1095 1095 6799 1086 1086 6800 1080 1080 6801 1088 1088 6802 1085 1085 6803 1083 1083 6804 1086 1086 6805 1099 1099 6806 1088 1088 6807 1087 1087 6808 1097 1097 6809 2911 2911 6810 1106 1107 6811 2912 2912 6812 1092 1092 6813 1093 1094 6814 1102 1102 6815 1086 1086 6816 1096 1096 6817 1101 1101 6818 1087 1087 6819 2913 2913 6820 1097 1097 6821 2912 2912 6822 1106 1107 6823 1109 1106 6824 1100 1100 6825 1105 1105 6826 1118 1119 6827 1101 1101 6828 2914 2914 6829 1112 1112 6830 1118 1119 6831 1105 1105 6832 1119 1120 6833 2914 2914 6834 1136 1136 6835 1112 1112 6836 1105 1105 6837 1134 1134 6838 1119 1120 6839 1112 1112 6840 1136 1136 6841 1138 1138 6842 1119 1120 6843 1135 1135 6844 1129 1129 6845 1122 1122 6846 1133 1133 6847 1141 1141 6848 1123 1123 6849 1125 1127 6850 1126 1126 6851 2915 2915 6852 1138 1138 6853 1145 1143 6854 1139 1139 6855 1135 1135 6856 1153 1153 6857 1140 1140 6858 2916 2916 6859 1141 1141 6860 1135 1135 6861 1150 1150 6862 1153 1153 6863 1141 1141 6864 2916 2916 6865 2917 2917 6866 1150 1150 6867 1142 1142 6868 1152 1152 6869 1151 1151 6870 1162 1162 6871 1143 1144 6872 1153 1153 6873 1152 1152 6874 1165 1165 6875 1156 1155 6876 1168 1167 6877 1155 1156 6878 1143 1144 6879 1163 1163 6880 1157 1157 6881 1158 1158 6882 1171 1171 6883 1159 1159 6884 1155 1156 6885 1168 1167 6886 1166 1166 6887 1157 1157 6888 1163 1163 6889 1170 1170 6890 1161 1161 6891 1173 1173 6892 1152 1152 6893 1163 1163 6894 1162 1162 6895 1169 1169 6896 1152 1152 6897 1174 1174 6898 1164 1164 6899 1159 1159 6900 1172 1172 6901 1180 1178 6902 1174 1174 6903 1173 1173 6904 1184 1184 6905 1175 1175 6906 1185 1185 6907 1169 1169 6908 1167 1168 6909 1189 1190 6910 1176 1176 6911 2918 2918 6912 1197 1194 6913 1194 1196 6914 1184 1184 6915 1183 1183 6916 1193 1193 6917 1185 1185 6918 1200 1200 6919 1186 1186 6920 1193 1193 6921 1192 1192 6922 1213 1213 6923 1200 1200 6924 1204 1204 6925 1201 1201 6926 1192 1192 6927 1206 1206 6928 1212 1212 6929 1195 1195 6930 1207 1207 6931 1216 1216 6932 1199 1198 6933 1198 1199 6934 2919 2919 6935 1199 1198 6936 2919 2919 6937 2920 2920 6938 1216 1216 6939 1217 1217 6940 2921 2921 6941 1231 1231 6942 1233 1233 6943 2922 2922 6944 1231 1231 6945 1238 1238 6946 1232 1232 6947 1237 1236 6948 2923 2923 6949 1236 1237 6950 2924 2924 6951 1244 1244 6952 2925 2925 6953 1233 1233 6954 1232 1232 6955 1246 1246 6956 2926 2926 6957 1249 1248 6958 2927 2927 6959 2923 2923 6960 1243 1242 6961 1236 1237 6962 2925 2925 6963 1244 1244 6964 1229 1226 6965 1232 1232 6966 1241 1241 6967 1246 1246 6968 2927 2927 6969 1249 1248 6970 1247 1247 6971 1236 1237 6972 1242 1243 6973 1240 1240 6974 1239 1239 6975 1257 1257 6976 1241 1241 6977 1240 1240 6978 1242 1243 6979 1256 1256 6980 1241 1241 6981 1257 1257 6982 1250 1251 6983 1256 1256 6984 1252 1252 6985 1267 1267 6986 1250 1251 6987 1258 1258 6988 1261 1262 6989 2928 2928 6990 2930 2929 6991 2929 2930 6992 1261 1262 6993 1272 1272 6994 1262 1261 6995 2929 2930 6996 2930 2929 6997 2931 2931 6998 1262 1261 6999 1272 1272 7000 2932 2932 7001 2930 2929 7002 1292 1291 7003 2931 2931 7004 1272 1272 7005 1281 1281 7006 2932 2932 7007 2931 2931 7008 1292 1291 7009 1290 1290 7010 2932 2932 7011 1281 1281 7012 1294 1294 7013 1278 1278 7014 1289 1289 7015 1280 1280 7016 1284 1284 7017 1297 1297 7018 1281 1281 7019 1292 1291 7020 1303 1302 7021 1291 1292 7022 2933 2933 7023 2934 2934 7024 2935 2935 7025 1282 1283 7026 2936 2936 7027 1307 1307 7028 1282 1283 7029 1307 1307 7030 1295 1295 7031 1289 1289 7032 2937 2937 7033 1296 1296 7034 1297 1297 7035 2938 2938 7036 1298 1298 7037 1309 1309 7038 1300 1300 7039 1316 1316 7040 1310 1310 7041 1317 1317 7042 1308 1308 7043 1296 1296 7044 2937 2937 7045 1288 1285 7046 1298 1298 7047 2938 2938 7048 2939 2939 7049 2937 2937 7050 1330 1329 7051 1288 1285 7052 2938 2938 7053 1325 1326 7054 2939 2939 7055 1288 1285 7056 1330 1329 7057 1287 1288 7058 2939 2939 7059 1325 1326 7060 1331 1331 7061 2940 2940 7062 1343 1342 7063 1341 1341 7064 1327 1328 7065 1344 1344 7066 1328 1325 7067 1329 1330 7068 1356 1355 7069 1333 1332 7070 1328 1325 7071 1345 1345 7072 1340 1340 7073 1333 1332 7074 1356 1355 7075 1339 1339 7076 1340 1340 7077 1345 1345 7078 1358 1358 7079 1342 1343 7080 1350 1352 7081 1351 1351 7082 1345 1345 7083 1354 1354 7084 1357 1357 7085 2941 2941 7086 1365 1365 7087 1367 1367 7088 1348 1349 7089 1368 1368 7090 1349 1348 7091 1355 1356 7092 1371 1371 7093 1359 1359 7094 1357 1357 7095 1375 1375 7096 1360 1360 7097 1367 1367 7098 1366 1366 7099 1380 1380 7100 2942 2942 7101 2944 2943 7102 2943 2944 7103 1371 1371 7104 1372 1373 7105 1374 1374 7106 1375 1375 7107 2945 2945 7108 1376 1376 7109 1387 1384 7110 1418 1417 7111 1386 1387 7112 1391 1388 7113 1390 1391 7114 1403 1403 7115 1402 1402 7116 1394 1394 7117 2946 2946 7118 1386 1387 7119 1418 1417 7120 1416 1416 7121 2947 2947 7122 2949 2948 7123 2948 2949 7124 2950 2950 7125 2951 2951 7126 2952 2952 7127 1421 1420 7128 1440 1437 7129 1420 1421 7130 2953 2953 7131 1415 1415 7132 1434 1435 7133 1420 1421 7134 1440 1437 7135 1437 1439 7136 1415 1415 7137 1430 1430 7138 1435 1436 7139 1426 1427 7140 1431 1432 7141 1448 1448 7142 1443 1443 7143 1444 1445 7144 2954 2954 7145 1449 1449 7146 1477 1476 7147 1467 1467 7148 1451 1452 7149 1468 1468 7150 1471 1471 7151 1461 1462 7152 1462 1459 7153 1484 1484 7154 1471 1471 7155 1487 1486 7156 1470 1470 7157 1467 1467 7158 1476 1477 7159 2955 2955 7160 1480 1479 7161 2956 2956 7162 1479 1480 7163 2956 2956 7164 2957 2957 7165 1493 1492 7166 2956 2956 7167 1493 1492 7168 1479 1480 7169 1484 1484 7170 1485 1485 7171 1491 1491 7172 1487 1486 7173 1498 1498 7174 1486 1487 7175 1491 1491 7176 1497 1497 7177 1505 1505 7178 1498 1498 7179 1510 1510 7180 1496 1494 7181 1503 1503 7182 1505 1505 7183 1511 1512 7184 1504 1504 7185 2958 2958 7186 1506 1506 7187 1505 1505 7188 1509 1509 7189 1513 1513 7190 1510 1510 7191 1523 1523 7192 1508 1507 7193 1512 1511 7194 1513 1513 7195 1526 1526 7196 1517 1514 7197 1529 1528 7198 1516 1517 7199 1513 1513 7200 1522 1522 7201 1527 1527 7202 1523 1523 7203 1533 1533 7204 1521 1520 7205 1526 1526 7206 1527 1527 7207 1538 1539 7208 1529 1528 7209 1540 1541 7210 1528 1529 7211 1548 1549 7212 1549 1548 7213 1561 1561 7214 1554 1554 7215 1566 1565 7216 1553 1553 7217 1546 1547 7218 2959 2959 7219 1560 1560 7220 1550 1550 7221 1561 1561 7222 1570 1570 7223 1552 1552 7224 2960 2960 7225 1562 1562 7226 1553 1553 7227 1565 1566 7228 1563 1563 7229 1561 1561 7230 1564 1564 7231 1571 1571 7232 1566 1565 7233 1578 1577 7234 1565 1566 7235 1568 1568 7236 1567 1567 7237 1581 1581 7238 1575 1575 7239 1565 1566 7240 1586 1586 7241 1567 1567 7242 1579 1579 7243 1581 1581 7244 1570 1570 7245 1571 1571 7246 1582 1582 7247 1574 1573 7248 1585 1584 7249 1573 1574 7250 1565 1566 7251 1577 1578 7252 1586 1586 7253 1571 1571 7254 1576 1576 7255 1583 1583 7256 1578 1577 7257 1590 1589 7258 1577 1578 7259 1579 1579 7260 1557 1558 7261 1580 1580 7262 1582 1582 7263 1583 1583 7264 1595 1595 7265 1585 1584 7266 1598 1597 7267 1584 1585 7268 1577 1578 7269 1589 1590 7270 1587 1587 7271 1588 1588 7272 2961 2961 7273 1583 1583 7274 1589 1590 7275 1590 1589 7276 1594 1594 7277 1583 1583 7278 2961 2961 7279 1599 1600 7280 1590 1589 7281 1616 1615 7282 1594 1594 7283 2961 2961 7284 1607 1607 7285 1599 1600 7286 1594 1594 7287 1616 1615 7288 1614 1614 7289 1600 1601 7290 1601 1599 7291 2962 2962 7292 2963 2963 7293 1620 1620 7294 1622 1622 7295 1601 1599 7296 1607 1607 7297 1627 1627 7298 1615 1616 7299 1630 1629 7300 1614 1614 7301 1632 1633 7302 1633 1631 7303 1649 1649 7304 1644 1644 7305 2964 2964 7306 1643 1643 7307 2965 2965 7308 2967 2966 7309 2966 2967 7310 1643 1643 7311 2964 2964 7312 2968 2968 7313 2967 2966 7314 2969 2969 7315 2966 2967 7316 1638 1637 7317 1651 1651 7318 1657 1657 7319 1652 1652 7320 1658 1658 7321 1653 1653 7322 2968 2968 7323 2964 2964 7324 2970 2970 7325 2966 2967 7326 2969 2969 7327 1664 1664 7328 2964 2964 7329 2971 2971 7330 2970 2970 7331 2969 2969 7332 2972 2972 7333 1664 1664 7334 2973 2973 7335 1660 1660 7336 2974 2974 7337 2972 2972 7338 1666 1665 7339 1664 1664 7340 2974 2974 7341 1660 1660 7342 1673 1673 7343 1646 1646 7344 1647 1648 7345 1662 1662 7346 1658 1658 7347 1676 1676 7348 1663 1663 7349 1647 1648 7350 1648 1645 7351 1675 1675 7352 1668 1668 7353 1681 1680 7354 1667 1667 7355 1665 1666 7356 1674 1674 7357 1682 1682 7358 1667 1667 7359 1680 1681 7360 1678 1678 7361 1662 1662 7362 1675 1675 7363 1685 1685 7364 1663 1663 7365 1677 1677 7366 2975 2975 7367 1675 1675 7368 1679 1679 7369 1686 1686 7370 1681 1680 7371 1700 1699 7372 1680 1681 7373 1679 1679 7374 1702 1701 7375 1686 1686 7376 1680 1681 7377 1700 1699 7378 1695 1695 7379 1691 1691 7380 1694 1694 7381 1707 1707 7382 1693 1693 7383 1695 1695 7384 2976 2976 7385 1694 1694 7386 1705 1705 7387 1707 1707 7388 1695 1695 7389 1703 1703 7390 2976 2976 7391 1686 1686 7392 1701 1702 7393 1704 1704 7394 1696 1696 7395 1704 1704 7396 2977 2977 7397 1697 1697 7398 1712 1710 7399 1698 1698 7400 1705 1705 7401 2978 2978 7402 1718 1718 7403 1721 1721 7404 1720 1720 7405 1730 1730 7406 1718 1718 7407 2978 2978 7408 2979 2979 7409 1720 1720 7410 1728 1728 7411 1730 1730 7412 1722 1722 7413 1714 1714 7414 1709 1709 7415 1723 1723 7416 1717 1717 7417 1740 1741 7418 1709 1709 7419 1714 1714 7420 1734 1734 7421 1717 1717 7422 1732 1732 7423 1740 1741 7424 1715 1716 7425 1752 1752 7426 1735 1735 7427 1741 1740 7428 1738 1738 7429 1757 1757 7430 1716 1713 7431 1760 1759 7432 1752 1752 7433 1753 1753 7434 1754 1755 7435 1761 1761 7436 1750 1750 7437 1749 1749 7438 2980 2980 7439 2981 2981 7440 2983 2982 7441 2982 2983 7442 1749 1749 7443 2984 2984 7444 2980 2980 7445 2985 2985 7446 2986 2986 7447 2987 2987 7448 1752 1752 7449 1759 1760 7450 1763 1763 7451 1754 1755 7452 2988 2988 7453 1762 1762 7454 1771 1771 7455 1777 1777 7456 1772 1772 7457 2989 2989 7458 1779 1779 7459 1768 1768 7460 1773 1773 7461 1772 1772 7462 2990 2990 7463 1774 1774 7464 2991 2991 7465 1775 1775 7466 1767 1766 7467 1785 1784 7468 1766 1767 7469 1768 1768 7470 1780 1780 7471 1769 1769 7472 2990 2990 7473 1772 1772 7474 1789 1789 7475 2991 2991 7476 2992 2992 7477 1775 1775 7478 1766 1767 7479 1785 1784 7480 1783 1783 7481 1769 1769 7482 1780 1780 7483 1787 1787 7484 1772 1772 7485 1781 1781 7486 1789 1789 7487 1775 1775 7488 2992 2992 7489 2993 2993 7490 1778 1778 7491 1793 1793 7492 1781 1781 7493 1780 1780 7494 1782 1782 7495 1786 1786 7496 2994 2994 7497 2995 2995 7498 1744 1745 7499 1786 1786 7500 1795 1795 7501 1787 1787 7502 1781 1781 7503 1796 1796 7504 1788 1788 7505 1792 1791 7506 1800 1799 7507 1791 1792 7508 2995 2995 7509 1745 1746 7510 1744 1745 7511 1787 1787 7512 1795 1795 7513 2996 2996 7514 1796 1796 7515 1801 1801 7516 2997 2997 7517 1797 1797 7518 1818 1815 7519 1810 1810 7520 2997 2997 7521 1801 1801 7522 1834 1834 7523 1818 1815 7524 1817 1818 7525 1810 1810 7526 1801 1801 7527 1823 1824 7528 1834 1834 7529 1810 1810 7530 1817 1818 7531 1836 1836 7532 1813 1814 7533 1837 1837 7534 1827 1827 7535 1817 1818 7536 1832 1832 7537 1835 1835 7538 2998 2998 7539 1824 1825 7540 1823 1824 7541 1822 1822 7542 1831 1831 7543 2999 2999 7544 1838 1838 7545 1837 1837 7546 3000 3000 7547 1839 1839 7548 1856 1856 7549 1835 1835 7550 1837 1837 7551 3001 3001 7552 3000 3000 7553 1835 1835 7554 1856 1856 7555 1850 1850 7556 1849 1849 7557 1826 1823 7558 1859 1859 7559 1850 1850 7560 1857 1857 7561 1848 1848 7562 1853 1853 7563 1852 1852 7564 1861 1861 7565 1826 1823 7566 1854 1854 7567 1858 1858 7568 1841 1841 7569 1855 1855 7570 1864 1864 7571 1856 1856 7572 3002 3002 7573 1857 1857 7574 1854 1854 7575 1862 1862 7576 1858 1858 7577 1855 1855 7578 1866 1865 7579 1864 1864 7580 1858 1858 7581 1863 1863 7582 1859 1859 7583 1860 1860 7584 1857 1857 7585 1870 1870 7586 1852 1852 7587 1845 1846 7588 1844 1845 7589 1857 1857 7590 3003 3003 7591 1869 1869 7592 1868 1868 7593 1863 1863 7594 1882 1882 7595 1869 1869 7596 1883 1883 7597 1870 1870 7598 1873 1872 7599 1893 1892 7600 1872 1873 7601 1865 1866 7602 1874 1874 7603 1887 1888 7604 1882 1882 7605 1881 1881 7606 1895 1896 7607 1883 1883 7608 1898 1898 7609 1884 1884 7610 1895 1896 7611 1881 1881 7612 1896 1897 7613 1898 1898 7614 1910 1910 7615 1899 1899 7616 1893 1892 7617 1913 1912 7618 1902 1902 7619 1899 1899 7620 1911 1911 7621 1903 1903 7622 1897 1894 7623 1896 1897 7624 3004 3004 7625 1900 1900 7626 3005 3005 7627 1901 1901 7628 1911 1911 7629 3006 3006 7630 1914 1914 7631 3007 3007 7632 1932 1932 7633 3008 3008 7634 3009 3009 7635 3010 3010 7636 3011 3011 7637 3012 3012 7638 3013 3013 7639 1939 1939 7640 3008 3008 7641 1932 1932 7642 1942 1942 7643 1928 1928 7644 1927 1927 7645 1945 1945 7646 1935 1935 7647 3014 3014 7648 1936 1936 7649 3013 3013 7650 1941 1940 7651 1939 1939 7652 1932 1932 7653 1924 1921 7654 1942 1942 7655 1927 1927 7656 1943 1943 7657 1945 1945 7658 3014 3014 7659 1946 1946 7660 1936 1936 7661 1933 1934 7662 1955 1954 7663 1924 1921 7664 1936 1936 7665 1947 1947 7666 1938 1938 7667 1924 1921 7668 1955 1954 7669 1923 1924 7670 1938 1938 7671 1947 1947 7672 1956 1956 7673 1923 1924 7674 1954 1955 7675 1958 1958 7676 1956 1956 7677 1953 1952 7678 1966 1966 7679 1958 1958 7680 1971 1971 7681 1957 1957 7682 3015 3015 7683 3017 3016 7684 3016 3017 7685 1957 1957 7686 1971 1971 7687 3018 3018 7688 3017 3016 7689 3019 3019 7690 3016 3017 7691 1971 1971 7692 1978 1978 7693 3018 3018 7694 3016 3017 7695 3019 3019 7696 1990 1990 7697 3018 3018 7698 1978 1978 7699 1988 1988 7700 3019 3019 7701 1992 1991 7702 1990 1990 7703 1982 1982 7704 1997 1996 7705 1978 1978 7706 1981 1980 7707 1998 1998 7708 1979 1979 7709 3020 3020 7710 3022 3021 7711 3021 3022 7712 1990 1990 7713 1991 1992 7714 2005 2005 7715 1977 1977 7716 1987 1987 7717 2001 2001 7718 1977 1977 7719 2001 2001 7720 3023 3023 7721 1997 1996 7722 2015 2015 7723 1996 1997 7724 1998 1998 7725 3024 3024 7726 1999 1999 7727 2010 2010 7728 2000 2000 7729 3025 3025 7730 2011 2011 7731 2018 2018 7732 2008 2008 7733 1996 1997 7734 2015 2015 7735 3026 3026 7736 1999 1999 7737 3024 3024 7738 2014 2014 7739 2015 2015 7740 2016 2017 7741 3026 3026 7742 3024 3024 7743 2027 2027 7744 2014 2014 7745 3026 3026 7746 2016 2017 7747 2033 2033 7748 2014 2014 7749 2027 2027 7750 2022 2023 7751 2016 2017 7752 2026 2026 7753 2034 2034 7754 2026 2026 7755 2044 2043 7756 2034 2034 7757 3027 3027 7758 2042 2041 7759 2040 2040 7760 2028 2028 7761 2054 2054 7762 2036 2036 7763 2034 2034 7764 2043 2044 7765 2039 2039 7766 2036 2036 7767 2054 2054 7768 2048 2049 7769 2041 2042 7770 3028 3028 7771 2053 2053 7772 2047 2047 7773 2046 2046 7774 2064 2064 7775 3029 3029 7776 2065 2065 7777 2067 2067 7778 2058 2057 7779 2071 2070 7780 2057 2058 7781 2055 2055 7782 2061 2061 7783 2062 2062 7784 2050 2051 7785 2068 2069 7786 2075 2075 7787 2065 2065 7788 2077 2077 7789 2066 2066 7790 2071 2070 7791 3030 3030 7792 2070 2071 7793 2061 2061 7794 2073 2073 7795 2074 2074 7796 2082 2079 7797 3031 3031 7798 2081 2082 7799 2086 2083 7800 2085 2086 7801 2098 2098 7802 2097 2097 7803 3032 3032 7804 2089 2090 7805 2081 2082 7806 3031 3031 7807 3033 3033 7808 3034 3034 7809 3036 3035 7810 3035 3036 7811 2100 2100 7812 2110 2110 7813 2111 2111 7814 2115 2114 7815 2133 2130 7816 2114 2115 7817 2111 2111 7818 2110 2110 7819 2127 2128 7820 2114 2115 7821 2133 2130 7822 2130 2132 7823 2110 2110 7824 2124 2124 7825 2128 2129 7826 2121 2121 7827 2143 2143 7828 2125 2125 7829 2136 2136 7830 2137 2138 7831 3037 3037 7832 2144 2144 7833 2172 2171 7834 2160 2160 7835 2161 2161 7836 2162 2163 7837 2173 2173 7838 2154 2155 7839 2155 2152 7840 2178 2178 7841 2166 2166 7842 2165 2165 7843 2181 2181 7844 2160 2160 7845 2171 2172 7846 3038 3038 7847 2162 2163 7848 3039 3039 7849 2174 2174 7850 3040 3040 7851 2178 2178 7852 2184 2184 7853 3039 3039 7854 2187 2186 7855 2174 2174 7856 2178 2178 7857 2179 2179 7858 2185 2185 7859 2181 2181 7860 2180 2180 7861 2192 2192 7862 2185 2185 7863 2191 2191 7864 2199 2199 7865 2192 2192 7866 2190 2188 7867 2204 2204 7868 2197 2197 7869 2199 2199 7870 2205 2206 7871 2198 2198 7872 3041 3041 7873 2200 2200 7874 2199 2199 7875 2203 2203 7876 2207 2207 7877 2204 2204 7878 2202 2201 7879 2217 2217 7880 2211 2208 7881 2223 2223 7882 3042 3042 7883 2211 2208 7884 2210 2211 7885 2223 2223 7886 2207 2207 7887 2216 2216 7888 2221 2221 7889 2217 2217 7890 2215 2214 7891 2227 2227 7892 2220 2220 7893 2221 2221 7894 2234 2234 7895 2223 2223 7896 2222 2222 7897 2236 2236 7898 2234 2234 7899 2230 2230 7900 2242 2242 7901 2236 2236 7902 2235 2235 7903 2246 2244 7904 2240 2241 7905 2241 2240 7906 2255 2255 7907 2248 2248 7908 2247 2247 7909 2260 2260 7910 2238 2239 7911 3043 3043 7912 2254 2254 7913 2243 2243 7914 2255 2255 7915 2264 2264 7916 3044 3044 7917 2268 2267 7918 2266 2266 7919 2247 2247 7920 2257 2257 7921 2259 2259 7922 2255 2255 7923 2258 2258 7924 2265 2265 7925 2260 2260 7926 2259 2259 7927 2272 2272 7928 2262 2262 7929 2261 2261 7930 2275 2275 7931 2269 2269 7932 2280 2280 7933 2259 2259 7934 2261 2261 7935 2273 2273 7936 2275 2275 7937 2264 2264 7938 2265 2265 7939 2276 2276 7940 2268 2267 7941 2279 2278 7942 2267 2268 7943 2259 2259 7944 2280 2280 7945 2271 2271 7946 2265 2265 7947 2270 2270 7948 2277 2277 7949 2272 2272 7950 2271 2271 7951 2284 2284 7952 2273 2273 7953 2251 2252 7954 2274 2274 7955 2276 2276 7956 2277 2277 7957 2288 2288 7958 2279 2278 7959 2291 2290 7960 2278 2279 7961 2271 2271 7962 2281 2281 7963 2283 2283 7964 2282 2282 7965 3045 3045 7966 2277 2277 7967 2283 2283 7968 2287 2287 7969 2284 2284 7970 2277 2277 7971 3045 3045 7972 2292 2293 7973 2284 2284 7974 2287 2287 7975 2306 2306 7976 3045 3045 7977 2298 2298 7978 2292 2293 7979 2287 2287 7980 2297 2297 7981 2306 2306 7982 3046 3046 7983 2312 2312 7984 3047 3047 7985 3046 3046 7986 2310 2310 7987 2312 2312 7988 2294 2292 7989 2298 2298 7990 2317 2317 7991 2305 2305 7992 2297 2297 7993 2320 2320 7994 2322 2323 7995 2323 2321 7996 2339 2339 7997 2334 2334 7998 3048 3048 7999 2333 2333 8000 2323 2321 8001 3049 3049 8002 2339 2339 8003 2333 2333 8004 3048 3048 8005 3050 3050 8006 3051 3051 8007 3053 3052 8008 3052 3053 8009 2328 2327 8010 2341 2341 8011 2347 2347 8012 2342 2342 8013 2348 2348 8014 2343 2343 8015 3050 3050 8016 3048 3048 8017 3054 3054 8018 3052 3053 8019 3053 3052 8020 2353 2353 8021 3048 3048 8022 3055 3055 8023 3054 3054 8024 3053 3052 8025 3056 3056 8026 2353 2353 8027 3053 3052 8028 3057 3057 8029 3056 3056 8030 3056 3056 8031 2355 2354 8032 2353 2353 8033 3058 3058 8034 2362 2362 8035 2350 2350 8036 2347 2347 8037 2351 2351 8038 3059 3059 8039 2348 2348 8040 2367 2367 8041 2352 2352 8042 2337 2338 8043 2338 2335 8044 2370 2370 8045 2357 2357 8046 2356 2356 8047 2373 2373 8048 2354 2355 8049 2363 2363 8050 2374 2374 8051 2356 2356 8052 2369 2369 8053 2372 2372 8054 3060 3060 8055 2370 2370 8056 2377 2377 8057 2352 2352 8058 2368 2368 8059 3061 3061 8060 2370 2370 8061 2371 2371 8062 2378 2378 8063 2373 2373 8064 2372 2372 8065 2392 2392 8066 2371 2371 8067 2394 2393 8068 2378 2378 8069 2372 2372 8070 2387 2387 8071 2392 2392 8072 2383 2383 8073 2386 2386 8074 2398 2398 8075 2385 2385 8076 3062 3062 8077 2387 2387 8078 2386 2386 8079 2396 2396 8080 2398 2398 8081 2387 2387 8082 3062 3062 8083 2395 2395 8084 2378 2378 8085 2393 2394 8086 2358 2360 8087 2388 2388 8088 2358 2360 8089 2359 2359 8090 2389 2389 8091 2405 2404 8092 2390 2390 8093 2391 2391 8094 2395 2395 8095 2413 2413 8096 2396 2396 8097 3063 3063 8098 2406 2406 8099 2410 2410 8100 2409 2409 8101 2422 2422 8102 2409 2409 8103 3064 3064 8104 2420 2420 8105 2409 2409 8106 2420 2420 8107 2422 2422 8108 2411 2411 8109 2401 2401 8110 2361 2358 8111 2412 2412 8112 2433 2433 8113 2413 2413 8114 2361 2358 8115 2401 2401 8116 2427 2427 8117 2413 2413 8118 2433 2433 8119 2424 2424 8120 2402 2403 8121 2445 2445 8122 2428 2428 8123 2434 2434 8124 2450 2450 8125 2431 2431 8126 2403 2400 8127 2453 2452 8128 2445 2445 8129 2446 2446 8130 2447 2448 8131 2454 2454 8132 2443 2443 8133 2442 2442 8134 3065 3065 8135 3066 3066 8136 3068 3067 8137 3067 3068 8138 2442 2442 8139 3069 3069 8140 3065 3065 8141 3070 3070 8142 3071 3071 8143 3072 3072 8144 2445 2445 8145 2452 2453 8146 2456 2456 8147 2447 2448 8148 3073 3073 8149 2455 2455 8150 3074 3074 8151 2470 2470 8152 2472 2472 8153 3075 3075 8154 2473 2473 8155 2461 2461 8156 2466 2466 8157 2465 2465 8158 3076 3076 8159 2467 2467 8160 3077 3077 8161 2468 2468 8162 2460 2459 8163 2479 2478 8164 2459 2460 8165 2461 2461 8166 2474 2474 8167 2462 2462 8168 3077 3077 8169 3078 3078 8170 3079 3079 8171 3077 3077 8172 3079 3079 8173 2468 2468 8174 2459 2460 8175 2479 2478 8176 2477 2477 8177 2462 2462 8178 2474 2474 8179 2481 2481 8180 2472 2472 8181 2475 2475 8182 2483 2483 8183 2468 2468 8184 3079 3079 8185 3080 3080 8186 2471 2471 8187 2487 2487 8188 2475 2475 8189 2474 2474 8190 2476 2476 8191 2480 2480 8192 3081 3081 8193 3082 3082 8194 2437 2438 8195 2480 2480 8196 2489 2489 8197 2481 2481 8198 2475 2475 8199 2490 2490 8200 2482 2482 8201 2486 2485 8202 2494 2493 8203 2485 2486 8204 3082 3082 8205 2438 2439 8206 2437 2438 8207 2481 2481 8208 2489 2489 8209 3083 3083 8210 2490 2490 8211 2495 2495 8212 3084 3084 8213 2491 2491 8214 3085 3085 8215 2504 2504 8216 3084 3084 8217 2495 2495 8218 2526 2526 8219 3085 3085 8220 2524 2524 8221 2504 2504 8222 2495 2495 8223 2513 2514 8224 2526 2526 8225 2504 2504 8226 2524 2524 8227 2528 2528 8228 2507 2508 8229 2517 2517 8230 2529 2529 8231 2524 2524 8232 2523 2523 8233 2527 2527 8234 3086 3086 8235 2514 2515 8236 2513 2514 8237 2512 2512 8238 2521 2521 8239 3087 3087 8240 3088 3088 8241 3090 3089 8242 3089 3090 8243 2531 2531 8244 2548 2548 8245 2527 2527 8246 3091 3091 8247 3093 3092 8248 3092 3093 8249 2527 2527 8250 2548 2548 8251 2542 2542 8252 2541 2541 8253 2516 2513 8254 2551 2551 8255 2542 2542 8256 2549 2549 8257 2540 2540 8258 2545 2545 8259 2544 2544 8260 2553 2553 8261 2516 2513 8262 2546 2546 8263 2550 2550 8264 2533 2533 8265 2547 2547 8266 2556 2556 8267 2548 2548 8268 2559 2559 8269 2549 2549 8270 2546 2546 8271 2554 2554 8272 2550 2550 8273 2547 2547 8274 2558 2557 8275 2556 2556 8276 2550 2550 8277 2555 2555 8278 2551 2551 8279 2552 2552 8280 2549 2549 8281 2563 2563 8282 2544 2544 8283 2537 2538 8284 2536 2537 8285 2549 2549 8286 2560 2560 8287 2562 2562 8288 2561 2561 8289 2555 2555 8290 2573 2573 8291 2562 2562 8292 2574 2574 8293 2563 2563 8294 3094 3094 8295 2583 2582 8296 2581 2581 8297 2557 2558 8298 2565 2565 8299 2578 2579 8300 2573 2573 8301 2572 2572 8302 2585 2586 8303 2574 2574 8304 2588 2588 8305 2575 2575 8306 2585 2586 8307 2572 2572 8308 2586 2587 8309 2588 2588 8310 2600 2600 8311 2589 2589 8312 2583 2582 8313 2603 2602 8314 2592 2592 8315 2589 2589 8316 2601 2601 8317 2593 2593 8318 2590 2590 8319 3095 3095 8320 3096 3096 8321 2590 2590 8322 3096 3096 8323 2591 2591 8324 2601 2601 8325 3097 3097 8326 2604 2604 8327 3098 3098 8328 2620 2620 8329 3099 3099 8330 3100 3100 8331 3101 3101 8332 3102 3102 8333 3103 3103 8334 3104 3104 8335 2627 2627 8336 3099 3099 8337 2620 2620 8338 2630 2630 8339 2618 2618 8340 2617 2617 8341 2633 2633 8342 2623 2623 8343 3105 3105 8344 2624 2624 8345 3104 3104 8346 2629 2628 8347 2627 2627 8348 2620 2620 8349 2614 2611 8350 2630 2630 8351 2617 2617 8352 2631 2631 8353 2633 2633 8354 3105 3105 8355 2634 2634 8356 2624 2624 8357 2621 2622 8358 2643 2642 8359 2614 2611 8360 2624 2624 8361 2635 2635 8362 2626 2626 8363 2614 2611 8364 2643 2642 8365 2613 2614 8366 2626 2626 8367 2635 2635 8368 2644 2644 8369 2613 2614 8370 2642 2643 8371 2646 2646 8372 2644 2644 8373 2641 2640 8374 2654 2654 8375 2646 2646 8376 2659 2659 8377 2645 2645 8378 3106 3106 8379 3108 3107 8380 3107 3108 8381 2645 2645 8382 2659 2659 8383 3109 3109 8384 3108 3107 8385 3110 3110 8386 3107 3108 8387 2659 2659 8388 2666 2666 8389 3109 3109 8390 3107 3108 8391 3110 3110 8392 2678 2678 8393 3109 3109 8394 2666 2666 8395 2676 2676 8396 3110 3110 8397 2680 2679 8398 2678 2678 8399 2670 2670 8400 2683 2682 8401 2666 2666 8402 2669 2668 8403 2681 2681 8404 2667 2667 8405 3111 3111 8406 3113 3112 8407 3112 3113 8408 2678 2678 8409 2679 2680 8410 2690 2690 8411 2665 2665 8412 2675 2675 8413 2686 2686 8414 3114 3114 8415 2692 2692 8416 2694 2694 8417 2683 2682 8418 3115 3115 8419 2682 2683 8420 2681 2681 8421 3116 3116 8422 2684 2684 8423 2695 2695 8424 2685 2685 8425 2702 2702 8426 2696 2696 8427 2703 2703 8428 2693 2693 8429 2682 2683 8430 3115 3115 8431 3117 3117 8432 2684 2684 8433 3116 3116 8434 2708 2709 8435 3115 3115 8436 2711 2713 8437 3117 3117 8438 3116 3116 8439 2718 2718 8440 2708 2709 8441 3117 3117 8442 2711 2713 8443 2717 2717 8444 2708 2709 8445 2718 2718 8446 2709 2710 8447 2713 2714 8448 2730 2729 8449 2712 2712 8450 3118 3118 8451 2733 2732 8452 2731 2731 8453 2712 2712 8454 2729 2730 8455 2724 2724 8456 2719 2719 8457 2746 2746 8458 2725 2725 8459 2724 2724 8460 2729 2730 8461 2744 2744 8462 2725 2725 8463 2746 2746 8464 2736 2737 8465 2729 2730 8466 2742 2742 8467 2745 2745 8468 2732 2733 8469 2752 2750 8470 2743 2743 8471 2728 2728 8472 2727 2727 8473 2754 2754 8474 3119 3119 8475 2755 2755 8476 2757 2757 8477 2745 2745 8478 2761 2760 8479 2748 2748 8480 2747 2747 8481 2762 2762 8482 2749 2749 8483 3120 3120 8484 3122 3121 8485 3121 3122 8486 2755 2755 8487 2770 2770 8488 2756 2756 8489 2761 2760 8490 3123 3123 8491 2760 2761 8492 2762 2762 8493 2766 2766 8494 2763 2763 8495 3127 3124 8496 3124 3124 8497 3125 3124 8498 3125 3124 8499 3126 3124 8500 3127 3124 8501 3131 3125 8502 3128 3125 8503 3129 3125 8504 3129 3125 8505 3130 3125 8506 3131 3125 8507 3135 3126 8508 3132 3126 8509 3133 3126 8510 3133 3126 8511 3134 3126 8512 3135 3126 8513 3139 3124 8514 3136 3124 8515 3137 3124 8516 3137 3124 8517 3138 3124 8518 3139 3124 8519 3143 3127 8520 3140 3127 8521 3141 3127 8522 3141 3127 8523 3142 3127 8524 3143 3127 8525 3147 3128 8526 3145 3128 8527 3144 3128 8528 3145 3128 8529 3147 3128 8530 3146 3128 8531 3151 3128 8532 3149 3128 8533 3148 3128 8534 3149 3129 8535 3151 3129 8536 3150 3129 8537 3155 3128 8538 3153 3128 8539 3152 3128 8540 3153 3128 8541 3155 3128 8542 3154 3128 8543 3159 3128 8544 3157 3128 8545 3156 3128 8546 3157 3130 8547 3159 3130 8548 3158 3130 8549 3163 3127 8550 3160 3127 8551 3161 3127 8552 3161 3127 8553 3162 3127 8554 3163 3127 8555 3167 3127 8556 3164 3127 8557 3165 3127 8558 3165 3127 8559 3166 3127 8560 3167 3127 8561 3171 3125 8562 3168 3125 8563 3169 3125 8564 3169 3125 8565 3170 3125 8566 3171 3125 8567 3175 3126 8568 3172 3126 8569 3173 3126 8570 3173 3126 8571 3174 3126 8572 3175 3126 8573 3179 3131 8574 3177 3131 8575 3176 3131 8576 3177 3132 8577 3179 3132 8578 3178 3132 8579 3183 3133 8580 3181 3133 8581 3180 3133 8582 3181 3134 8583 3183 3134 8584 3182 3134 8585 3187 3135 8586 3185 3135 8587 3184 3135 8588 3185 3136 8589 3187 3136 8590 3186 3136 8591 3191 3137 8592 3189 3137 8593 3188 3137 8594 3189 3138 8595 3191 3138 8596 3190 3138 8597 3195 3128 8598 3193 3128 8599 3192 3128 8600 3193 3128 8601 3195 3128 8602 3194 3128 8603 3199 3128 8604 3197 3128 8605 3196 3128 8606 3197 3128 8607 3199 3128 8608 3198 3128 8609 3203 3128 8610 3201 3128 8611 3200 3128 8612 3201 3128 8613 3203 3128 8614 3202 3128 8615 3207 3128 8616 3205 3128 8617 3204 3128 8618 3205 3128 8619 3207 3128 8620 3206 3128 8621 3211 3125 8622 3208 3125 8623 3209 3125 8624 3209 3125 8625 3210 3125 8626 3211 3125 8627 3215 3126 8628 3212 3126 8629 3213 3126 8630 3213 3126 8631 3214 3126 8632 3215 3126 8633 3219 3124 8634 3216 3124 8635 3217 3124 8636 3217 3124 8637 3218 3124 8638 3219 3124 8639 3226 3139 8640 3221 3139 8641 3220 3139 8642 3226 3140 8643 3222 3140 8644 3221 3140 8645 3226 3141 8646 3223 3141 8647 3222 3141 8648 3223 3142 8649 3225 3142 8650 3224 3142 8651 3223 3128 8652 3226 3128 8653 3225 3128 8654 3233 3143 8655 3228 3143 8656 3227 3143 8657 3233 3144 8658 3229 3144 8659 3228 3144 8660 3233 3145 8661 3230 3145 8662 3229 3145 8663 3230 3128 8664 3232 3128 8665 3231 3128 8666 3230 3128 8667 3233 3128 8668 3232 3128 8669 3240 3146 8670 3235 3146 8671 3234 3146 8672 3240 3147 8673 3236 3147 8674 3235 3147 8675 3240 3148 8676 3237 3148 8677 3236 3148 8678 3237 3149 8679 3239 3149 8680 3238 3149 8681 3237 3128 8682 3240 3128 8683 3239 3128 8684 3247 3150 8685 3242 3150 8686 3241 3150 8687 3247 3151 8688 3243 3151 8689 3242 3151 8690 3247 3152 8691 3244 3152 8692 3243 3152 8693 3244 3128 8694 3246 3128 8695 3245 3128 8696 3244 3128 8697 3247 3128 8698 3246 3128 8699 3251 3153 8700 3248 3154 8701 3249 3155 8702 3249 3155 8703 3250 3156 8704 3251 3153 8705 3253 3157 8706 3252 3158 8707 3248 3154 8708 3248 3154 8709 3251 3153 8710 3253 3157 8711 3257 3159 8712 3254 3160 8713 3255 3161 8714 3255 3161 8715 3256 3162 8716 3257 3159 8717 3250 3156 8718 3249 3155 8719 3258 3163 8720 3258 3163 8721 3259 3164 8722 3250 3156 8723 3263 3165 8724 3260 3166 8725 3261 3167 8726 3261 3167 8727 3262 3168 8728 3263 3165 8729 3267 3169 8730 3264 3170 8731 3265 3171 8732 3265 3171 8733 3266 3172 8734 3267 3169 8735 3269 3173 8736 3268 3174 8737 3254 3160 8738 3254 3160 8739 3257 3159 8740 3269 3173 8741 3273 3175 8742 3270 3176 8743 3271 3177 8744 3271 3177 8745 3272 3178 8746 3273 3175 8747 3275 3179 8748 3274 3180 8749 3270 3176 8750 3270 3176 8751 3273 3175 8752 3275 3179 8753 3279 3181 8754 3276 3182 8755 3277 3183 8756 3277 3183 8757 3278 3184 8758 3279 3181 8759 3256 3162 8760 3255 3161 8761 3264 3170 8762 3264 3170 8763 3267 3169 8764 3256 3162 8765 3262 3168 8766 3261 3167 8767 3276 3182 8768 3276 3182 8769 3279 3181 8770 3262 3168 8771 3266 3172 8772 3265 3171 8773 3280 3185 8774 3280 3185 8775 3281 3186 8776 3266 3172 8777 3281 3186 8778 3280 3185 8779 3252 3158 8780 3252 3158 8781 3253 3157 8782 3281 3186 8783 3259 3164 8784 3258 3163 8785 3260 3166 8786 3260 3166 8787 3263 3165 8788 3259 3164 8789 3272 3178 8790 3271 3177 8791 3268 3174 8792 3268 3174 8793 3269 3173 8794 3272 3178 8795 3285 3187 8796 3283 3188 8797 3282 3189 8798 3283 3188 8799 3285 3187 8800 3284 3190 8801 3289 3191 8802 3287 3192 8803 3286 3193 8804 3287 3192 8805 3289 3191 8806 3288 3194 8807 3291 3195 8808 3286 3193 8809 3290 3196 8810 3286 3193 8811 3291 3195 8812 3289 3191 8813 3295 3197 8814 3293 3198 8815 3292 3199 8816 3293 3198 8817 3295 3197 8818 3294 3200 8819 3299 3201 8820 3297 3202 8821 3296 3203 8822 3297 3202 8823 3299 3201 8824 3298 3204 8825 3301 3205 8826 3296 3203 8827 3300 3128 8828 3296 3203 8829 3301 3205 8830 3299 3201 8831 3294 3200 8832 3302 3206 8833 3293 3198 8834 3302 3206 8835 3294 3200 8836 3303 3207 8837 3298 3204 8838 3304 3208 8839 3297 3202 8840 3304 3208 8841 3298 3204 8842 3305 3209 8843 3288 3194 8844 3300 3128 8845 3287 3192 8846 3300 3128 8847 3288 3194 8848 3301 3205 8849 3307 3210 8850 3290 3196 8851 3306 3211 8852 3290 3196 8853 3307 3210 8854 3291 3195 8855 3311 3212 8856 3309 3213 8857 3308 3214 8858 3309 3213 8859 3311 3212 8860 3310 3215 8861 3284 3190 8862 3308 3214 8863 3283 3188 8864 3308 3214 8865 3284 3190 8866 3311 3212 8867 3305 3209 8868 3312 3216 8869 3304 3208 8870 3312 3216 8871 3305 3209 8872 3313 3217 8873 3315 3218 8874 3292 3199 8875 3314 3219 8876 3292 3199 8877 3315 3218 8878 3295 3197 8879 3313 3217 8880 3314 3219 8881 3312 3216 8882 3314 3219 8883 3313 3217 8884 3315 3218 8885 3303 3207 8886 3282 3189 8887 3302 3206 8888 3282 3189 8889 3303 3207 8890 3285 3187 8891 3317 3220 8892 3310 3215 8893 3311 3212 8894 3310 3215 8895 3317 3220 8896 3316 3221 8897 3318 3222 8898 3311 3212 8899 3284 3190 8900 3311 3212 8901 3318 3222 8902 3317 3220 8903 3320 3223 8904 3313 3217 8905 3305 3209 8906 3313 3217 8907 3320 3223 8908 3319 3224 8909 3322 3225 8910 3295 3197 8911 3315 3218 8912 3295 3197 8913 3322 3225 8914 3321 3226 8915 3319 3224 8916 3315 3218 8917 3313 3217 8918 3315 3218 8919 3319 3224 8920 3322 3225 8921 3324 3227 8922 3285 3187 8923 3303 3207 8924 3285 3187 8925 3324 3227 8926 3323 3228 8927 3323 3228 8928 3284 3190 8929 3285 3187 8930 3284 3190 8931 3323 3228 8932 3318 3222 8933 3326 3229 8934 3288 3194 8935 3289 3191 8936 3288 3194 8937 3326 3229 8938 3325 3230 8939 3327 3231 8940 3289 3191 8941 3291 3195 8942 3289 3191 8943 3327 3231 8944 3326 3229 8945 3321 3226 8946 3294 3200 8947 3295 3197 8948 3294 3200 8949 3321 3226 8950 3328 3232 8951 3330 3233 8952 3298 3204 8953 3299 3201 8954 3298 3204 8955 3330 3233 8956 3329 3234 8957 3331 3235 8958 3299 3201 8959 3301 3205 8960 3299 3201 8961 3331 3235 8962 3330 3233 8963 3328 3232 8964 3303 3207 8965 3294 3200 8966 3303 3207 8967 3328 3232 8968 3324 3227 8969 3329 3234 8970 3305 3209 8971 3298 3204 8972 3305 3209 8973 3329 3234 8974 3320 3223 8975 3325 3230 8976 3301 3205 8977 3288 3194 8978 3301 3205 8979 3325 3230 8980 3331 3235 8981 3332 3236 8982 3291 3195 8983 3307 3210 8984 3291 3195 8985 3332 3236 8986 3327 3231 8987 3336 3128 8988 3333 3128 8989 3334 3128 8990 3334 3128 8991 3335 3128 8992 3336 3128 8993 3340 3128 8994 3337 3128 8995 3338 3128 8996 3338 3237 8997 3339 3237 8998 3340 3237 8999 3344 3238 9000 3341 3238 9001 3342 3238 9002 3342 3128 9003 3343 3128 9004 3344 3128 9005 3346 3128 9006 3345 3128 9007 3333 3128 9008 3333 3128 9009 3336 3128 9010 3346 3128 9011 3350 3128 9012 3347 3128 9013 3348 3128 9014 3348 3128 9015 3349 3128 9016 3350 3128 9017 3354 3128 9018 3351 3128 9019 3352 3128 9020 3352 3128 9021 3353 3128 9022 3354 3128 9023 3356 3128 9024 3355 3128 9025 3351 3128 9026 3351 3128 9027 3354 3128 9028 3356 3128 9029 3343 3128 9030 3342 3128 9031 3357 3128 9032 3357 3128 9033 3358 3128 9034 3343 3128 9035 3362 3128 9036 3359 3128 9037 3360 3128 9038 3360 3128 9039 3361 3128 9040 3362 3128 9041 3358 3128 9042 3357 3128 9043 3359 3128 9044 3359 3128 9045 3362 3128 9046 3358 3128 9047 3339 3128 9048 3338 3128 9049 3363 3128 9050 3363 3128 9051 3364 3128 9052 3339 3128 9053 3364 3128 9054 3363 3128 9055 3355 3128 9056 3355 3128 9057 3356 3128 9058 3364 3128 9059 3366 3128 9060 3365 3128 9061 3345 3128 9062 3345 3239 9063 3346 3239 9064 3366 3239 9065 3349 3128 9066 3348 3128 9067 3365 3128 9068 3365 3128 9069 3366 3128 9070 3349 3128 9071 3361 3128 9072 3360 3128 9073 3337 3128 9074 3337 3240 9075 3340 3240 9076 3361 3240 9077 3335 3128 9078 3334 3128 9079 3341 3128 9080 3341 3241 9081 3344 3241 9082 3335 3241 9083 3370 3242 9084 3367 3243 9085 3368 3244 9086 3368 3244 9087 3369 3245 9088 3370 3242 9089 3374 3246 9090 3371 3247 9091 3372 3248 9092 3372 3248 9093 3373 3249 9094 3374 3246 9095 3376 3250 9096 3375 3251 9097 3371 3247 9098 3371 3247 9099 3374 3246 9100 3376 3250 9101 3380 3252 9102 3377 3253 9103 3378 3254 9104 3378 3254 9105 3379 3255 9106 3380 3252 9107 3384 3256 9108 3381 3257 9109 3382 3258 9110 3382 3258 9111 3383 3259 9112 3384 3256 9113 3386 3260 9114 3385 3261 9115 3381 3257 9116 3381 3257 9117 3384 3256 9118 3386 3260 9119 3379 3255 9120 3378 3254 9121 3387 3262 9122 3387 3262 9123 3388 3263 9124 3379 3255 9125 3383 3259 9126 3382 3258 9127 3389 3264 9128 3389 3264 9129 3390 3265 9130 3383 3259 9131 3373 3249 9132 3372 3248 9133 3385 3261 9134 3385 3261 9135 3386 3260 9136 3373 3249 9137 3392 3266 9138 3391 3267 9139 3375 3251 9140 3375 3251 9141 3376 3250 9142 3392 3266 9143 3396 3268 9144 3393 3269 9145 3394 3270 9146 3394 3270 9147 3395 3271 9148 3396 3268 9149 3369 3245 9150 3368 3244 9151 3393 3269 9152 3393 3269 9153 3396 3268 9154 3369 3245 9155 3390 3265 9156 3389 3264 9157 3397 3272 9158 3397 3272 9159 3398 3273 9160 3390 3265 9161 3400 3274 9162 3399 3275 9163 3377 3253 9164 3377 3253 9165 3380 3252 9166 3400 3274 9167 3398 3273 9168 3397 3272 9169 3399 3275 9170 3399 3275 9171 3400 3274 9172 3398 3273 9173 3388 3263 9174 3387 3262 9175 3367 3243 9176 3367 3243 9177 3370 3242 9178 3388 3263 9179 3404 3276 9180 3402 3276 9181 3401 3276 9182 3402 3277 9183 3404 3277 9184 3403 3277 9185 3406 3128 9186 3401 3128 9187 3405 3128 9188 3401 3278 9189 3406 3278 9190 3404 3278 9191 3410 3279 9192 3408 3279 9193 3407 3279 9194 3408 3280 9195 3410 3280 9196 3409 3280 9197 3414 3281 9198 3412 3281 9199 3411 3281 9200 3412 3128 9201 3414 3128 9202 3413 3128 9203 3409 3282 9204 3411 3282 9205 3408 3282 9206 3411 3283 9207 3409 3283 9208 3414 3283 9209 3418 3128 9210 3416 3128 9211 3415 3128 9212 3416 3128 9213 3418 3128 9214 3417 3128 9215 3417 3128 9216 3405 3128 9217 3416 3128 9218 3405 3284 9219 3417 3284 9220 3406 3284 9221 3422 3128 9222 3420 3128 9223 3419 3128 9224 3420 3285 9225 3422 3285 9226 3421 3285 9227 3424 3286 9228 3419 3286 9229 3423 3286 9230 3419 3128 9231 3424 3128 9232 3422 3128 9233 3413 3128 9234 3425 3128 9235 3412 3128 9236 3425 3287 9237 3413 3287 9238 3426 3287 9239 3430 3128 9240 3428 3128 9241 3427 3128 9242 3428 3288 9243 3430 3288 9244 3429 3288 9245 3432 3128 9246 3427 3128 9247 3431 3128 9248 3427 3128 9249 3432 3128 9250 3430 3128 9251 3426 3289 9252 3415 3289 9253 3425 3289 9254 3415 3128 9255 3426 3128 9256 3418 3128 9257 3429 3290 9258 3407 3290 9259 3428 3290 9260 3407 3128 9261 3429 3128 9262 3410 3128 9263 3421 3128 9264 3431 3128 9265 3420 3128 9266 3431 3128 9267 3421 3128 9268 3432 3128 9269 3434 3276 9270 3423 3276 9271 3433 3276 9272 3423 3291 9273 3434 3291 9274 3424 3291 9275 3438 3292 9276 3435 3293 9277 3436 3294 9278 3436 3294 9279 3437 3295 9280 3438 3292 9281 3442 3296 9282 3439 3297 9283 3440 3298 9284 3440 3298 9285 3441 3299 9286 3442 3296 9287 3446 3300 9288 3443 3301 9289 3444 3302 9290 3444 3302 9291 3445 3303 9292 3446 3300 9293 3448 3304 9294 3447 3305 9295 3435 3293 9296 3435 3293 9297 3438 3292 9298 3448 3304 9299 3452 3306 9300 3449 3307 9301 3450 3308 9302 3450 3308 9303 3451 3309 9304 3452 3306 9305 3456 3310 9306 3453 3311 9307 3454 3312 9308 3454 3312 9309 3455 3313 9310 3456 3310 9311 3458 3314 9312 3457 3315 9313 3453 3311 9314 3453 3311 9315 3456 3310 9316 3458 3314 9317 3445 3303 9318 3444 3302 9319 3459 3316 9320 3459 3316 9321 3460 3317 9322 3445 3303 9323 3464 3318 9324 3461 3319 9325 3462 3320 9326 3462 3320 9327 3463 3321 9328 3464 3318 9329 3460 3317 9330 3459 3316 9331 3461 3319 9332 3461 3319 9333 3464 3318 9334 3460 3317 9335 3441 3299 9336 3440 3298 9337 3465 3322 9338 3465 3322 9339 3466 3323 9340 3441 3299 9341 3466 3323 9342 3465 3322 9343 3457 3315 9344 3457 3315 9345 3458 3314 9346 3466 3323 9347 3468 3324 9348 3467 3325 9349 3447 3305 9350 3447 3305 9351 3448 3304 9352 3468 3324 9353 3451 3309 9354 3450 3308 9355 3467 3325 9356 3467 3325 9357 3468 3324 9358 3451 3309 9359 3463 3321 9360 3462 3320 9361 3439 3297 9362 3439 3297 9363 3442 3296 9364 3463 3321 9365 3437 3295 9366 3436 3294 9367 3443 3301 9368 3443 3301 9369 3446 3300 9370 3437 3295 9371 3472 3326 9372 3469 3326 9373 3470 3326 9374 3470 3327 9375 3471 3327 9376 3472 3327 9377 3474 3328 9378 3473 3328 9379 3469 3328 9380 3469 3329 9381 3472 3329 9382 3474 3329 9383 3478 3326 9384 3475 3326 9385 3476 3326 9386 3476 3330 9387 3477 3330 9388 3478 3330 9389 3482 3331 9390 3479 3331 9391 3480 3331 9392 3480 3332 9393 3481 3332 9394 3482 3332 9395 3484 3326 9396 3483 3326 9397 3479 3326 9398 3479 3333 9399 3482 3333 9400 3484 3333 9401 3477 3334 9402 3476 3334 9403 3485 3334 9404 3485 3326 9405 3486 3326 9406 3477 3326 9407 3481 3326 9408 3480 3326 9409 3487 3326 9410 3487 3335 9411 3488 3335 9412 3481 3335 9413 3471 3336 9414 3470 3336 9415 3483 3336 9416 3483 3326 9417 3484 3326 9418 3471 3326 9419 3490 3337 9420 3489 3337 9421 3473 3337 9422 3473 3338 9423 3474 3338 9424 3490 3338 9425 3494 3339 9426 3491 3339 9427 3492 3339 9428 3492 3340 9429 3493 3340 9430 3494 3340 9431 3496 3341 9432 3495 3341 9433 3491 3341 9434 3491 3342 9435 3494 3342 9436 3496 3342 9437 3488 3343 9438 3487 3343 9439 3497 3343 9440 3497 3344 9441 3498 3344 9442 3488 3344 9443 3500 3345 9444 3499 3345 9445 3475 3345 9446 3475 3346 9447 3478 3346 9448 3500 3346 9449 3498 3347 9450 3497 3347 9451 3499 3347 9452 3499 3348 9453 3500 3348 9454 3498 3348 9455 3486 3326 9456 3485 3326 9457 3501 3326 9458 3501 3349 9459 3502 3349 9460 3486 3349 9461 3502 3326 9462 3501 3326 9463 3495 3326 9464 3495 3350 9465 3496 3350 9466 3502 3350 9467 3506 3351 9468 3503 3352 9469 3504 3353 9470 3504 3353 9471 3505 3354 9472 3506 3351 9473 3510 3355 9474 3507 3356 9475 3508 3357 9476 3508 3357 9477 3509 3358 9478 3510 3355 9479 3514 3359 9480 3511 3360 9481 3512 3361 9482 3512 3361 9483 3513 3362 9484 3514 3359 9485 3509 3358 9486 3508 3357 9487 3511 3360 9488 3511 3360 9489 3514 3359 9490 3509 3358 9491 3518 3363 9492 3515 3364 9493 3516 3365 9494 3516 3365 9495 3517 3366 9496 3518 3363 9497 3517 3366 9498 3516 3365 9499 3503 3352 9500 3503 3352 9501 3506 3351 9502 3517 3366 9503 3522 3367 9504 3519 3368 9505 3520 3369 9506 3520 3369 9507 3521 3370 9508 3522 3367 9509 3524 3371 9510 3523 3372 9511 3519 3368 9512 3519 3368 9513 3522 3367 9514 3524 3371 9515 3513 3362 9516 3512 3361 9517 3525 3373 9518 3525 3373 9519 3526 3374 9520 3513 3362 9521 3530 3375 9522 3527 3376 9523 3528 3377 9524 3528 3377 9525 3529 3378 9526 3530 3375 9527 3532 3379 9528 3531 3380 9529 3527 3376 9530 3527 3376 9531 3530 3375 9532 3532 3379 9533 3526 3374 9534 3525 3373 9535 3515 3364 9536 3515 3364 9537 3518 3363 9538 3526 3374 9539 3529 3378 9540 3528 3377 9541 3507 3356 9542 3507 3356 9543 3510 3355 9544 3529 3378 9545 3521 3370 9546 3520 3369 9547 3531 3380 9548 3531 3380 9549 3532 3379 9550 3521 3370 9551 3534 3381 9552 3533 3382 9553 3523 3372 9554 3523 3372 9555 3524 3371 9556 3534 3381 9557 3505 3354 9558 3504 3353 9559 3535 3383 9560 3535 3383 9561 3536 3384 9562 3505 3354 9563 3540 3385 9564 3538 3385 9565 3537 3385 9566 3538 3326 9567 3540 3326 9568 3539 3326 9569 3544 3386 9570 3542 3386 9571 3541 3386 9572 3542 3387 9573 3544 3387 9574 3543 3387 9575 3548 3388 9576 3546 3388 9577 3545 3388 9578 3546 3326 9579 3548 3326 9580 3547 3326 9581 3552 3389 9582 3550 3389 9583 3549 3389 9584 3550 3326 9585 3552 3326 9586 3551 3326 9587 3556 3390 9588 3554 3390 9589 3553 3390 9590 3554 3326 9591 3556 3326 9592 3555 3326 9593 3558 3391 9594 3553 3391 9595 3557 3391 9596 3553 3326 9597 3558 3326 9598 3556 3326 9599 3543 3392 9600 3559 3392 9601 3542 3392 9602 3559 3326 9603 3543 3326 9604 3560 3326 9605 3564 3393 9606 3562 3393 9607 3561 3393 9608 3562 3394 9609 3564 3394 9610 3563 3394 9611 3560 3395 9612 3561 3395 9613 3559 3395 9614 3561 3326 9615 3560 3326 9616 3564 3326 9617 3539 3326 9618 3565 3326 9619 3538 3326 9620 3565 3396 9621 3539 3396 9622 3566 3396 9623 3566 3326 9624 3557 3326 9625 3565 3326 9626 3557 3326 9627 3566 3326 9628 3558 3326 9629 3568 3397 9630 3545 3397 9631 3567 3397 9632 3545 3398 9633 3568 3398 9634 3548 3398 9635 3551 3399 9636 3567 3399 9637 3550 3399 9638 3567 3400 9639 3551 3400 9640 3568 3400 9641 3563 3401 9642 3537 3401 9643 3562 3401 9644 3537 3402 9645 3563 3402 9646 3540 3402 9647 3570 3326 9648 3541 3326 9649 3569 3326 9650 3541 3326 9651 3570 3326 9652 3544 3326 9653 3547 3326 9654 3569 3326 9655 3546 3326 9656 3569 3326 9657 3547 3326 9658 3570 3326 9659 3574 3403 9660 3571 3404 9661 3572 3405 9662 3572 3405 9663 3573 3406 9664 3574 3403 9665 3576 3407 9666 3575 3408 9667 3571 3404 9668 3571 3404 9669 3574 3403 9670 3576 3407 9671 3580 3409 9672 3577 3410 9673 3578 3411 9674 3578 3411 9675 3579 3412 9676 3580 3409 9677 3584 3413 9678 3581 3414 9679 3582 3415 9680 3582 3415 9681 3583 3416 9682 3584 3413 9683 3586 3417 9684 3585 3418 9685 3581 3414 9686 3581 3414 9687 3584 3413 9688 3586 3417 9689 3579 3412 9690 3578 3411 9691 3587 3419 9692 3587 3419 9693 3588 3420 9694 3579 3412 9695 3583 3416 9696 3582 3415 9697 3589 3421 9698 3589 3421 9699 3590 3422 9700 3583 3416 9701 3573 3406 9702 3572 3405 9703 3585 3418 9704 3585 3418 9705 3586 3417 9706 3573 3406 9707 3592 3423 9708 3591 3424 9709 3575 3408 9710 3575 3408 9711 3576 3407 9712 3592 3423 9713 3596 3425 9714 3593 3426 9715 3594 3427 9716 3594 3427 9717 3595 3428 9718 3596 3425 9719 3598 3429 9720 3597 3430 9721 3593 3426 9722 3593 3426 9723 3596 3425 9724 3598 3429 9725 3590 3422 9726 3589 3421 9727 3599 3431 9728 3599 3431 9729 3600 3432 9730 3590 3422 9731 3602 3433 9732 3601 3434 9733 3577 3410 9734 3577 3410 9735 3580 3409 9736 3602 3433 9737 3600 3432 9738 3599 3431 9739 3601 3434 9740 3601 3434 9741 3602 3433 9742 3600 3432 9743 3588 3420 9744 3587 3419 9745 3603 3435 9746 3603 3435 9747 3604 3436 9748 3588 3420 9749 3604 3436 9750 3603 3435 9751 3597 3430 9752 3597 3430 9753 3598 3429 9754 3604 3436 9755 3608 3326 9756 3605 3326 9757 3606 3326 9758 3606 3326 9759 3607 3326 9760 3608 3326 9761 3612 3326 9762 3609 3326 9763 3610 3326 9764 3610 3326 9765 3611 3326 9766 3612 3326 9767 3616 3326 9768 3613 3326 9769 3614 3326 9770 3614 3326 9771 3615 3326 9772 3616 3326 9773 3611 3326 9774 3610 3326 9775 3613 3326 9776 3613 3326 9777 3616 3326 9778 3611 3326 9779 3620 3326 9780 3617 3326 9781 3618 3326 9782 3618 3437 9783 3619 3437 9784 3620 3437 9785 3619 3326 9786 3618 3326 9787 3605 3326 9788 3605 3326 9789 3608 3326 9790 3619 3326 9791 3624 3326 9792 3621 3326 9793 3622 3326 9794 3622 3326 9795 3623 3326 9796 3624 3326 9797 3626 3326 9798 3625 3326 9799 3621 3326 9800 3621 3326 9801 3624 3326 9802 3626 3326 9803 3615 3326 9804 3614 3326 9805 3627 3326 9806 3627 3326 9807 3628 3326 9808 3615 3326 9809 3632 3326 9810 3629 3326 9811 3630 3326 9812 3630 3326 9813 3631 3326 9814 3632 3326 9815 3634 3326 9816 3633 3326 9817 3629 3326 9818 3629 3438 9819 3632 3438 9820 3634 3438 9821 3628 3439 9822 3627 3439 9823 3617 3439 9824 3617 3440 9825 3620 3440 9826 3628 3440 9827 3631 3326 9828 3630 3326 9829 3609 3326 9830 3609 3326 9831 3612 3326 9832 3631 3326 9833 3623 3441 9834 3622 3441 9835 3633 3441 9836 3633 3326 9837 3634 3326 9838 3623 3326 9839 3636 3326 9840 3635 3326 9841 3625 3326 9842 3625 3326 9843 3626 3326 9844 3636 3326 9845 3607 3326 9846 3606 3326 9847 3637 3326 9848 3637 3326 9849 3638 3326 9850 3607 3326 9851 3642 3442 9852 3640 3443 9853 3639 3444 9854 3640 3443 9855 3642 3442 9856 3641 3445 9857 3646 3446 9858 3644 3447 9859 3643 3448 9860 3644 3447 9861 3646 3446 9862 3645 3449 9863 3650 3450 9864 3648 3451 9865 3647 3452 9866 3648 3451 9867 3650 3450 9868 3649 3453 9869 3654 3454 9870 3652 3455 9871 3651 3456 9872 3652 3455 9873 3654 3454 9874 3653 3457 9875 3658 3458 9876 3656 3459 9877 3655 3460 9878 3656 3459 9879 3658 3458 9880 3657 3461 9881 3660 3462 9882 3655 3460 9883 3659 3463 9884 3655 3460 9885 3660 3462 9886 3658 3458 9887 3645 3449 9888 3661 3464 9889 3644 3447 9890 3661 3464 9891 3645 3449 9892 3662 3465 9893 3666 3466 9894 3664 3467 9895 3663 3468 9896 3664 3467 9897 3666 3466 9898 3665 3469 9899 3662 3465 9900 3663 3468 9901 3661 3464 9902 3663 3468 9903 3662 3465 9904 3666 3466 9905 3641 3445 9906 3667 3470 9907 3640 3443 9908 3667 3470 9909 3641 3445 9910 3668 3471 9911 3668 3471 9912 3659 3463 9913 3667 3470 9914 3659 3463 9915 3668 3471 9916 3660 3462 9917 3670 3472 9918 3647 3452 9919 3669 3473 9920 3647 3452 9921 3670 3472 9922 3650 3450 9923 3653 3457 9924 3669 3473 9925 3652 3455 9926 3669 3473 9927 3653 3457 9928 3670 3472 9929 3665 3469 9930 3639 3444 9931 3664 3467 9932 3639 3444 9933 3665 3469 9934 3642 3442 9935 3672 3474 9936 3643 3448 9937 3671 3475 9938 3643 3448 9939 3672 3474 9940 3646 3446 9941 3649 3453 9942 3671 3475 9943 3648 3451 9944 3671 3475 9945 3649 3453 9946 3672 3474 9947 3674 3476 9948 3650 3450 9949 3670 3472 9950 3650 3450 9951 3674 3476 9952 3673 3477 9953 3675 3478 9954 3670 3472 9955 3653 3457 9956 3670 3472 9957 3675 3478 9958 3674 3476 9959 3677 3479 9960 3642 3442 9961 3665 3469 9962 3642 3442 9963 3677 3479 9964 3676 3480 9965 3679 3481 9966 3646 3446 9967 3672 3474 9968 3646 3446 9969 3679 3481 9970 3678 3482 9971 3680 3483 9972 3672 3474 9973 3649 3453 9974 3672 3474 9975 3680 3483 9976 3679 3481 9977 3676 3480 9978 3641 3445 9979 3642 3442 9980 3641 3445 9981 3676 3480 9982 3681 3484 9983 3678 3482 9984 3645 3449 9985 3646 3446 9986 3645 3449 9987 3678 3482 9988 3682 3485 9989 3673 3477 9990 3649 3453 9991 3650 3450 9992 3649 3453 9993 3673 3477 9994 3680 3483 9995 3683 3486 9996 3653 3457 9997 3654 3454 9998 3653 3457 9999 3683 3486 10000 3675 3478 10001 3685 3487 10002 3657 3461 10003 3658 3458 10004 3657 3461 10005 3685 3487 10006 3684 3488 10007 3686 3489 10008 3658 3458 10009 3660 3462 10010 3658 3458 10011 3686 3489 10012 3685 3487 10013 3682 3485 10014 3662 3465 10015 3645 3449 10016 3662 3465 10017 3682 3485 10018 3687 3490 10019 3688 3491 10020 3665 3469 10021 3666 3466 10022 3665 3469 10023 3688 3491 10024 3677 3479 10025 3687 3490 10026 3666 3466 10027 3662 3465 10028 3666 3466 10029 3687 3490 10030 3688 3491 10031 3681 3484 10032 3668 3471 10033 3641 3445 10034 3668 3471 10035 3681 3484 10036 3689 3492 10037 3689 3492 10038 3660 3462 10039 3668 3471 10040 3660 3462 10041 3689 3492 10042 3686 3489 10043 3691 3493 10044 3685 3487 10045 3686 3489 10046 3685 3487 10047 3691 3493 10048 3690 3494 10049 3693 3495 10050 3687 3490 10051 3682 3485 10052 3687 3490 10053 3693 3495 10054 3692 3496 10055 3695 3497 10056 3677 3479 10057 3688 3491 10058 3677 3479 10059 3695 3497 10060 3694 3498 10061 3692 3496 10062 3688 3491 10063 3687 3490 10064 3688 3491 10065 3692 3496 10066 3695 3497 10067 3697 3326 10068 3689 3492 10069 3681 3484 10070 3689 3492 10071 3697 3326 10072 3696 3499 10073 3696 3499 10074 3686 3489 10075 3689 3492 10076 3686 3489 10077 3696 3499 10078 3691 3493 10079 3699 3500 10080 3673 3477 10081 3674 3476 10082 3673 3477 10083 3699 3500 10084 3698 3501 10085 3700 3502 10086 3674 3476 10087 3675 3478 10088 3674 3476 10089 3700 3502 10090 3699 3500 10091 3694 3498 10092 3676 3480 10093 3677 3479 10094 3676 3480 10095 3694 3498 10096 3701 3503 10097 3703 3504 10098 3678 3482 10099 3679 3481 10100 3678 3482 10101 3703 3504 10102 3702 3505 10103 3704 3326 10104 3679 3481 10105 3680 3483 10106 3679 3481 10107 3704 3326 10108 3703 3504 10109 3701 3503 10110 3681 3484 10111 3676 3480 10112 3681 3484 10113 3701 3503 10114 3697 3326 10115 3702 3505 10116 3682 3485 10117 3678 3482 10118 3682 3485 10119 3702 3505 10120 3693 3495 10121 3698 3501 10122 3680 3483 10123 3673 3477 10124 3680 3483 10125 3698 3501 10126 3704 3326 10127 3705 3506 10128 3675 3478 10129 3683 3486 10130 3675 3478 10131 3705 3506 10132 3700 3502 10133 3690 3494 10134 3684 3488 10135 3685 3487 10136 3684 3488 10137 3690 3494 10138 3706 3326 10139 3710 3507 10140 3707 3508 10141 3708 3509 10142 3708 3509 10143 3709 3510 10144 3710 3507 10145 3714 3511 10146 3711 3512 10147 3712 3513 10148 3712 3513 10149 3713 3514 10150 3714 3511 10151 3718 3515 10152 3715 3516 10153 3716 3517 10154 3716 3517 10155 3717 3518 10156 3718 3515 10157 3722 3519 10158 3719 3520 10159 3720 3521 10160 3720 3521 10161 3721 3522 10162 3722 3519 10163 3724 3523 10164 3723 3524 10165 3719 3520 10166 3719 3520 10167 3722 3519 10168 3724 3523 10169 3709 3510 10170 3708 3509 10171 3725 3525 10172 3725 3525 10173 3726 3526 10174 3709 3510 10175 3730 3527 10176 3727 3528 10177 3728 3529 10178 3728 3529 10179 3729 3530 10180 3730 3527 10181 3726 3526 10182 3725 3525 10183 3727 3528 10184 3727 3528 10185 3730 3527 10186 3726 3526 10187 3734 3531 10188 3731 3532 10189 3732 3533 10190 3732 3533 10191 3733 3534 10192 3734 3531 10193 3733 3534 10194 3732 3533 10195 3723 3524 10196 3723 3524 10197 3724 3523 10198 3733 3534 10199 3736 3535 10200 3735 3536 10201 3711 3512 10202 3711 3512 10203 3714 3511 10204 3736 3535 10205 3717 3518 10206 3716 3517 10207 3735 3536 10208 3735 3536 10209 3736 3535 10210 3717 3518 10211 3729 3530 10212 3728 3529 10213 3737 3537 10214 3737 3537 10215 3738 3538 10216 3729 3530 10217 3740 3539 10218 3739 3540 10219 3707 3508 10220 3707 3508 10221 3710 3507 10222 3740 3539 10223 3713 3514 10224 3712 3513 10225 3739 3540 10226 3739 3540 10227 3740 3539 10228 3713 3514 10229 3738 3538 10230 3737 3537 10231 3731 3532 10232 3731 3532 10233 3734 3531 10234 3738 3538 10235 3744 3326 10236 3741 3326 10237 3742 3326 10238 3742 3541 10239 3743 3541 10240 3744 3541 10241 3748 3542 10242 3745 3542 10243 3746 3542 10244 3746 3326 10245 3747 3326 10246 3748 3326 10247 3752 3543 10248 3749 3543 10249 3750 3543 10250 3750 3326 10251 3751 3326 10252 3752 3326 10253 3754 3326 10254 3753 3326 10255 3749 3326 10256 3749 3326 10257 3752 3326 10258 3754 3326 10259 3747 3326 10260 3746 3326 10261 3755 3326 10262 3755 3326 10263 3756 3326 10264 3747 3326 10265 3751 3326 10266 3750 3326 10267 3757 3326 10268 3757 3544 10269 3758 3544 10270 3751 3544 10271 3760 3326 10272 3759 3326 10273 3753 3326 10274 3753 3326 10275 3754 3326 10276 3760 3326 10277 3762 3326 10278 3761 3326 10279 3741 3326 10280 3741 3545 10281 3744 3545 10282 3762 3545 10283 3766 3326 10284 3763 3326 10285 3764 3326 10286 3764 3546 10287 3765 3546 10288 3766 3546 10289 3768 3326 10290 3767 3326 10291 3763 3326 10292 3763 3547 10293 3766 3547 10294 3768 3547 10295 3758 3326 10296 3757 3326 10297 3769 3326 10298 3769 3548 10299 3770 3548 10300 3758 3548 10301 3772 3326 10302 3771 3326 10303 3745 3326 10304 3745 3549 10305 3748 3549 10306 3772 3549 10307 3770 3326 10308 3769 3326 10309 3771 3326 10310 3771 3550 10311 3772 3550 10312 3770 3550 10313 3756 3326 10314 3755 3326 10315 3773 3326 10316 3773 3326 10317 3774 3326 10318 3756 3326 10319 3774 3551 10320 3773 3551 10321 3767 3551 10322 3767 3326 10323 3768 3326 10324 3774 3326 10325 3743 3552 10326 3742 3552 10327 3759 3552 10328 3759 3326 10329 3760 3326 10330 3743 3326 10331 3778 3553 10332 3775 3554 10333 3776 3555 10334 3776 3555 10335 3777 3556 10336 3778 3553 10337 3782 3557 10338 3779 3558 10339 3780 3559 10340 3780 3559 10341 3781 3560 10342 3782 3557 10343 3777 3556 10344 3776 3555 10345 3779 3558 10346 3779 3558 10347 3782 3557 10348 3777 3556 10349 3786 3561 10350 3783 3562 10351 3784 3563 10352 3784 3563 10353 3785 3564 10354 3786 3561 10355 3785 3564 10356 3784 3563 10357 3787 3565 10358 3787 3565 10359 3788 3566 10360 3785 3564 10361 3792 3567 10362 3789 3568 10363 3790 3569 10364 3790 3569 10365 3791 3570 10366 3792 3567 10367 3794 3571 10368 3793 3572 10369 3789 3568 10370 3789 3568 10371 3792 3567 10372 3794 3571 10373 3781 3560 10374 3780 3559 10375 3795 3573 10376 3795 3573 10377 3796 3574 10378 3781 3560 10379 3800 3575 10380 3797 3576 10381 3798 3577 10382 3798 3577 10383 3799 3578 10384 3800 3575 10385 3802 3579 10386 3801 3580 10387 3797 3576 10388 3797 3576 10389 3800 3575 10390 3802 3579 10391 3796 3574 10392 3795 3573 10393 3783 3562 10394 3783 3562 10395 3786 3561 10396 3796 3574 10397 3799 3578 10398 3798 3577 10399 3775 3554 10400 3775 3554 10401 3778 3553 10402 3799 3578 10403 3791 3570 10404 3790 3569 10405 3801 3580 10406 3801 3580 10407 3802 3579 10408 3791 3570 10409 3804 3581 10410 3803 3582 10411 3793 3572 10412 3793 3572 10413 3794 3571 10414 3804 3581 10415 3808 3583 10416 3805 3584 10417 3806 3585 10418 3806 3585 10419 3807 3586 10420 3808 3583 10421 3788 3566 10422 3787 3565 10423 3805 3584 10424 3805 3584 10425 3808 3583 10426 3788 3566 10427 3812 3587 10428 3809 3588 10429 3810 3589 10430 3810 3589 10431 3811 3590 10432 3812 3587 10433 3815 3591 10434 3813 3592 10435 3814 3593 10436 3814 3593 10437 3809 3588 10438 3815 3591 10439 3819 3594 10440 3816 3595 10441 3817 3596 10442 3817 3596 10443 3818 3597 10444 3819 3594 10445 3809 3588 10446 3814 3593 10447 3820 3598 10448 3820 3598 10449 3810 3589 10450 3809 3588 10451 3821 3599 10452 3815 3591 10453 3809 3588 10454 3809 3588 10455 3812 3587 10456 3821 3599 10457 3823 3600 10458 3819 3594 10459 3818 3597 10460 3818 3597 10461 3822 3601 10462 3823 3600 10463 3827 3602 10464 3824 3603 10465 3825 3604 10466 3825 3604 10467 3826 3605 10468 3827 3602 10469 3828 3606 10470 3821 3599 10471 3812 3587 10472 3812 3587 10473 3824 3603 10474 3828 3606 10475 3830 3607 10476 3823 3600 10477 3822 3601 10478 3822 3601 10479 3829 3608 10480 3830 3607 10481 3834 3609 10482 3831 3610 10483 3832 3611 10484 3832 3611 10485 3833 3612 10486 3834 3609 10487 3835 3613 10488 3828 3606 10489 3824 3603 10490 3824 3603 10491 3827 3602 10492 3835 3613 10493 3837 3614 10494 3830 3607 10495 3829 3608 10496 3829 3608 10497 3836 3615 10498 3837 3614 10499 3839 3616 10500 3834 3609 10501 3833 3612 10502 3833 3612 10503 3838 3617 10504 3839 3616 10505 3841 3618 10506 3840 3619 10507 3831 3610 10508 3831 3610 10509 3834 3609 10510 3841 3618 10511 3843 3620 10512 3837 3614 10513 3836 3615 10514 3836 3615 10515 3842 3621 10516 3843 3620 10517 3845 3622 10518 3839 3616 10519 3838 3617 10520 3838 3617 10521 3844 3623 10522 3845 3622 10523 3846 3624 10524 3841 3618 10525 3834 3609 10526 3834 3609 10527 3839 3616 10528 3846 3624 10529 3850 3625 10530 3847 3626 10531 3848 3627 10532 3848 3627 10533 3849 3628 10534 3850 3625 10535 3852 3629 10536 3845 3622 10537 3844 3623 10538 3844 3623 10539 3851 3630 10540 3852 3629 10541 3853 3631 10542 3846 3624 10543 3839 3616 10544 3839 3616 10545 3845 3622 10546 3853 3631 10547 3855 3632 10548 3850 3625 10549 3849 3628 10550 3849 3628 10551 3854 3633 10552 3855 3632 10553 3857 3634 10554 3852 3629 10555 3851 3630 10556 3851 3630 10557 3856 3635 10558 3857 3634 10559 3858 3636 10560 3853 3631 10561 3845 3622 10562 3845 3622 10563 3852 3629 10564 3858 3636 10565 3860 3637 10566 3855 3632 10567 3854 3633 10568 3854 3633 10569 3859 3638 10570 3860 3637 10571 3862 3639 10572 3857 3634 10573 3856 3635 10574 3856 3635 10575 3861 3640 10576 3862 3639 10577 3863 3641 10578 3858 3636 10579 3852 3629 10580 3852 3629 10581 3857 3634 10582 3863 3641 10583 3865 3642 10584 3860 3637 10585 3859 3638 10586 3859 3638 10587 3864 3643 10588 3865 3642 10589 3867 3644 10590 3862 3639 10591 3861 3640 10592 3861 3640 10593 3866 3645 10594 3867 3644 10595 3868 3646 10596 3863 3641 10597 3857 3634 10598 3857 3634 10599 3862 3639 10600 3868 3646 10601 3870 3647 10602 3865 3642 10603 3864 3643 10604 3864 3643 10605 3869 3648 10606 3870 3647 10607 3872 3649 10608 3867 3644 10609 3866 3645 10610 3866 3645 10611 3871 3650 10612 3872 3649 10613 3873 3651 10614 3868 3646 10615 3862 3639 10616 3862 3639 10617 3867 3644 10618 3873 3651 10619 3875 3652 10620 3870 3647 10621 3869 3648 10622 3869 3648 10623 3874 3653 10624 3875 3652 10625 3877 3654 10626 3872 3649 10627 3871 3650 10628 3871 3650 10629 3876 3655 10630 3877 3654 10631 3878 3656 10632 3873 3651 10633 3867 3644 10634 3867 3644 10635 3872 3649 10636 3878 3656 10637 3880 3657 10638 3875 3652 10639 3874 3653 10640 3874 3653 10641 3879 3658 10642 3880 3657 10643 3882 3659 10644 3877 3654 10645 3876 3655 10646 3876 3655 10647 3881 3660 10648 3882 3659 10649 3883 3661 10650 3878 3656 10651 3872 3649 10652 3872 3649 10653 3877 3654 10654 3883 3661 10655 3885 3662 10656 3880 3657 10657 3879 3658 10658 3879 3658 10659 3884 3663 10660 3885 3662 10661 3887 3664 10662 3882 3659 10663 3881 3660 10664 3881 3660 10665 3886 3665 10666 3887 3664 10667 3888 3666 10668 3883 3661 10669 3877 3654 10670 3877 3654 10671 3882 3659 10672 3888 3666 10673 3890 3667 10674 3885 3662 10675 3884 3663 10676 3884 3663 10677 3889 3668 10678 3890 3667 10679 3891 3669 10680 3888 3666 10681 3882 3659 10682 3882 3659 10683 3887 3664 10684 3891 3669 10685 3893 3670 10686 3890 3667 10687 3889 3668 10688 3889 3668 10689 3892 3671 10690 3893 3670 10691 3824 3603 10692 3812 3587 10693 3811 3590 10694 3811 3590 10695 3825 3604 10696 3824 3603 10697 3813 3592 10698 3891 3669 10699 3887 3664 10700 3887 3664 10701 3814 3593 10702 3813 3592 10703 3816 3595 10704 3893 3670 10705 3892 3671 10706 3892 3671 10707 3817 3596 10708 3816 3595 10709 3814 3593 10710 3887 3664 10711 3886 3665 10712 3886 3665 10713 3820 3598 10714 3814 3593 10715 3886 3665 10716 3881 3660 10717 3894 3672 10718 3894 3672 10719 3895 3673 10720 3886 3665 10721 3881 3660 10722 3876 3655 10723 3896 3674 10724 3896 3674 10725 3894 3672 10726 3881 3660 10727 3876 3655 10728 3871 3650 10729 3897 3675 10730 3897 3675 10731 3896 3674 10732 3876 3655 10733 3871 3650 10734 3866 3645 10735 3898 3676 10736 3898 3676 10737 3897 3675 10738 3871 3650 10739 3866 3645 10740 3861 3640 10741 3899 3677 10742 3899 3677 10743 3898 3676 10744 3866 3645 10745 3861 3640 10746 3856 3635 10747 3900 3678 10748 3900 3678 10749 3899 3677 10750 3861 3640 10751 3856 3635 10752 3851 3630 10753 3901 3679 10754 3901 3679 10755 3900 3678 10756 3856 3635 10757 3851 3630 10758 3844 3623 10759 3902 3680 10760 3902 3680 10761 3901 3679 10762 3851 3630 10763 3844 3623 10764 3838 3617 10765 3903 3681 10766 3903 3681 10767 3902 3680 10768 3844 3623 10769 3838 3617 10770 3833 3612 10771 3904 3682 10772 3904 3682 10773 3903 3681 10774 3838 3617 10775 3833 3612 10776 3832 3611 10777 3905 3683 10778 3905 3683 10779 3904 3682 10780 3833 3612 10781 3826 3605 10782 3825 3604 10783 3906 3684 10784 3906 3684 10785 3907 3685 10786 3826 3605 10787 3825 3604 10788 3811 3590 10789 3908 3686 10790 3908 3686 10791 3906 3684 10792 3825 3604 10793 3811 3590 10794 3810 3589 10795 3909 3687 10796 3909 3687 10797 3908 3686 10798 3811 3590 10799 3810 3589 10800 3820 3598 10801 3910 3688 10802 3910 3688 10803 3909 3687 10804 3810 3589 10805 3820 3598 10806 3886 3665 10807 3895 3673 10808 3895 3673 10809 3910 3688 10810 3820 3598 10811 3895 3673 10812 3894 3672 10813 3911 3689 10814 3911 3689 10815 3912 3690 10816 3895 3673 10817 3894 3672 10818 3896 3674 10819 3913 3691 10820 3913 3691 10821 3911 3689 10822 3894 3672 10823 3896 3674 10824 3897 3675 10825 3914 3692 10826 3914 3692 10827 3913 3691 10828 3896 3674 10829 3897 3675 10830 3898 3676 10831 3915 3693 10832 3915 3693 10833 3914 3692 10834 3897 3675 10835 3898 3676 10836 3899 3677 10837 3916 3694 10838 3916 3694 10839 3915 3693 10840 3898 3676 10841 3899 3677 10842 3900 3678 10843 3917 3695 10844 3917 3695 10845 3916 3694 10846 3899 3677 10847 3900 3678 10848 3901 3679 10849 3918 3696 10850 3918 3696 10851 3917 3695 10852 3900 3678 10853 3901 3679 10854 3902 3680 10855 3919 3697 10856 3919 3697 10857 3918 3696 10858 3901 3679 10859 3902 3680 10860 3903 3681 10861 3920 3698 10862 3920 3698 10863 3919 3697 10864 3902 3680 10865 3903 3681 10866 3904 3682 10867 3921 3699 10868 3921 3699 10869 3920 3698 10870 3903 3681 10871 3904 3682 10872 3905 3683 10873 3922 3700 10874 3922 3700 10875 3921 3699 10876 3904 3682 10877 3907 3685 10878 3906 3684 10879 3923 3701 10880 3923 3701 10881 3924 3702 10882 3907 3685 10883 3906 3684 10884 3908 3686 10885 3925 3703 10886 3925 3703 10887 3923 3701 10888 3906 3684 10889 3908 3686 10890 3909 3687 10891 3926 3704 10892 3926 3704 10893 3925 3703 10894 3908 3686 10895 3909 3687 10896 3910 3688 10897 3927 3705 10898 3927 3705 10899 3926 3704 10900 3909 3687 10901 3910 3688 10902 3895 3673 10903 3912 3690 10904 3912 3690 10905 3927 3705 10906 3910 3688 10907 3912 3690 10908 3911 3689 10909 3928 3706 10910 3928 3706 10911 3929 3707 10912 3912 3690 10913 3911 3689 10914 3913 3691 10915 3930 3708 10916 3930 3708 10917 3928 3706 10918 3911 3689 10919 3913 3691 10920 3914 3692 10921 3931 3709 10922 3931 3709 10923 3930 3708 10924 3913 3691 10925 3914 3692 10926 3915 3693 10927 3932 3710 10928 3932 3710 10929 3931 3709 10930 3914 3692 10931 3915 3693 10932 3916 3694 10933 3933 3711 10934 3933 3711 10935 3932 3710 10936 3915 3693 10937 3916 3694 10938 3917 3695 10939 3934 3712 10940 3934 3712 10941 3933 3711 10942 3916 3694 10943 3917 3695 10944 3918 3696 10945 3935 3713 10946 3935 3713 10947 3934 3712 10948 3917 3695 10949 3918 3696 10950 3919 3697 10951 3936 3714 10952 3936 3714 10953 3935 3713 10954 3918 3696 10955 3919 3697 10956 3920 3698 10957 3937 3715 10958 3937 3715 10959 3936 3714 10960 3919 3697 10961 3920 3698 10962 3921 3699 10963 3938 3716 10964 3938 3716 10965 3937 3715 10966 3920 3698 10967 3921 3699 10968 3922 3700 10969 3939 3717 10970 3939 3717 10971 3938 3716 10972 3921 3699 10973 3924 3702 10974 3923 3701 10975 3940 3718 10976 3940 3718 10977 3941 3719 10978 3924 3702 10979 3923 3701 10980 3925 3703 10981 3942 3720 10982 3942 3720 10983 3940 3718 10984 3923 3701 10985 3925 3703 10986 3926 3704 10987 3943 3721 10988 3943 3721 10989 3942 3720 10990 3925 3703 10991 3926 3704 10992 3927 3705 10993 3944 3722 10994 3944 3722 10995 3943 3721 10996 3926 3704 10997 3927 3705 10998 3912 3690 10999 3929 3707 11000 3929 3707 11001 3944 3722 11002 3927 3705 11003 3948 3723 11004 3945 3724 11005 3946 3725 11006 3946 3725 11007 3947 3726 11008 3948 3723 11009 3945 3724 11010 3949 3727 11011 3950 3728 11012 3950 3728 11013 3946 3725 11014 3945 3724 11015 3949 3727 11016 3951 3729 11017 3952 3730 11018 3952 3730 11019 3950 3728 11020 3949 3727 11021 3951 3729 11022 3953 3731 11023 3954 3732 11024 3954 3732 11025 3952 3730 11026 3951 3729 11027 3953 3731 11028 3955 3733 11029 3956 3734 11030 3956 3734 11031 3954 3732 11032 3953 3731 11033 3955 3733 11034 3957 3735 11035 3958 3736 11036 3958 3736 11037 3956 3734 11038 3955 3733 11039 3957 3735 11040 3959 3737 11041 3960 3738 11042 3960 3738 11043 3958 3736 11044 3957 3735 11045 3959 3737 11046 3961 3739 11047 3962 3740 11048 3962 3740 11049 3960 3738 11050 3959 3737 11051 3961 3739 11052 3963 3741 11053 3964 3742 11054 3964 3742 11055 3962 3740 11056 3961 3739 11057 3963 3741 11058 3965 3743 11059 3966 3744 11060 3966 3744 11061 3964 3742 11062 3963 3741 11063 3965 3743 11064 3967 3745 11065 3968 3746 11066 3968 3746 11067 3966 3744 11068 3965 3743 11069 3967 3745 11070 3969 3747 11071 3970 3748 11072 3970 3748 11073 3968 3746 11074 3967 3745 11075 3974 3749 11076 3971 3750 11077 3972 3751 11078 3972 3751 11079 3973 3752 11080 3974 3749 11081 3971 3750 11082 3975 3753 11083 3976 3754 11084 3976 3754 11085 3972 3751 11086 3971 3750 11087 3975 3753 11088 3977 3755 11089 3978 3756 11090 3978 3756 11091 3976 3754 11092 3975 3753 11093 3977 3755 11094 3948 3723 11095 3947 3726 11096 3947 3726 11097 3978 3756 11098 3977 3755 11099 3947 3726 11100 3946 3725 11101 3891 3669 11102 3891 3669 11103 3813 3592 11104 3947 3726 11105 3946 3725 11106 3950 3728 11107 3888 3666 11108 3888 3666 11109 3891 3669 11110 3946 3725 11111 3950 3728 11112 3952 3730 11113 3883 3661 11114 3883 3661 11115 3888 3666 11116 3950 3728 11117 3952 3730 11118 3954 3732 11119 3878 3656 11120 3878 3656 11121 3883 3661 11122 3952 3730 11123 3954 3732 11124 3956 3734 11125 3873 3651 11126 3873 3651 11127 3878 3656 11128 3954 3732 11129 3956 3734 11130 3958 3736 11131 3868 3646 11132 3868 3646 11133 3873 3651 11134 3956 3734 11135 3958 3736 11136 3960 3738 11137 3863 3641 11138 3863 3641 11139 3868 3646 11140 3958 3736 11141 3960 3738 11142 3962 3740 11143 3858 3636 11144 3858 3636 11145 3863 3641 11146 3960 3738 11147 3962 3740 11148 3964 3742 11149 3853 3631 11150 3853 3631 11151 3858 3636 11152 3962 3740 11153 3964 3742 11154 3966 3744 11155 3846 3624 11156 3846 3624 11157 3853 3631 11158 3964 3742 11159 3966 3744 11160 3968 3746 11161 3841 3618 11162 3841 3618 11163 3846 3624 11164 3966 3744 11165 3968 3746 11166 3970 3748 11167 3840 3619 11168 3840 3619 11169 3841 3618 11170 3968 3746 11171 3973 3752 11172 3972 3751 11173 3828 3606 11174 3828 3606 11175 3835 3613 11176 3973 3752 11177 3972 3751 11178 3976 3754 11179 3821 3599 11180 3821 3599 11181 3828 3606 11182 3972 3751 11183 3976 3754 11184 3978 3756 11185 3815 3591 11186 3815 3591 11187 3821 3599 11188 3976 3754 11189 3978 3756 11190 3947 3726 11191 3813 3592 11192 3813 3592 11193 3815 3591 11194 3978 3756 11195 4029 3757 11196 4030 3758 11197 4028 3759 11198 4030 3758 11199 4029 3757 11200 4066 3760 11201 4032 3761 11202 4031 3762 11203 4105 3763 11204 4031 3762 11205 4032 3761 11206 4028 3759 11207 4028 3759 11208 4033 3764 11209 4031 3762 11210 4033 3764 11211 4028 3759 11212 4030 3758 11213 4034 3765 11214 4028 3759 11215 4032 3761 11216 4028 3759 11217 4034 3765 11218 4029 3757 11219 3980 3766 11220 3981 3767 11221 3979 3768 11222 3981 3767 11223 3980 3766 11224 4035 3769 11225 3982 3770 11226 4029 3757 11227 4034 3765 11228 4029 3757 11229 3982 3770 11230 3979 3768 11231 3984 3771 11232 3983 3772 11233 4114 3773 11234 3983 3772 11235 3984 3771 11236 3985 3774 11237 3986 3775 11238 3979 3768 11239 3982 3770 11240 3979 3768 11241 3986 3775 11242 3980 3766 11243 4036 3776 11244 3985 3774 11245 3984 3771 11246 3985 3774 11247 4036 3776 11248 4037 3777 11249 3988 3778 11250 4114 3773 11251 3987 3779 11252 4114 3773 11253 3988 3778 11254 3984 3771 11255 4097 3780 11256 4037 3777 11257 4036 3776 11258 4037 3777 11259 4097 3780 11260 4096 3781 11261 4038 3782 11262 3984 3771 11263 3988 3778 11264 3984 3771 11265 4038 3782 11266 4036 3776 11267 4081 3783 11268 4096 3781 11269 4097 3780 11270 4096 3781 11271 4081 3783 11272 4080 3784 11273 4106 3785 11274 4036 3776 11275 4038 3782 11276 4036 3776 11277 4106 3785 11278 4097 3780 11279 3990 3786 11280 4080 3784 11281 4081 3783 11282 4080 3784 11283 3990 3786 11284 3989 3787 11285 4067 3788 11286 4097 3780 11287 4106 3785 11288 4097 3780 11289 4067 3788 11290 4081 3783 11291 3991 3789 11292 3989 3787 11293 3990 3786 11294 3989 3787 11295 3991 3789 11296 3992 3790 11297 4039 3791 11298 4081 3783 11299 4067 3788 11300 4081 3783 11301 4039 3791 11302 3990 3786 11303 4069 3792 11304 3992 3790 11305 3991 3789 11306 3992 3790 11307 4069 3792 11308 4068 3793 11309 4040 3794 11310 3990 3786 11311 4039 3791 11312 3990 3786 11313 4040 3794 11314 3991 3789 11315 3993 3795 11316 4068 3793 11317 4069 3792 11318 4068 3793 11319 3993 3795 11320 4070 3796 11321 4041 3797 11322 3991 3789 11323 4040 3794 11324 3991 3789 11325 4041 3797 11326 4069 3792 11327 3994 3798 11328 4070 3796 11329 3993 3795 11330 4070 3796 11331 3994 3798 11332 4098 3799 11333 3995 3800 11334 4069 3792 11335 4041 3797 11336 4069 3792 11337 3995 3800 11338 3993 3795 11339 4043 3801 11340 4098 3799 11341 3994 3798 11342 4098 3799 11343 4043 3801 11344 4042 3802 11345 3996 3803 11346 3993 3795 11347 3995 3800 11348 3993 3795 11349 3996 3803 11350 3994 3798 11351 4044 3804 11352 4042 3802 11353 4043 3801 11354 4042 3802 11355 4044 3804 11356 4045 3805 11357 3997 3806 11358 3994 3798 11359 3996 3803 11360 3994 3798 11361 3997 3806 11362 4043 3801 11363 3998 3807 11364 4043 3801 11365 3997 3806 11366 4043 3801 11367 3998 3807 11368 4044 3804 11369 3979 3768 11370 4066 3760 11371 4029 3757 11372 4066 3760 11373 3979 3768 11374 3981 3767 11375 4105 3763 11376 4044 3804 11377 3998 3807 11378 4044 3804 11379 4105 3763 11380 4031 3762 11381 4031 3762 11382 4045 3805 11383 4044 3804 11384 4045 3805 11385 4031 3762 11386 4033 3764 11387 4045 3805 11388 4046 3808 11389 4042 3802 11390 4046 3808 11391 4045 3805 11392 4100 3809 11393 4042 3802 11394 3999 3810 11395 4098 3799 11396 3999 3810 11397 4042 3802 11398 4046 3808 11399 4098 3799 11400 4000 3811 11401 4070 3796 11402 4000 3811 11403 4098 3799 11404 3999 3810 11405 4070 3796 11406 4047 3812 11407 4068 3793 11408 4047 3812 11409 4070 3796 11410 4000 3811 11411 4068 3793 11412 4071 3813 11413 3992 3790 11414 4071 3813 11415 4068 3793 11416 4047 3812 11417 3992 3790 11418 4001 3814 11419 3989 3787 11420 4001 3814 11421 3992 3790 11422 4071 3813 11423 3989 3787 11424 4002 3815 11425 4080 3784 11426 4002 3815 11427 3989 3787 11428 4001 3814 11429 4080 3784 11430 4082 3816 11431 4096 3781 11432 4082 3816 11433 4080 3784 11434 4002 3815 11435 4096 3781 11436 4099 3817 11437 4037 3777 11438 4099 3817 11439 4096 3781 11440 4082 3816 11441 4037 3777 11442 4004 3818 11443 3985 3774 11444 4004 3818 11445 4037 3777 11446 4099 3817 11447 3985 3774 11448 4003 3819 11449 3983 3772 11450 4003 3819 11451 3985 3774 11452 4004 3818 11453 4035 3769 11454 4048 3820 11455 3981 3767 11456 4048 3820 11457 4035 3769 11458 4072 3821 11459 3981 3767 11460 4049 3822 11461 4066 3760 11462 4049 3822 11463 3981 3767 11464 4048 3820 11465 4066 3760 11466 4073 3823 11467 4030 3758 11468 4073 3823 11469 4066 3760 11470 4049 3822 11471 4030 3758 11472 4074 3824 11473 4033 3764 11474 4074 3824 11475 4030 3758 11476 4073 3823 11477 4033 3764 11478 4100 3809 11479 4045 3805 11480 4100 3809 11481 4033 3764 11482 4074 3824 11483 4100 3809 11484 4113 3825 11485 4046 3808 11486 4113 3825 11487 4100 3809 11488 4010 3826 11489 4046 3808 11490 4005 3827 11491 3999 3810 11492 4005 3827 11493 4046 3808 11494 4113 3825 11495 3999 3810 11496 4006 3828 11497 4000 3811 11498 4006 3828 11499 3999 3810 11500 4005 3827 11501 4000 3811 11502 4050 3829 11503 4047 3812 11504 4050 3829 11505 4000 3811 11506 4006 3828 11507 4047 3812 11508 4075 3830 11509 4071 3813 11510 4075 3830 11511 4047 3812 11512 4050 3829 11513 4071 3813 11514 4083 3831 11515 4001 3814 11516 4083 3831 11517 4071 3813 11518 4075 3830 11519 4001 3814 11520 4101 3832 11521 4002 3815 11522 4101 3832 11523 4001 3814 11524 4083 3831 11525 4002 3815 11526 4107 3833 11527 4082 3816 11528 4107 3833 11529 4002 3815 11530 4101 3832 11531 4082 3816 11532 4008 3834 11533 4099 3817 11534 4008 3834 11535 4082 3816 11536 4107 3833 11537 4099 3817 11538 4007 3835 11539 4004 3818 11540 4007 3835 11541 4099 3817 11542 4008 3834 11543 4004 3818 11544 4009 3836 11545 4003 3819 11546 4009 3836 11547 4004 3818 11548 4007 3835 11549 4072 3821 11550 4076 3837 11551 4048 3820 11552 4076 3837 11553 4072 3821 11554 4084 3838 11555 4048 3820 11556 4077 3839 11557 4049 3822 11558 4077 3839 11559 4048 3820 11560 4076 3837 11561 4049 3822 11562 4102 3840 11563 4073 3823 11564 4102 3840 11565 4049 3822 11566 4077 3839 11567 4073 3823 11568 4011 3841 11569 4074 3824 11570 4011 3841 11571 4073 3823 11572 4102 3840 11573 4074 3824 11574 4010 3826 11575 4100 3809 11576 4010 3826 11577 4074 3824 11578 4011 3841 11579 4010 3826 11580 4012 3842 11581 4113 3825 11582 4012 3842 11583 4010 3826 11584 4013 3843 11585 4113 3825 11586 4014 3844 11587 4005 3827 11588 4014 3844 11589 4113 3825 11590 4012 3842 11591 4005 3827 11592 4051 3845 11593 4006 3828 11594 4051 3845 11595 4005 3827 11596 4014 3844 11597 4006 3828 11598 4078 3846 11599 4050 3829 11600 4078 3846 11601 4006 3828 11602 4051 3845 11603 4050 3829 11604 4085 3847 11605 4075 3830 11606 4085 3847 11607 4050 3829 11608 4078 3846 11609 4075 3830 11610 4103 3848 11611 4083 3831 11612 4103 3848 11613 4075 3830 11614 4085 3847 11615 4083 3831 11616 4108 3849 11617 4101 3832 11618 4108 3849 11619 4083 3831 11620 4103 3848 11621 4101 3832 11622 4016 3850 11623 4107 3833 11624 4016 3850 11625 4101 3832 11626 4108 3849 11627 4107 3833 11628 4015 3851 11629 4008 3834 11630 4015 3851 11631 4107 3833 11632 4016 3850 11633 4008 3834 11634 4017 3852 11635 4007 3835 11636 4017 3852 11637 4008 3834 11638 4015 3851 11639 4007 3835 11640 4052 3853 11641 4009 3836 11642 4052 3853 11643 4007 3835 11644 4017 3852 11645 4084 3838 11646 4086 3854 11647 4076 3837 11648 4086 3854 11649 4084 3838 11650 4104 3855 11651 4076 3837 11652 4087 3856 11653 4077 3839 11654 4087 3856 11655 4076 3837 11656 4086 3854 11657 4077 3839 11658 4109 3857 11659 4102 3840 11660 4109 3857 11661 4077 3839 11662 4087 3856 11663 4102 3840 11664 4053 3858 11665 4011 3841 11666 4053 3858 11667 4102 3840 11668 4109 3857 11669 4011 3841 11670 4013 3843 11671 4010 3826 11672 4013 3843 11673 4011 3841 11674 4053 3858 11675 4055 3859 11676 4026 3860 11677 4054 3861 11678 4026 3860 11679 4055 3859 11680 4079 3862 11681 4054 3861 11682 4027 3863 11683 4056 3864 11684 4027 3863 11685 4054 3861 11686 4026 3860 11687 4056 3864 11688 4018 3865 11689 4110 3866 11690 4018 3865 11691 4056 3864 11692 4027 3863 11693 4110 3866 11694 4019 3867 11695 4057 3868 11696 4019 3867 11697 4110 3866 11698 4018 3865 11699 4057 3868 11700 4058 3869 11701 4059 3870 11702 4058 3869 11703 4057 3868 11704 4019 3867 11705 4059 3870 11706 4088 3871 11707 4089 3872 11708 4088 3871 11709 4059 3870 11710 4058 3869 11711 4089 3872 11712 4020 3873 11713 4111 3874 11714 4020 3873 11715 4089 3872 11716 4088 3871 11717 4111 3874 11718 4021 3875 11719 4060 3876 11720 4021 3875 11721 4111 3874 11722 4020 3873 11723 4060 3876 11724 4061 3877 11725 4062 3878 11726 4061 3877 11727 4060 3876 11728 4021 3875 11729 4062 3878 11730 4065 3879 11731 4090 3880 11732 4065 3879 11733 4062 3878 11734 4061 3877 11735 4090 3880 11736 4022 3881 11737 4112 3882 11738 4022 3881 11739 4090 3880 11740 4065 3879 11741 4112 3882 11742 4023 3883 11743 4063 3884 11744 4023 3883 11745 4112 3882 11746 4022 3881 11747 4092 3885 11748 4093 3886 11749 4091 3887 11750 4093 3886 11751 4092 3885 11752 4095 3888 11753 4091 3887 11754 4024 3889 11755 4094 3890 11756 4024 3889 11757 4091 3887 11758 4093 3886 11759 4094 3890 11760 4025 3891 11761 4064 3892 11762 4025 3891 11763 4094 3890 11764 4024 3889 11765 4064 3892 11766 4079 3862 11767 4055 3859 11768 4079 3862 11769 4064 3892 11770 4025 3891 11771 4079 3862 11772 3998 3807 11773 4026 3860 11774 3998 3807 11775 4079 3862 11776 4105 3763 11777 4026 3860 11778 3997 3806 11779 4027 3863 11780 3997 3806 11781 4026 3860 11782 3998 3807 11783 4027 3863 11784 3996 3803 11785 4018 3865 11786 3996 3803 11787 4027 3863 11788 3997 3806 11789 4018 3865 11790 3995 3800 11791 4019 3867 11792 3995 3800 11793 4018 3865 11794 3996 3803 11795 4019 3867 11796 4041 3797 11797 4058 3869 11798 4041 3797 11799 4019 3867 11800 3995 3800 11801 4058 3869 11802 4040 3794 11803 4088 3871 11804 4040 3794 11805 4058 3869 11806 4041 3797 11807 4088 3871 11808 4039 3791 11809 4020 3873 11810 4039 3791 11811 4088 3871 11812 4040 3794 11813 4020 3873 11814 4067 3788 11815 4021 3875 11816 4067 3788 11817 4020 3873 11818 4039 3791 11819 4021 3875 11820 4106 3785 11821 4061 3877 11822 4106 3785 11823 4021 3875 11824 4067 3788 11825 4061 3877 11826 4038 3782 11827 4065 3879 11828 4038 3782 11829 4061 3877 11830 4106 3785 11831 4065 3879 11832 3988 3778 11833 4022 3881 11834 3988 3778 11835 4065 3879 11836 4038 3782 11837 4022 3881 11838 3987 3779 11839 4023 3883 11840 3987 3779 11841 4022 3881 11842 3988 3778 11843 4095 3888 11844 3982 3770 11845 4093 3886 11846 3982 3770 11847 4095 3888 11848 3986 3775 11849 4093 3886 11850 4034 3765 11851 4024 3889 11852 4034 3765 11853 4093 3886 11854 3982 3770 11855 4024 3889 11856 4032 3761 11857 4025 3891 11858 4032 3761 11859 4024 3889 11860 4034 3765 11861 4025 3891 11862 4105 3763 11863 4079 3862 11864 4105 3763 11865 4025 3891 11866 4032 3761 11867 4090 3880 11868 3967 3745 11869 3965 3743 11870 4114 3773 11871 3832 3611 11872 3831 3610 11873 4063 3884 11874 3970 3748 11875 3969 3747 11876 3924 3702 11877 4072 3821 11878 3907 3685 11879 3922 3700 11880 4052 3853 11881 3939 3717 11882 3938 3716 11883 4015 3851 11884 3937 3715 11885 4092 3885 11886 3971 3750 11887 3974 3749 11888 3959 3737 11889 4060 3876 11890 3961 3739 11891 3973 3752 11892 4092 3885 11893 3974 3749 11894 4103 3848 11895 3933 3711 11896 3934 3712 11897 3939 3717 11898 4017 3852 11899 3938 3716 11900 3907 3685 11901 4035 3769 11902 3826 3605 11903 3987 3779 11904 3831 3610 11905 3840 3619 11906 4013 3843 11907 3944 3722 11908 3929 3707 11909 3827 3602 11910 3986 3775 11911 3835 3613 11912 3932 3710 11913 4051 3845 11914 3931 3709 11915 3948 3723 11916 4054 3861 11917 3945 3724 11918 3971 3750 11919 4094 3890 11920 3975 3753 11921 4112 3882 11922 3969 3747 11923 3967 3745 11924 3936 3714 11925 4108 3849 11926 3935 3713 11927 4023 3883 11928 3840 3619 11929 3970 3748 11930 4012 3842 11931 3929 3707 11932 3928 3706 11933 3977 3755 11934 4055 3859 11935 3948 3723 11936 3935 3713 11937 4103 3848 11938 3934 3712 11939 3945 3724 11940 4056 3864 11941 3949 3727 11942 3826 3605 11943 3980 3766 11944 3827 3602 11945 3930 3708 11946 4012 3842 11947 3928 3706 11948 3975 3753 11949 4064 3892 11950 3977 3755 11951 4053 3858 11952 3943 3721 11953 3944 3722 11954 4056 3864 11955 3951 3729 11956 3949 3727 11957 3933 3711 11958 4078 3846 11959 3932 3710 11960 4109 3857 11961 3942 3720 11962 3943 3721 11963 3937 3715 11964 4016 3850 11965 3936 3714 11966 4003 3819 11967 3922 3700 11968 3905 3683 11969 3983 3772 11970 3905 3683 11971 3832 3611 11972 4057 3868 11973 3955 3733 11974 3953 3731 11975 4059 3870 11976 3957 3735 11977 3955 3733 11978 3957 3735 11979 4111 3874 11980 3959 3737 11981 3940 3718 11982 4104 3855 11983 3941 3719 11984 3835 3613 11985 4095 3888 11986 3973 3752 11987 4110 3866 11988 3953 3731 11989 3951 3729 11990 4104 3855 11991 3924 3702 11992 3941 3719 11993 3931 3709 11994 4014 3844 11995 3930 3708 11996 4087 3856 11997 3940 3718 11998 3942 3720 11999 4060 3876 12000 3963 3741 12001 3961 3739 12002 4062 3878 12003 3965 3743 12004 3963 3741 12005 4090 3880 12006 4112 3882 12007 3967 3745 12008 4114 3773 12009 3983 3772 12010 3832 3611 12011 4063 3884 12012 4023 3883 12013 3970 3748 12014 3924 3702 12015 4084 3838 12016 4072 3821 12017 3922 3700 12018 4009 3836 12019 4052 3853 12020 3938 3716 12021 4017 3852 12022 4015 3851 12023 4092 3885 12024 4091 3887 12025 3971 3750 12026 3959 3737 12027 4111 3874 12028 4060 3876 12029 3973 3752 12030 4095 3888 12031 4092 3885 12032 4103 3848 12033 4085 3847 12034 3933 3711 12035 3939 3717 12036 4052 3853 12037 4017 3852 12038 3907 3685 12039 4072 3821 12040 4035 3769 12041 3987 3779 12042 4114 3773 12043 3831 3610 12044 4013 3843 12045 4053 3858 12046 3944 3722 12047 3827 3602 12048 3980 3766 12049 3986 3775 12050 3932 3710 12051 4078 3846 12052 4051 3845 12053 3948 3723 12054 4055 3859 12055 4054 3861 12056 3971 3750 12057 4091 3887 12058 4094 3890 12059 4112 3882 12060 4063 3884 12061 3969 3747 12062 3936 3714 12063 4016 3850 12064 4108 3849 12065 4023 3883 12066 3987 3779 12067 3840 3619 12068 4012 3842 12069 4013 3843 12070 3929 3707 12071 3977 3755 12072 4064 3892 12073 4055 3859 12074 3935 3713 12075 4108 3849 12076 4103 3848 12077 3945 3724 12078 4054 3861 12079 4056 3864 12080 3826 3605 12081 4035 3769 12082 3980 3766 12083 3930 3708 12084 4014 3844 12085 4012 3842 12086 3975 3753 12087 4094 3890 12088 4064 3892 12089 4053 3858 12090 4109 3857 12091 3943 3721 12092 4056 3864 12093 4110 3866 12094 3951 3729 12095 3933 3711 12096 4085 3847 12097 4078 3846 12098 4109 3857 12099 4087 3856 12100 3942 3720 12101 3937 3715 12102 4015 3851 12103 4016 3850 12104 4003 3819 12105 4009 3836 12106 3922 3700 12107 3983 3772 12108 4003 3819 12109 3905 3683 12110 4057 3868 12111 4059 3870 12112 3955 3733 12113 4059 3870 12114 4089 3872 12115 3957 3735 12116 3957 3735 12117 4089 3872 12118 4111 3874 12119 3940 3718 12120 4086 3854 12121 4104 3855 12122 3835 3613 12123 3986 3775 12124 4095 3888 12125 4110 3866 12126 4057 3868 12127 3953 3731 12128 4104 3855 12129 4084 3838 12130 3924 3702 12131 3931 3709 12132 4051 3845 12133 4014 3844 12134 4087 3856 12135 4086 3854 12136 3940 3718 12137 4060 3876 12138 4062 3878 12139 3963 3741 12140 4062 3878 12141 4090 3880 12142 3965 3743 12143</p>
        </triangles>
      </mesh>
    </geometry>
  </library_geometries>
  <library_visual_scenes>
    <visual_scene id="Scene" name="Scene">
      <node id="floor_lamp" name="floor_lamp" type="NODE">
        <matrix sid="transform">1 0 0 0 0 7.54979e-8 -1 0 0 1 7.54979e-8 0 0 0 0 1</matrix>
        <instance_geometry url="#meshId0_name-mesh" name="floor_lamp">
          <bind_material>
            <technique_common>
              <instance_material symbol="DefaultMaterial-material" target="#DefaultMaterial-material">
                <bind_vertex_input semantic="meshId0-tex0" input_semantic="TEXCOORD" input_set="0"/>
              </instance_material>
            </technique_common>
          </bind_material>
        </instance_geometry>
      </node>
    </visual_scene>
  </library_visual_scenes>
  <scene>
    <instance_visual_scene url="#Scene"/>
  </scene>
</COLLADA>